bvid,pubdate,duration,title
BV1Vm4y1j7X2,2023-07-25,433:39,【女流66】直播回放2023-07-25
BV1NW4y1o7nh,2023-07-24,292:02,【女流66】直播回放2023-07-24
BV1yj411R7Q2,2023-07-24,425:18,【女流66】直播回放2023-07-24
BV16N411e7fQ,2023-07-23,148:24,【女流66】直播回放2023-07-24
BV1o94y1e7gF,2023-07-23,530:40,【女流66】直播回放2023-07-23
BV1qu4y1U7A8,2023-07-22,117:04,【女流66】直播回放2023-07-22
BV1bh4y127Pu,2023-07-22,95:29,【女流66】直播回放2023-07-22
BV1eM4y1p73N,2023-07-22,489:51,【女流66】直播回放2023-07-22
BV14V411K75p,2023-07-21,180:44,【女流66】直播回放2023-07-21
BV1Hm4y177JF,2023-07-20,423:50,【女流66】直播回放2023-07-20
BV1NW4y1o71K,2023-07-19,292:33,【女流66】直播回放2023-07-19
BV1b94y1i7Fj,2023-07-16,260:56,【女流66】直播回放2023-07-16
BV1RX4y1a72P,2023-07-15,283:22,【女流66】直播回放2023-07-15
BV1R14y1X7aq,2023-07-14,423:12,【女流66】直播回放2023-07-14
BV1994y1B7gu,2023-07-13,517:33,【女流66】直播回放2023-07-13
BV1kj411Z7jC,2023-07-12,477:41,【女流66】直播回放2023-07-12
BV1p94y1B7qA,2023-07-11,142:04,【女流66】直播回放2023-07-11
BV1EP411y72W,2023-07-11,275:20,【女流66】直播回放2023-07-11
BV1GN411U7zV,2023-07-10,209:02,【女流66】直播回放2023-07-10
BV1o14y1R7gx,2023-07-10,238:18,【女流66】直播回放2023-07-10
BV1kj411U7qt,2023-07-08,191:12,【女流66】直播回放2023-07-08
BV1ia4y1F7tF,2023-07-08,262:14,【女流66】直播回放2023-07-08
BV1Xa4y1F71N,2023-07-07,141:43,【女流66】直播回放2023-07-07
BV1Fh411P7aE,2023-07-07,306:10,【女流66】直播回放2023-07-07
BV1Wj411U7aa,2023-07-06,267:22,【女流66】直播回放2023-07-06
BV1js4y167Yg,2023-07-05,95:39,【女流66】直播回放2023-07-05
BV1fW4y1Z7bW,2023-07-05,328:50,【女流66】直播回放2023-07-05
BV1fW4y1Z7iT,2023-07-04,224:07,【女流66】直播回放2023-07-04
BV1Bg4y1A7Sk,2023-07-02,521:32,【女流66】直播回放2023-07-02
BV1614y1d7Rh,2023-07-01,324:53,【女流66】直播回放2023-07-01
BV1GP411e7Yb,2023-06-30,173:00,【女流66】直播回放2023-06-30
BV1nV411g78c,2023-06-30,84:54,【女流66】直播回放2023-06-30
BV1DF411d7fR,2023-06-29,230:41,【女流66】直播回放2023-06-29
BV1ym4y1a7VE,2023-06-28,452:57,【女流66】直播回放2023-06-28
BV1Hh4y1M7Au,2023-06-27,431:53,【女流66】直播回放2023-06-27
BV1Qs4y1C7hj,2023-06-26,286:17,【女流66】直播回放2023-06-26
BV1tz4y1H7q4,2023-06-25,327:52,【女流66】直播回放2023-06-25
BV1yz4y1H7AD,2023-06-24,351:35,【女流66】直播回放2023-06-24
BV11k4y1M7TJ,2023-06-23,348:02,【女流66】直播回放2023-06-23
BV1ao4y1P7Bd,2023-06-22,376:47,【女流66】直播回放2023-06-22
BV1dj411D7k8,2023-06-21,256:41,【女流66】直播回放2023-06-21
BV12o4y1P747,2023-06-20,527:11,【女流66】直播回放2023-06-20
BV1bj411D74n,2023-06-19,537:48,【女流66】直播回放2023-06-19
BV1Wa4y1w7QZ,2023-06-18,389:43,【女流66】直播回放2023-06-18
BV1ju411a7Wa,2023-06-17,385:41,【女流66】直播回放2023-06-17
BV1UM4y1J7jm,2023-06-16,107:45,【女流66】直播回放2023-06-16
BV15c411M7C8,2023-06-16,253:54,【女流66】直播回放2023-06-16
BV1bj411X7ZT,2023-06-14,287:19,【女流66】直播回放2023-06-14
BV19P411B7yf,2023-06-13,450:24,【女流66】直播回放2023-06-13
BV1Fu4y1o7VW,2023-06-12,317:59,【女流66】直播回放2023-06-12
BV1qV4y1m7uN,2023-06-11,351:10,【女流66】直播回放2023-06-11
BV1nm4y1q7mh,2023-06-10,230:28,【女流66】直播回放2023-06-10
BV1Go4y1T7fh,2023-06-09,338:22,【女流66】直播回放2023-06-09
BV1Jk4y1p7QJ,2023-06-08,349:59,【女流66】直播回放2023-06-08
BV1Uz4y1v7R1,2023-06-07,277:54,【女流66】直播回放2023-06-07
BV1wN411k7P1,2023-06-07,338:46,【女流66】直播回放2023-06-07
BV1qm4y1i7zW,2023-06-05,274:52,【女流66】直播回放2023-06-05
BV1VV4y1U7on,2023-06-02,537:14,【女流66】直播回放2023-06-02
BV1ao4y1u7W4,2023-06-02,622:45,【女流66】直播回放2023-06-01
BV1Du411p7ka,2023-05-31,540:34,【女流66】直播回放2023-05-31
BV1B24y1A7Zr,2023-05-30,529:10,【女流66】直播回放2023-05-30
BV1wm4y1478f,2023-05-29,524:14,【女流66】直播回放2023-05-29
BV15g4y1F7oK,2023-05-28,444:58,【女流66】直播回放2023-05-28
BV1oM4y1v7h4,2023-05-26,447:15,【女流66】直播回放2023-05-26
BV1jd4y1f7MJ,2023-05-25,409:25,【女流66】直播回放2023-05-25
BV1ih4y1x7Sq,2023-05-23,183:17,【女流66】直播回放2023-05-23
BV1mo4y1G7F9,2023-05-22,533:02,【女流66】直播回放2023-05-22
BV1bd4y1Z7Ny,2023-05-21,44:24,【女流66】直播回放2023-05-21
BV1sL411B7hi,2023-05-20,545:09,【女流66】直播回放2023-05-20
BV15u411x7NW,2023-05-19,364:06,【女流66】直播回放2023-05-19
BV1xk4y1s7qj,2023-05-18,539:10,【女流66】直播回放2023-05-18
BV1nu411x7hc,2023-05-17,546:45,【女流66】直播回放2023-05-17
BV13o4y157Xa,2023-05-16,502:26,【女流66】直播回放2023-05-16
BV1go4y157o9,2023-05-15,50:35,【女流66】直播回放2023-05-15
BV1cm4y187kK,2023-05-15,430:55,【女流66】直播回放2023-05-15
BV1AV4y1k7Sj,2023-05-14,357:54,【女流66】直播回放2023-05-14
BV17o4y1F7wt,2023-05-14,173:50,【女流66】直播回放2023-05-14
BV1hs4y1Q7db,2023-05-13,546:37,【女流66】直播回放2023-05-13
BV1Qh41157kq,2023-05-12,479:34,【女流66】直播回放2023-05-12
BV1QX4y1y7WQ,2023-05-12,57:19,【女流66】直播回放2023-05-12
BV15z4y1a7H5,2023-05-06,259:10,【女流66】直播回放2023-05-06
BV1YL411a7me,2023-05-05,289:07,【女流66】直播回放2023-05-05
BV1Wk4y1j7nS,2023-05-04,302:31,【女流66】直播回放2023-05-04
BV1VX4y1U7Ld,2023-05-03,392:05,【女流66】直播回放2023-05-03
BV1ja4y1G79E,2023-05-01,290:26,【女流66】直播回放2023-05-01
BV1vk4y177d7,2023-04-30,264:31,【女流66】直播回放2023-04-30
BV18o4y1w7xp,2023-04-29,308:55,【女流66】直播回放2023-04-29
BV1hg4y1L7vG,2023-04-28,218:52,【女流66】直播回放2023-04-28
BV1SX4y1m7RY,2023-04-27,238:23,【女流66】直播回放2023-04-27
BV1rh4y1n74j,2023-04-26,352:12,【女流66】直播回放2023-04-26
BV12c411J7xT,2023-04-24,266:51,【女流66】直播回放2023-04-24
BV1Cs4y1A7W6,2023-04-23,315:27,【女流66】直播回放2023-04-23
BV18s4y1A7GN,2023-04-22,265:09,【女流66】直播回放2023-04-22
BV1Ms4y1d7sX,2023-04-20,414:30,【女流66】直播回放2023-04-20
BV15h411E7y8,2023-04-19,242:58,【女流66】直播回放2023-04-19
BV1RM411L71X,2023-04-18,259:52,【女流66】直播回放2023-04-18
BV1Eo4y1E7CE,2023-04-16,249:09,【女流66】直播回放2023-04-16
BV1r54y1F773,2023-04-14,320:41,【女流66】直播回放2023-04-14
BV1vc411p7gT,2023-04-12,358:31,【女流66】直播回放2023-04-12
BV1oX4y167aY,2023-04-11,526:11,【女流66】直播回放2023-04-11
BV1uM4y127e5,2023-04-10,364:59,【女流66】直播回放2023-04-10
BV1Ug4y1M7uQ,2023-04-09,437:27,【女流66】直播回放2023-04-09
BV1pa4y1T7iw,2023-04-08,198:35,【女流66】直播回放2023-04-08
BV1ys4y1N798,2023-04-08,173:27,【女流66】直播回放2023-04-08
BV1cg4y137PY,2023-04-06,42:23,【女流66】直播回放2023-04-06
BV1fV4y1f74F,2023-04-06,325:56,【女流66】直播回放2023-04-06
BV1wM4y1m7Xj,2023-04-04,290:22,【女流66】直播回放2023-04-04
BV1kN411A7Ms,2023-04-03,325:48,【女流66】直播回放2023-04-03
BV1km4y1z7g6,2023-04-02,225:16,【女流66】直播回放2023-04-02
BV1bg4y1G7ny,2023-04-02,02:22,【女流66】直播回放2023-04-02
BV1fM411K7Mi,2023-04-01,345:57,【女流66】直播回放2023-04-01
BV1oX4y1R7Pu,2023-03-29,260:05,【女流66】直播回放2023-03-29
BV1QT411q7vE,2023-03-29,470:07,【女流66】直播回放2023-03-29
BV1LY4y1S72A,2023-03-26,407:35,【女流66】直播回放2023-03-26
BV11m4y167a8,2023-03-25,364:13,【女流66】直播回放2023-03-25
BV1pc411L7hc,2023-03-24,333:18,【女流66】直播回放2023-03-24
BV19s4y1n7NY,2023-03-21,310:00,【女流66】直播回放2023-03-22
BV1ms4y1H7qK,2023-03-19,84:50,【女流66】直播回放2023-03-19
BV1jX4y1Z7so,2023-03-19,27:17,【女流66】直播回放2023-03-19
BV1q24y1x7su,2023-03-19,77:08,【女流66】直播回放2023-03-19
BV1TL411d7p2,2023-03-18,303:31,【女流66】直播回放2023-03-18
BV1nT411k7M9,2023-03-17,274:53,【女流66】直播回放2023-03-17
BV1mL411k7Bf,2023-03-16,28:26,【女流66】直播回放2023-03-16
BV1jv4y1L7XN,2023-03-15,415:52,【女流66】直播回放2023-03-15
BV1bo4y1B77D,2023-03-14,149:51,【女流66】直播回放2023-03-14
BV1454y1M76m,2023-03-12,378:36,【女流66】直播回放2023-03-12
BV1yT411a7W5,2023-03-11,366:23,【女流66】直播回放2023-03-11
BV1QP411f71a,2023-03-10,352:47,【女流66】直播回放2023-03-10
BV1YM411s77R,2023-03-09,357:32,【女流66】直播回放2023-03-09
BV1uX4y1S78i,2023-03-08,432:09,【女流66】直播回放2023-03-08
BV1zY411B7eN,2023-03-07,303:52,【女流66】直播回放2023-03-07
BV1jY41167fh,2023-03-05,488:01,【女流66】直播回放2023-03-05
BV1QY4y117hX,2023-03-04,473:39,【女流66】直播回放2023-03-04
BV1Q24y187HV,2023-03-03,50:22,【女流66】直播回放2023-03-03
BV1Q24y1V7BE,2023-03-03,130:21,【女流66】直播回放2023-03-03
BV1484y1K7JD,2023-03-03,438:17,【女流66】直播回放2023-03-03
BV1Ns4y1o7gH,2023-03-01,235:47,【女流66】直播回放2023-03-01
BV1VT411q767,2023-02-26,321:24,【女流66】直播回放2023-02-26
BV1ND4y137Cz,2023-02-26,195:24,【女流66】直播回放2023-02-25
BV18M411w74L,2023-02-24,468:11,【女流66】直播回放2023-02-24
BV1as4y1Z7Dc,2023-02-23,221:31,【女流66】直播回放2023-02-23
BV18M4y1Z7Lx,2023-02-23,110:57,【女流66】直播回放2023-02-23
BV1eD4y1G7Kf,2023-02-21,251:17,【女流66】直播回放2023-02-21
BV1Po4y1v7dQ,2023-02-20,266:11,【女流66】直播回放2023-02-20
BV1yy4y1Z74F,2023-02-19,396:05,【女流66】直播回放2023-02-19
BV1hT411D74n,2023-02-18,308:11,【女流66】直播回放2023-02-18
BV1SA411U7XL,2023-02-17,27:24,【女流66】直播回放2023-02-17
BV15x4y157Yv,2023-02-16,335:57,【女流66】直播回放2023-02-16
BV1eR4y1B7X1,2023-02-14,314:57,女流66直播录像2023-02-14
BV1uA411z78Y,2023-02-13,369:52,女流66直播录像2023-02-13
BV1mj411P7Xi,2023-02-12,393:20,女流66直播录像2023-02-12
BV1Xj411P7je,2023-02-11,412:48,女流66直播录像2023-02-11
BV1hd4y1J7aQ,2023-02-10,364:47,女流66直播录像2023-02-10
BV1Re4y1A7jz,2023-02-09,425:01,女流66直播录像2023-02-09
BV1Ay4y1Q7Vj,2023-02-07,317:37,女流66直播录像2023-02-07
BV1nD4y1T7z2,2023-02-04,247:26,女流66直播录像2023-02-04
BV1qM411i78G,2023-02-02,293:09,女流66直播录像2023-02-02
BV1wM4y197y5,2023-01-28,401:32,女流66直播录像2023-01-28
BV1C8411373u,2023-01-27,294:09,女流66直播录像2023-01-27
BV17R4y1h7rq,2023-01-24,250:25,女流66直播录像2023-01-24
BV1BT41127de,2023-01-21,112:20,女流66直播录像2023-01-21
BV1oY411Q77w,2023-01-19,283:56,女流66直播录像2023-01-19
BV1FP4y1r7Gi,2023-01-18,157:15,女流66直播录像2023-01-18
BV1AP4y1r7Xy,2023-01-18,121:09,女流66直播录像2023-01-18
BV13x4y1u7Lx,2023-01-17,272:48,女流66直播录像2023-01-17
BV1KP4y1C7Dp,2023-01-16,219:34,女流66直播录像2023-01-16
BV11K411C74q,2023-01-15,324:48,女流66直播录像2023-01-15
BV1KT411m78g,2023-01-14,250:05,女流66直播录像2023-01-14
BV1NA411f7QV,2023-01-12,317:11,女流66直播录像2023-01-12
BV1y14y1u7K8,2023-01-11,299:08,女流66直播录像2023-01-11
BV1N84y1Y7pk,2023-01-10,272:42,女流66直播录像2023-01-10
BV11Y411C7Vt,2023-01-09,262:55,女流66直播录像2023-01-09
BV1CD4y1V7nK,2023-01-08,236:52,女流66直播录像2023-01-08
BV1PP411F7Tq,2023-01-07,242:44,女流66直播录像2023-01-07
BV1NG4y127be,2023-01-04,427:51,女流66直播录像2023-01-04
BV1b8411E72y,2023-01-03,236:53,女流66直播录像2023-01-03
BV1EP4y1i7iG,2023-01-02,331:00,女流66直播录像2023-01-02
BV1CR4y1U7nN,2023-01-01,246:21,女流66直播录像2023-01-01
BV1b24y1U74s,2022-12-31,159:36,女流66直播录像2022-12-31
BV11K411i71X,2022-12-30,310:30,女流66-心灵砒霜直播录像2022-12-30
BV1zR4y1D7yy,2022-12-29,279:48,女流66-心灵砒霜直播录像2022-12-29
BV1g14y1w7eN,2022-12-28,298:14,女流66-心灵砒霜直播录像2022-12-28
BV1p84y1x7kP,2022-12-26,313:33,女流66-心灵砒霜直播录像2022-12-26
BV1u8411H72i,2022-12-25,287:25,女流66-心灵砒霜直播录像2022-12-25
BV1dd4y1h7nV,2022-12-24,278:08,女流66-心灵砒霜直播录像2022-12-24
BV143411Q7C5,2022-12-23,343:54,女流66-心灵砒霜直播录像2022-12-23
BV1HD4y177tq,2022-12-21,239:35,女流66-心灵砒霜直播录像2022-12-21
BV158411H76G,2022-12-20,282:45,女流66-心灵砒霜直播录像2022-12-20
BV1wg411J7Er,2022-12-19,263:07,女流66-心灵砒霜直播录像2022-12-19
BV1zG411P7S8,2022-12-18,240:17,女流66-心灵砒霜直播录像2022-12-18
BV1CG411P7dV,2022-12-17,309:31,女流66-心灵砒霜直播录像2022-12-17
BV1L44y1Z778,2022-12-16,655:01,女流66-心灵砒霜直播录像2022-12-16
BV12R4y1r7BF,2022-12-13,284:45,女流66直播录像2022-12-13
BV1c14y1T7G1,2022-12-12,239:58,女流66直播录像2022-12-12
BV19G4y1378Q,2022-12-11,261:01,女流66直播录像2022-12-11
BV1784y1t7RC,2022-12-10,255:27,女流66直播录像2022-12-10
BV18V4y1P7aH,2022-12-09,265:00,女流66直播录像2022-12-09
BV1TM411z7jQ,2022-12-08,524:04,女流66直播录像2022-12-08
