date,show_start,show_end,show_minutes,gap_from_previous_min,show_title,replay_hashes,archive_entries_before,disposition,action
2018-06-12,02:58,03:28,29,,e3育碧发布会1,yVmjvBxbayzMqkNb,2018-06-12-live-01 | 2018-06-12-live-02,当日第一段，已被现有录像覆盖,
2018-06-12,03:59,05:39,100,32,e3育碧发布会1,jNBdvnprLKBME2yw,2018-06-12-live-01 | 2018-06-12-live-02,间隔较长但已由现有条目的录像覆盖（条目时长等于各段合计）,
2018-06-12,05:45,08:07,143,6,e3育碧发布会1,NVm0WKpzO1PvJeBP 4xq3WDRp09r7LGNz,2018-06-12-live-01 | 2018-06-12-live-02,同场断线重连，已被现有录像覆盖,
2018-06-13,03:11,05:04,114,,E3展会第一天,0Q8mMYa9OD8M49Ad,2018-06-13-live-01,当日第一段，已被现有录像覆盖,
2018-06-13,05:33,06:23,50,29,E3展会第一天,n8GzMXGmXby76qyP,2018-06-13-live-01,同场断线重连，已被现有录像覆盖,
2018-06-13,07:07,07:44,37,44,E3展会第一天,Aox276N23dK7Vz8Z,2018-06-13-live-01,间隔较长但已由现有条目的录像覆盖（条目时长等于各段合计）,
2018-06-13,07:48,09:02,74,4,E3展会第一天,wLjGvLlqjdEvmO90,2018-06-13-live-01,同场断线重连，已被现有录像覆盖,
2018-06-13,10:12,10:19,7,70,E3展会第一天,jNBdvnprwEBME2yw,2018-06-13-live-01,间隔较长但已由现有条目的录像覆盖（条目时长等于各段合计）,
2018-06-21,16:45,16:56,11,,在家里晒黑黑,8KxjMdBlkxovVLwb,2018-06-21-live-01,当日第一段，已被现有录像覆盖,
2018-06-21,16:57,18:27,89,1,在家里晒黑黑,0Q8mMYa5GyqM49Ad,2018-06-21-live-01,同场断线重连，已被现有录像覆盖,
2018-11-29,11:07,16:26,319,,什么时候能神装,EO0XvNpdKZXMDrBd XqeO74xdok27xywG yVY8WwXqKGVvLOz9,2018-11-29-live-01 | 2018-11-29-live-02,当日第一段，已被现有录像覆盖,
2018-11-29,17:00,18:41,101,34,什么时候能神装,yVY8WwXqKbdvLOz9,2018-11-29-live-01 | 2018-11-29-live-02,间隔较长但已由现有条目的录像覆盖（条目时长等于各段合计）,
2018-11-29,21:08,01:03,236,146,什么时候能神装,LDBbMA4djnV7yJRP aRbBv30daOX76PYV,2018-11-29-live-01 | 2018-11-29-live-02,间隔较长但已由现有条目的录像覆盖（条目时长等于各段合计）,
2019-03-06,13:22,13:33,12,,探班from software支狼,2Bj8vG5QGqyMObnd,2019-03-06-live-01,当日第一段，已被现有录像覆盖,
2019-03-06,13:35,15:00,85,1,探班from software支狼,0Q8mMY0qbN2749Ad,2019-03-06-live-01,同场断线重连，已被现有录像覆盖,
2019-03-06,15:05,15:20,15,5,探班from software 隻狼,DO84vr6r3VwvedGr,2019-03-06-live-01,同场断线重连，已被现有录像覆盖,
2019-03-07,21:00,21:08,8,,鬼泣5发布会后台～,Bjq4Mew0wLxv5Ea8,2019-03-07-live-01,当日第一段，已被现有录像覆盖,
2019-03-07,21:16,21:40,25,8,鬼泣5发布会后台～,4xq3WDXQXaRWLGNz,2019-03-07-live-01,同场断线重连，已被现有录像覆盖,
2019-04-02,14:16,14:34,18,,主持新浪游戏盛典,GnzXvb4e2BlM462l,2019-04-02-live-01,当日第一段，已被现有录像覆盖,
2019-04-02,14:34,16:45,131,0,主持新浪游戏盛典,brN0MmdR9a07pyxA 3rob7jDmY6KWgkZl,2019-04-02-live-01,同场断线重连，已被现有录像覆盖,
2019-06-14,04:59,05:31,32,,E3游戏展现场,8pa9v5OKmLqMVrqA,2019-06-14-live-01,已挂在档案条目,
2019-06-14,05:33,07:21,108,2,E3游戏展现场,NbwE7Z1pEoPvn5Zz,2019-06-14-live-01,同场断线重连／中场休息的前后段，现有录像没有,task-054 补挂到 2019-06-14-live-01 并订正时长
2019-08-08,14:18,15:19,61,,到敦煌了，暴晒,X3JzMaJobkAWPQro,2019-08-08-live-01,已挂在档案条目,
2019-08-08,15:30,15:46,16,11,到敦煌了，暴晒,6Aw87OpNx1xMYGkg,2019-08-08-live-01,同场断线重连／中场休息的前后段，现有录像没有,task-054 补挂到 2019-08-08-live-01 并订正时长
2019-08-08,15:47,16:13,26,1,到敦煌了，暴晒,jwzOvpZA0jLMZVRm,2019-08-08-live-01,同场断线重连／中场休息的前后段，现有录像没有,task-054 补挂到 2019-08-08-live-01 并订正时长
2019-08-08,19:48,20:42,54,215,到敦煌了，暴晒,mPyq7ok0gXD71gLY,2019-08-08-live-01,另开的一场（独立场次）,task-054 新建 2019-08-08-live-02
2019-08-08,20:47,21:21,34,5,到敦煌了，暴晒,GnzXvb4Do2lM462l,2019-08-08-live-01,另开的一场（独立场次）,task-054 新建 2019-08-08-live-02
2019-08-10,07:23,07:40,17,,冷湖直播斗鱼超级火箭,XqeO74p1Bne7xywG,2019-08-10-live-01,已挂在档案条目,
2019-08-10,07:51,11:01,190,11,冷湖直播斗鱼超级火箭,Yo4evybE56N78L62 XqeO74p1B0P7xywG,2019-08-10-live-01,同场断线重连／中场休息的前后段，现有录像没有,task-054 补挂到 2019-08-10-live-01 并订正时长
2019-11-20,15:09,17:08,120,,双人we were heretogeth,8pa9v5jZnQq7VrqA,2019-11-20-live-01,当日第一段，已被现有录像覆盖,
2019-11-20,17:09,19:50,161,0,双人we were heretogeth,n8GzMXl0ZkrM6qyP DrwnvzbPeDVvPNaX,2019-11-20-live-01,同场断线重连，已被现有录像覆盖,
2019-11-24,09:07,11:04,117,,怪物猎人狩猎季,Bjq4Me4JZLx75Ea8,2019-11-24-live-01,当日第一段，已被现有录像覆盖,
2019-11-24,14:34,16:11,97,211,怪物猎人狩猎季,2V0JMVJ0l9EMRY5k,2019-11-24-live-01,间隔较长但已由现有条目的录像覆盖（条目时长等于各段合计）,
2019-12-25,15:11,15:45,34,,天儿挺冷·····,a4Jj7l2Boy2WDk01,2019-12-25-live-01,当日第一段，已被现有录像覆盖,
2019-12-25,17:24,19:23,119,99,天儿挺冷·····,Kg1VWRPQ14Q7GbNA,2019-12-25-live-01,间隔较长但已由现有条目的录像覆盖（条目时长等于各段合计）,
2019-12-25,19:24,19:44,20,1,天儿挺冷·····,ZB5Kv95gk6eva93x,2019-12-25-live-01,同场断线重连，已被现有录像覆盖,
2020-07-25,15:06,18:32,206,,superliminal梦？现实？,Bjq4MeYYVlkM5Ea8 ZB5Kv9QQ05bva93x,2020-07-25-live-01,当日第一段，已被现有录像覆盖,
2020-07-25,19:05,20:21,76,34,梦幻西游送福利了,a2JEMJjjlpmMNxml,2020-07-25-live-01,间隔较长但已由现有条目的录像覆盖（条目时长等于各段合计）,
2020-08-02,15:53,16:11,18,,出来逛逛街吃点东西,DO84vrYBYrGWedGr,2020-08-02-live-01,当日第一段，已被现有录像覆盖,
2020-08-02,16:12,16:40,27,2,出来逛逛街吃点东西,JmbBMkVqVbN740XA,2020-08-02-live-01,同场断线重连，已被现有录像覆盖,
2020-08-02,16:41,17:37,56,1,出来逛逛街吃点东西,XqeO743g3AnvxywG,2020-08-02-live-01,同场断线重连，已被现有录像覆盖,
2020-08-02,17:45,18:11,26,9,出来逛逛街吃点东西,0zZVvPxbxGqvO4E2,2020-08-02-live-01,同场断线重连，已被现有录像覆盖,
2020-08-02,18:12,19:09,57,1,出来逛逛街吃点东西,NVm0WKxjxzNvJeBP,2020-08-02-live-01,同场断线重连，已被现有录像覆盖,
2020-09-07,15:10,15:26,17,,创世理想乡理想不理想,Kp1QM8p3xnpMk4bj,2020-09-07-live-01,当日第一段，已被现有录像覆盖,
2020-09-07,16:16,19:36,200,50,创世理想乡理想不理想,Kp1QM8p3xb3Mk4bj a4Jj7l3xmrjvDk01,2020-09-07-live-01,间隔较长但已由现有条目的录像覆盖（条目时长等于各段合计）,
2021-02-09,15:12,15:32,20,,出门买个糖葫芦,Qyz171gQ5RJWBJj9,2021-02-09-live-01,当日第一段，已被现有录像覆盖,
2021-02-09,15:34,18:26,172,2,出门买个糖葫芦,Bjq4MejwJBqW5Ea8 kDe0W2p1Q8g7A4Bz,2021-02-09-live-01,同场断线重连，已被现有录像覆盖,
2021-06-19,14:11,18:57,286,,阿凡达小分队出征gogo,ZB5Kv9bG3GZ7a93x brN0MmqnGa6MpyxA DO84vro3O907edGr,2021-06-19-live-01,当日第一段，已被现有录像覆盖,
2021-06-19,22:29,00:22,113,212,阿凡达小分队出征gogo,X3JzMa5YJkNMPQro,2021-06-19-live-01,间隔较长但已由现有条目的录像覆盖（条目时长等于各段合计）,
2021-07-05,11:38,11:45,7,,出门走走逛逛,8pa9v5ZbpOa7VrqA,2021-07-05-live-01,当日第一段，已被现有录像覆盖,
2021-07-05,11:57,12:22,26,12,出门走走逛逛,aRbBv3Re0ooW6PYV,2021-07-05-live-01,同场断线重连，已被现有录像覆盖,
2021-07-05,12:24,12:54,30,1,出门走走逛逛,85BAvqmj19qvG4Lm,2021-07-05-live-01,同场断线重连，已被现有录像覆盖,
2021-07-05,12:55,13:07,12,1,出门走走逛逛,jNBdvnOmpVZ7E2yw,2021-07-05-live-01,同场断线重连，已被现有录像覆盖,
2021-07-05,13:08,15:42,154,1,出门走走逛逛,brN0MmmPjgOMpyxA DrwnvzPjy8GMPNaX,2021-07-05-live-01,同场断线重连，已被现有录像覆盖,
2021-07-05,15:44,15:56,12,2,出门走走逛逛,a2JEMJ2BwjDMNxml,2021-07-05-live-01,同场断线重连，已被现有录像覆盖,
2021-07-05,15:57,16:09,12,1,出门走走逛逛,4xq3WDOkRgrMLGNz,2021-07-05-live-01,同场断线重连，已被现有录像覆盖,
2021-07-05,16:10,20:37,267,0,出门走走逛逛,n8GzMX0DGQJM6qyP 1LDR7Q8qpZZvJzx8 NVm0WKjapjjMJeBP,2021-07-05-live-01,同场断线重连，已被现有录像覆盖,
2021-07-05,20:43,21:16,34,6,出门走走逛逛,2Bj8vGxg4Nr7Obnd,2021-07-05-live-01,同场断线重连，已被现有录像覆盖,
2021-07-07,17:14,20:57,223,,来神居逛逛！！！！,4xq3WDOkyPoMLGNz Bjq4MeZBPzgW5Ea8,2021-07-07-live-01,当日第一段，已被现有录像覆盖,
2021-07-07,21:52,23:05,73,55,来神居逛逛！！！！,6Aw87Ol20gmMYGkg,2021-07-07-live-01,间隔较长但已由现有条目的录像覆盖（条目时长等于各段合计）,
2021-08-03,15:18,16:10,52,,一时菜就会一直菜吗,JmbBMkq9lgQv40XA,2021-08-03-live-01,当日第一段，已被现有录像覆盖,
2021-08-03,16:16,19:00,164,5,一时菜就会一直菜吗,8KxjMdj4GxgvVLwb Kp1QM8Zgg0Jvk4bj,2021-08-03-live-01,同场断线重连，已被现有录像覆盖,
2021-08-03,19:08,19:40,33,8,一时菜就会一直菜吗,LDBbMAmbN1KMyJRP,2021-08-03-live-01,同场断线重连，已被现有录像覆盖,
2021-08-16,15:15,19:37,262,,又是一周的开始 156277,Bjq4MeZ1JNgW5Ea8 ZB5Kv9X8eV8Wa93x JmbBMkqNlxQv40XA,2021-08-16-live-01,当日第一段，已被现有录像覆盖,
2021-08-16,21:10,21:28,18,93,又是一周的开始 156277,brN0MmmgxzbMpyxA,2021-08-16-live-01,间隔较长但已由现有条目的录像覆盖（条目时长等于各段合计）,
2021-08-16,21:31,01:22,231,3,又是一周的开始 156277,Bjq4MeZ11mzW5Ea8 wLjGvLPKNyPvmO90,2021-08-16-live-01,同场断线重连，已被现有录像覆盖,
2021-09-15,15:07,19:25,258,,哈哈哈哈哈哈哈哈 156277,0Q8mMYKoLmNv49Ad 0zZVvPb3NRjMO4E2 2V0JMVbkpQbMRY5k,2021-09-15-live-01,已挂在档案条目,
2021-09-15,19:32,21:32,120,7,哈哈哈哈哈哈哈哈 156277,jwzOvpQDKJE7ZVRm,2021-09-15-live-01,已挂在档案条目,
2021-09-27,14:24,16:24,120,,出差参加活动最近随缘见,yVY8WwPLNg8vLOz9,2021-09-27-live-01,已挂在档案条目,
2021-09-27,16:26,18:23,117,1,出差参加活动最近随缘见,a2JEMJ2meDmMNxml,2021-09-27-live-01,同场断线重连／中场休息的前后段，现有录像没有,task-054 补挂到 2021-09-27-live-01 并订正时长
2021-11-18,15:25,17:25,120,,【女流】 156277直播间,LDBbMABxJ5JWyJRP,2021-11-18-live-01,当日第一段，已被现有录像覆盖,
2021-11-18,17:25,21:48,263,0,【女流】 156277直播间,3rob7jNDKok7gkZl NbwE7ZV1VVd7n5Zz EO0XvNG5Pma7DrBd,2021-11-18-live-01,同场断线重连，已被现有录像覆盖,
2021-11-19,15:08,17:08,120,,【女流】 156277直播间,6Aw87O6poqXvYGkg,2021-11-19-live-01,已挂在档案条目,
2021-11-19,17:10,22:11,301,2,【女流】 156277直播间,brN0MmbdwrrWpyxA 2Bj8vGQ5VyQMObnd aRbBv32p38DW6PYV,2021-11-19-live-01,同场断线重连／中场休息的前后段，现有录像没有,task-054 补挂到 2021-11-19-live-01 并订正时长
2021-12-04,15:03,20:25,322,,【女流】156277直播间~~,DO84vrrKEDOvedGr XqeO742A99nWxywG JmbBMkb9rxO740XA,2021-12-04-live-01,已挂在档案条目,
2021-12-04,20:32,20:40,7,7,【女流】156277直播间~~,DrwnvzJZqwKvPNaX,2021-12-04-live-01,同场断线重连，已被现有录像覆盖,
2021-12-30,15:22,19:56,273,,【女流】血源，卑鄙的外乡人Day 2,wLjGvLGb5daWmO90 2V0JMV0ybDEvRY5k Qyz171AK5yJ7BJj9,2021-12-30-live-01,当日第一段，已被现有录像覆盖,
2021-12-30,19:58,20:03,6,2,【女流】血源，卑鄙的外乡人Day 2,1LDR7Q0E88ZvJzx8,2021-12-30-live-01,同场断线重连，已被现有录像覆盖,
2022-02-19,14:39,14:46,7,,【女流】地平线 继续打猎,r90XWgkgzZgWgk25,2022-02-19-live-01,当日第一段，已被现有录像覆盖,
2022-02-19,15:32,19:10,219,46,【女流】地平线 继续打猎,Kp1QM8aGkaVWk4bj Aox276QG4jmvVz8Z,2022-02-19-live-01,间隔较长但已由现有条目的录像覆盖（条目时长等于各段合计）,
2022-03-15,13:34,13:43,9,,完美的一天，玩玩看~!,JmbBMkbL3ON740XA,2022-03-15-live-01,当日第一段，已被现有录像覆盖,
2022-03-15,13:55,20:32,398,11,完美的一天，玩玩看~!,JmbBMkbLyx9740XA GnzXvb3BDA07462l DrwnvzJ51aovPNaX XqeO742Q1yQWxywG,2022-03-15-live-01,同场断线重连，已被现有录像覆盖,
2022-04-16,15:12,16:42,90,,156277直播间,2V0JMVxbZD4vRY5k,2022-04-16-live-01,已挂在档案条目,
2022-04-16,17:12,20:24,192,30,156277直播间,0zZVvPAbXrE7O4E2 85BAvqOmpjwMG4Lm,2022-04-16-live-01,同场断线重连／中场休息的前后段，现有录像没有,task-054 补挂到 2022-04-16-live-01 并订正时长
2022-05-04,15:05,19:11,246,,【今日双倍】156277直播间,GnzXvblQOOnM462l X3JzMakQV5PvPQro Kg1VWRB8bleWGbNA,2022-05-04-live-01,当日第一段，已被现有录像覆盖,
2022-05-04,20:10,22:10,120,59,【今日双倍】156277直播间,wLjGvLZxZQNMmO90,2022-05-04-live-01,间隔较长但已由现有条目的录像覆盖（条目时长等于各段合计）,
2022-05-04,22:10,23:22,72,0,【今日双倍】156277直播间,XqeO744D41X7xywG,2022-05-04-live-01,同场断线重连，已被现有录像覆盖,
2022-05-11,15:05,19:42,278,,今天继续呜呜呜,85BAvqOQb81MG4Lm 2V0JMVxQkrEvRY5k kDe0W29gbPJMA4Bz,2022-05-11-live-01,同场断线重连的尾段（或晚场），现有录像没有,task-053 已补挂
2022-05-11,19:43,20:41,57,1,今天继续呜呜呜,wLjGvLZr0k0MmO90,2022-05-11-live-01,已挂在档案条目,
2022-05-15,15:06,19:53,287,,【女流】156277直播间,EO0XvN8x6jBMDrBd Kp1QM8R38y3vk4bj kDe0W29kyOgMA4Bz,2022-05-15-live-01,同场断线重连的尾段（或晚场），现有录像没有,task-053 已补挂
2022-05-15,19:58,21:57,118,5,【女流】156277直播间,kDe0W29kNGaMA4Bz,2022-05-15-live-01,已挂在档案条目,
2022-05-27,15:08,16:12,64,,【女流】继续砂石镇石六六之旅,JmbBMklX2pwW40XA,2022-05-27-live-01,同场断线重连／中场休息的前后段，现有录像没有,task-054 补挂到 2022-05-27-live-01 并订正时长
2022-05-27,16:31,19:15,164,20,【女流】继续砂石镇石六六之旅,4xq3WDQJ0EpvLGNz 2V0JMVxA2NkvRY5k,2022-05-27-live-01,同场断线重连／中场休息的前后段，现有录像没有,task-054 补挂到 2022-05-27-live-01 并订正时长
2022-05-31,15:05,18:32,207,,【今日双倍】Jump queen来了,JmbBMkl5d0OW40XA a2JEMJgOaO0WNxml,2022-05-31-live-01,同场断线重连／中场休息的前后段，现有录像没有,task-054 补挂到 2022-05-31-live-01 并订正时长
2022-05-31,18:49,03:04,495,17,【今日双倍】Jump queen来了,DO84vr9p0VwWedGr yVmjvB5E1prWqkNb 0zZVvPAw3Zm7O4E2 wLjGvLZJ4ApMmO90 NVm0WKZ9JGPMJeBP,2022-05-31-live-01,同场断线重连／中场休息的前后段，现有录像没有,task-054 补挂到 2022-05-31-live-01 并订正时长
2022-07-24,15:05,17:39,154,,【钻粉2.5倍】周日下午来坐坐,ZB5Kv9okGAmMa93x qJgOWxmzkqevkVzL,2022-07-24-live-01,同场断线重连／中场休息的前后段，现有录像没有,task-054 补挂到 2022-07-24-live-01 并订正时长
2022-07-24,17:40,19:53,132,1,【钻粉2.5倍】周日下午来坐坐,0Q8mMYGX2pLv49Ad DO84vr9QqEOWedGr,2022-07-24-live-01,同场断线重连／中场休息的前后段，现有录像没有,task-054 补挂到 2022-07-24-live-01 并订正时长
2022-08-21,15:07,16:29,82,,【钻粉2.5倍】156277直播间,wLjGvLZ9382MmO90,2022-08-21-live-01,同场断线重连／中场休息的前后段，现有录像没有,task-054 补挂到 2022-08-21-live-01 并订正时长
2022-08-21,17:19,20:10,171,50,【钻粉2.5倍】156277直播间,JmbBMklexxeW40XA DO84vr9eN8GWedGr,2022-08-21-live-01,同场断线重连／中场休息的前后段，现有录像没有,task-054 补挂到 2022-08-21-live-01 并订正时长
2022-11-16,12:11,19:32,441,,day3战神5定个白金的小目标,wLjGvLq5jBj7mO90 Bjq4MerYq9zW5Ea8 6Aw87OOmdjo7YGkg JmbBMk9Vj3Zv40XA,2022-11-16-live-01,同场断线重连的尾段（或晚场），现有录像没有,task-053 已补挂
2022-11-16,20:22,00:45,263,50,day3战神5定个白金的小目标,jNBdvnrZyNzvE2yw ERALvEbKY9n71Vw0 LDBbMAbog9nWyJRP,2022-11-16-live-01,已挂在档案条目,
2023-04-02,14:06,14:11,5,,【钻粉2.5倍】周末带大家出海,0Q8mMY94XmqM49Ad,2023-04-02-live-01,当日第一段，已被现有录像覆盖,
2023-04-02,14:30,18:20,230,18,【钻粉2.5倍】周末带大家出海,worZv0bdKnRMJBk3 4xq3WDpdDKjWLGNz,2023-04-02-live-01,同场断线重连，已被现有录像覆盖,
2023-06-16,15:05,16:48,103,,周五有六^_^,Kg1VWR8OD9e7GbNA,2023-06-16-live-01 | 2023-06-16-live-02,当日第一段，已被现有录像覆盖,
2023-06-16,16:48,19:24,156,0,周五有六^_^,NVm0WKNgJEVMJeBP LDBbMAN5Z5BWyJRP,2023-06-16-live-01 | 2023-06-16-live-02,同场断线重连，已被现有录像覆盖,
2023-06-16,19:32,21:48,136,8,周五有六^_^,1LDR7QZ3Xx6MJzx8 8pa9v5N596R7VrqA,2023-06-16-live-01 | 2023-06-16-live-02,同场断线重连，已被现有录像覆盖,
2023-07-07,15:19,20:27,308,,【钻粉2.5倍】戴夫继续潜水,2Bj8vGpN0oe7Obnd LDBbMAN80wJWyJRP 85BAvq8OPARWG4Lm,2023-07-07-live-01,当日第一段，已被现有录像覆盖,
2023-07-07,22:45,01:08,142,139,戴夫继续潜水,0Q8mMYYGXVqM49Ad GnzXvbQlV6gW462l,2023-07-07-live-01,间隔较长但已由现有条目的录像覆盖（条目时长等于各段合计）,
2023-07-22,11:48,20:01,493,,一进来就看见66在挨揍,DrwnvzggplV7PNaX brN0MmxxZKe7pyxA Yo4evyggagyM8L62 a2JEMJnn8qmMNxml r90XWgjjeDDMgk25,2023-07-22-live-01 | 2023-07-22-live-02,已由现有录像覆盖,KassyTan 按时间戳的三份录像（11:51 起 BV1eM4y1p73N、21:17 起 BV1bh4y127Pu、23:12 起 BV1qu4y1U7A8）分别覆盖这三段，已挂在 live-01/live-02
2023-07-22,21:11,22:52,101,70,新游戏：遗迹2多人突突突,mPyq7o88BDqM1gLY,2023-07-22-live-01 | 2023-07-22-live-02,已由现有录像覆盖,KassyTan 按时间戳的三份录像（11:51 起 BV1eM4y1p73N、21:17 起 BV1bh4y127Pu、23:12 起 BV1qu4y1U7A8）分别覆盖这三段，已挂在 live-01/live-02
2023-07-22,23:03,01:09,127,11,新游戏：遗迹2多人突突突,ERALvE88yw5W1Vw0 GnzXvbQQ2ObW462l,2023-07-22-live-01 | 2023-07-22-live-02,已由现有录像覆盖,KassyTan 按时间戳的三份录像（11:51 起 BV1eM4y1p73N、21:17 起 BV1bh4y127Pu、23:12 起 BV1qu4y1U7A8）分别覆盖这三段，已挂在 live-01/live-02
2023-07-23,11:02,19:57,535,,新游戏：遗迹2多人合作,8pa9v5NNL9a7VrqA ERALvE88DOAW1Vw0 Bjq4MellbEz75Ea8 brN0MmxxB8k7pyxA mPyq7o88arQM1gLY EO0XvNbbL6XvDrBd,2023-07-23-live-01,当日第一段，已被现有录像覆盖,
2023-07-23,21:20,23:55,155,83,新游戏：遗迹2多人合作,LDBbMANNdyKWyJRP 1LDR7QZZd48MJzx8,2023-07-23-live-01,间隔较长但已由现有条目的录像覆盖（条目时长等于各段合计）,
2023-07-24,13:33,20:42,429,,新游戏：遗迹2多人合作,6Aw87O88xVxMYGkg wLjGvLxxnrEvmO90 85BAvq88XlXWG4Lm JmbBMkggzlyM40XA yVY8WwddoPzvLOz9,2023-07-24-live-01,当日第一段，已被现有录像覆盖,
2023-07-24,22:32,03:34,302,110,新游戏：遗迹2多人合作,jNBdvn8899BME2yw NbwE7Z8YwakWn5Zz 6Aw87O8Q0LXMYGkg,2023-07-24-live-01,间隔较长但已由现有条目的录像覆盖（条目时长等于各段合计）,
2023-08-04,15:27,18:52,205,,看看这个新游戏,X3JzMaQxEo1MPQro XqeO74DarAe7xywG,2023-08-04-live-01,当日第一段，已被现有录像覆盖,
2023-08-04,22:06,00:49,163,195,看看这个新游戏,a2JEMJnA4p5MNxml GnzXvbQeqloW462l,2023-08-04-live-01,间隔较长但已由现有条目的录像覆盖（条目时长等于各段合计）,
2023-08-09,15:01,16:54,113,,博得之门3继续继续,4xq3WDBjXKj7LGNz,2023-08-09-live-01,当日第一段，已被现有录像覆盖,
2023-08-09,16:54,22:49,355,0,博得之门3继续继续,4xq3WDBjXro7LGNz brN0MmxgOje7pyxA Yo4evygko6mM8L62 4xq3WDBj28N7LGNz,2023-08-09-live-01,同场断线重连，已被现有录像覆盖,
2023-08-15,14:42,19:49,307,,博得完结了下午茶,Aox276DmdnKWVz8Z 8pa9v5N1qj17VrqA JmbBMkgNQAYM40XA,2023-08-15-live-01,当日第一段，已被现有录像覆盖,
2023-08-15,19:52,20:02,9,3,博得完结了下午茶,XqeO74D8zB27xywG,2023-08-15-live-01,同场断线重连，已被现有录像覆盖,
2023-09-15,14:59,19:27,268,,6）新游出炉The friendship,6Aw87O8nNAZMYGkg qJgOWxgR81rMkVzL n8GzMX8dLkJM6qyP,2023-09-15-live-01,已由现有录像覆盖,录像小屋 BV1SP411t76x 268 分钟即这一段（2023-09-15-live-01）
2023-09-15,22:29,00:21,112,182,6）新游出炉The friendship,8pa9v5NlqJa7VrqA,2023-09-15-live-01,另开的一场（独立场次）,task-054 新建 2023-09-15-live-02
2023-09-26,13:07,13:23,16,,6：最新2077DLC,wLjGvLxDGN2vmO90,2023-09-26-live-01,当日第一段，已被现有录像覆盖,
2023-09-26,13:27,21:16,469,4,6：最新2077DLC,2V0JMVGN0EqWRY5k JmbBMkgJl9NM40XA 1LDR7QZQlLgMJzx8 aRbBv3A4Pq4M6PYV wLjGvLxDqZxvmO90,2023-09-26-live-01,同场断线重连，已被现有录像覆盖,
2023-10-15,15:39,20:04,266,,去重庆了，回来见～,Qyz171D2J0QvBJj9 DrwnvzgdB0G7PNaX JmbBMkgwJryM40XA,2023-10-15-live-01,同场断线重连的尾段（或晚场），现有录像没有,task-053 已补挂
2023-10-15,20:05,21:29,83,1,去重庆了，回来见～,85BAvq8boVKWG4Lm,2023-10-15-live-01,已挂在档案条目,
2023-10-30,11:13,12:40,87,,喜欢聊天的人最可爱 156277,Drwnvzg4gro7PNaX,2023-10-30-live-01,当日第一段，已被现有录像覆盖,
2023-10-30,12:40,20:18,458,0,新恐怖游戏：心灵杀手2,ZB5Kv9Yngeeva93x 2V0JMVGZQXaWRY5k 3rob7jQAmqpvgkZl jNBdvn8lRDJME2yw 2Bj8vGpVAnD7Obnd yVY8WwdOGRzvLOz9,2023-10-30-live-01,同场断线重连，已被现有录像覆盖,
2023-11-16,14:46,20:47,360,,最新DLC of 遗迹2~还在广东,Kg1VWR81NAe7GbNA worZv0ZKOEoMJBk3 85BAvq8pnqBWG4Lm,2023-11-16-live-01,当日第一段，已被现有录像覆盖,
2023-11-16,20:47,21:18,31,1,最新DLC of 遗迹2~还在广东,LDBbMAN9QxJWyJRP,2023-11-16-live-01,同场断线重连，已被现有录像覆盖,
2023-11-18,14:18,16:18,120,,6】正式版大侠立志传,kDe0W2DKrko7A4Bz,2023-11-18-live-01,当日第一段，已被现有录像覆盖,
2023-11-18,16:18,21:57,339,0,6】正式版大侠立志传修罗难度,jwzOvpxNeoAvZVRm Kp1QM8AK5gVWk4bj 8pa9v5NKypP7VrqA,2023-11-18-live-01,同场断线重连，已被现有录像覆盖,
2023-11-27,12:35,19:22,407,,像素肉鸽】开个小骨的坑,a2JEMJnmQ4qMNxml 0zZVvPojB62WO4E2 NVm0WKN8BZPMJeBP Kp1QM8Aq9rwWk4bj X3JzMaQ6ojLMPQro,2023-11-27-live-01,当日第一段，已被现有录像覆盖,
2023-11-27,22:50,01:52,182,208,像素肉鸽】开个小骨的坑,8KxjMdG6Q5P7VLwb Kg1VWR86zlm7GbNA mPyq7o8L5RqM1gLY,2023-11-27-live-01,间隔较长但已由现有条目的录像覆盖（条目时长等于各段合计）,
