archive_entry,date,title,duration_min_before,disposition,action_or_reason,linked_recordings
2015-02-04-live-01,2015-02-04,风之旅人,200,时长正确（合集按分P挂）,,分P合计200
2015-02-05-live-01,2015-02-05,去月球,138,时长正确（合集按分P挂）,,分P合计138
2015-02-06-live-01,2015-02-06,去月球,206,时长正确（合集按分P挂）,,分P合计206
2015-03-02-live-01,2015-03-02,超凡双生,163,时长正确（合集按分P挂）,,分P合计163
2015-03-10-live-01,2015-03-10,超凡双生,256,时长正确（合集按分P挂）,,分P合计256
2015-03-11-live-01,2015-03-11,超凡双生（节操版）,67,时长正确（合集按分P挂）,,分P合计67
2015-07-22-live-01,2015-07-22,风之旅人,128,时长正确（合集按分P挂）,,分P合计116
2015-08-20-live-01,2015-08-20,风之旅人,97,时长正确（合集按分P挂）,,分P合计97
2015-10-01-live-01,2015-10-01,请出示文件（国庆早场）,86,时长正确（合集按分P挂）,,分P合计86
2015-10-08-live-01,2015-10-08,请出示文件,25,时长正确（合集按分P挂）,,分P合计25
2016-03-24-live-01,2016-03-24,星露谷物语,82,时长正确（合集按分P挂）,,分P合计82
2016-03-25-live-01,2016-03-25,星露谷物语,114,时长正确（合集按分P挂）,,分P合计114
2016-03-28-live-01,2016-03-28,星露谷物语,191,时长正确（合集按分P挂）,,分P合计191
2016-03-31-live-01,2016-03-31,星露谷物语,69,时长正确（合集按分P挂）,,分P合计69
2016-04-13-live-01,2016-04-13,星露谷物语,231,时长正确（合集按分P挂）,,分P合计231
2016-04-14-live-01,2016-04-14,星露谷物语,71,时长正确（合集按分P挂）,,分P合计71
2016-04-15-live-01,2016-04-15,星露谷物语,101,时长正确（合集按分P挂）,,分P合计101
2016-04-20-live-01,2016-04-20,星露谷物语,227,时长正确（合集按分P挂）,,分P合计227
2016-04-22-live-01,2016-04-22,星露谷物语,334,时长正确（合集按分P挂）,,分P合计334
2016-04-25-live-01,2016-04-25,星露谷物语,222,时长正确（合集按分P挂）,,分P合计222
2016-04-26-live-01,2016-04-26,星露谷物语,283,时长正确（合集按分P挂）,,分P合计283
2016-04-27-live-01,2016-04-27,星露谷物语,202,时长正确（合集按分P挂）,,分P合计202
2016-05-09-live-01,2016-05-09,黑暗之魂3第九天-完结,80,时长确实少算,订正为 123 分钟（已挂录像 BV1xs411B7zV 纯净版全长）,BV1xs411B7zV:123min/2P/dates=[]/mine=0
2016-06-05-live-01,2016-06-05,心灵砒霜,132,时长确实少算,订正为 203 分钟（已挂录像 BV19s411i79W 纯净版全长）,BV19s411i79W:203min/4P/dates=[]/mine=0
2016-08-09-live-02,2016-08-09,无人深空,73,时长确实少算,订正为 220 分钟（已挂录像 BV1Ms411y7VU 纯净版全长）,BV1Ms411y7VU:220min/3P/dates=[]/mine=0
2016-08-28-live-01,2016-08-28,【心灵砒霜】2016.8.28直播音频,117,时长确实少算,订正为 171 分钟（已挂录像 BV1Ls41167wf 纯净版全长）,BV1Ls41167wf:171min/3P/dates=[]/mine=0
2016-09-11-live-01,2016-09-11,心灵砒霜,137,时长确实少算,订正为 205 分钟（已挂录像 BV1Vs411r7YP 纯净版全长）,BV1Vs411r7YP:205min/3P/dates=[]/mine=0
2016-09-16-live-02,2016-09-16,逆转裁判6,93,时长确实少算,订正为 217 分钟（已挂录像 BV1Ks411t7g6 纯净版全长）,BV1Ks411t7g6:217min/4P/dates=['2016-09-16']/mine=196
2016-09-22-live-01,2016-09-22,逆转裁判6,129,时长确实少算,订正为 194 分钟（已挂录像 BV14s411t7Uc 纯净版全长）,BV14s411t7Uc:194min/3P/dates=['2016-09-22']/mine=194
2016-09-24-live-01,2016-09-24,马不停蹄来拍照,117,时长确实少算,订正为 214 分钟（已挂录像 BV11s411t7Nz 纯净版全长）,BV11s411t7Nz:214min/4P/dates=[]/mine=0
2016-10-28-live-01,2016-10-28,后宫三千人,146,时长确实少算,订正为 206 分钟（已挂录像 BV1Cs411s75q 纯净版全长）,BV1Cs411s75q:206min/4P/dates=['2016-10-28']/mine=206
2016-12-30-live-01,2016-12-30,猫头鹰男孩(Owlboy),146,时长确实少算,订正为 207 分钟（已挂录像 BV1As411Y7ZF 纯净版全长）,BV1As411Y7ZF:207min/4P/dates=['2016-12-30']/mine=136
2017-01-21-live-01,2017-01-21,直播2周年,44,时长确实少算,订正为 286 分钟（已挂录像 BV1rs411b7od 纯净版全长）,BV1rs411b7od:286min/5P/dates=[]/mine=0
2017-01-25-live-01,2017-01-25,事已至此案发现场,14,时长确实少算,订正为 34 分钟（已挂录像 BV1Ds411b7Sy 纯净版全长）,BV1Ds411b7Sy:34min/2P/dates=[]/mine=0
2017-01-29-live-01,2017-01-29,82年的雪碧会上头,32,时长确实少算,订正为 106 分钟（已挂录像 BV13s41187js 纯净版全长）,BV13s41187js:106min/2P/dates=['2017-01-29']/mine=106
2017-03-30-live-01,2017-03-30,黑暗之魂3DLC2,42,时长确实少算,订正为 280 分钟（已挂录像 BV1gx411Q7z9 纯净版全长）,BV1gx411Q7z9:280min/5P/dates=['2017-03-30']/mine=258
2018-02-04-live-01,2018-02-04,心灵砒霜,218,时长正确,,BV1HW411J7FE:219min/4P/dates=['2018-02-04']/mine=218
2018-02-12-live-01,2018-02-12,【心灵砒霜】年年岁岁花相似 岁岁年年人不同,177,时长正确,,BV1eW411E7zm:176min/4P/dates=['2018-02-12']/mine=176
2018-02-25-live-01,2018-02-25,狗年第一碗砒霜，干了,259,时长正确,,BV1mW411477N:258min/6P/dates=['2018-02-25']/mine=258
2018-03-04-live-01,2018-03-04,【心灵砒霜】爱情是粒悲伤的种子,214,时长正确,,BV1hW411x7DS:214min/5P/dates=['2018-03-04']/mine=214
2018-03-11-live-01,2018-03-11,【心灵砒霜】有那种Concept才能打动别人,213,时长正确,,BV1EW411s7Vh:212min/6P/dates=['2018-03-11']/mine=212
2018-03-18-live-01,2018-03-18,【心灵砒霜】村口王师傅学艺归来,247,时长正确,,BV15W411W7Mz:247min/6P/dates=['2018-03-18']/mine=247
2018-04-01-live-01,2018-04-01,"【心灵砒霜】愚人节怎么会有砒霜呢,大家好好睡觉",256,时长正确,,BV1VW411T77h:255min/8P/dates=['2018-04-01']/mine=255
2018-04-04-live-01,2018-04-04,专属鼠标垫 & 童年动漫歌曲了解一下,242,时长正确,,BV1QW411T7AD:242min/4P/dates=['2018-04-04']/mine=242
2018-04-22-live-02,2018-04-22,心灵砒霜,188,时长正确,,BV1DW41157we:188min/5P/dates=['2018-04-22']/mine=188
2018-04-23-live-03,2018-04-23,战神（God of War）,148,时长确实少算,订正为 220 分钟（已挂录像 BV1AW411L7Fh 纯净版全长）,BV1AW411L7Fh:220min/3P/dates=['2018-04-23']/mine=220
2018-05-06-live-01,2018-05-06,【心灵砒霜】女流最近在干嘛啊?她在努力!,229,时长正确,,BV1Kp411f7i8:229min/6P/dates=['2018-05-06']/mine=229
2018-05-13-live-01,2018-05-13,女流的有声节目,222,时长正确,纯净版 64.5+157.4=222 分钟，与条目一致；判别时误把弹幕版分P 的日期算进来,"BV13p411Z7yu:222min/5P/dates=['2018-01-02', '2018-02-02', '2018-02-03']/mine=64"
2018-05-27-live-01,2018-05-27,"【心灵砒霜】砒霜虽是剧毒,服的恰当也就治好了",187,时长正确,,BV1cp411d7R3:187min/4P/dates=['2018-05-27']/mine=187
2018-05-27-live-02,2018-05-27,戏说聊斋,59,时长正确,,BV1cp411d7XS:59min/2P/dates=['2018-05-27']/mine=58
2018-06-03-live-01,2018-06-03,心灵砒霜,215,一条录像覆盖同日多条,,BV1YW411N7V4:215min/5P/dates=['2018-06-03']/mine=215
2018-06-06-live-01,2018-06-06,大周庆典,131,时长正确,,BV1bW411A7MC:131min/2P/dates=['2018-06-06']/mine=131
2018-06-17-live-01,2018-06-17,【心灵砒霜】这故事告诉我们要节制啊,111,时长正确,,BV1EW411c7XG:111min/4P/dates=['2018-06-17']/mine=111
2018-06-17-live-02,2018-06-17,戏说聊斋,69,时长正确,,BV1EW411c7k4:69min/2P/dates=['2018-06-17']/mine=69
2018-06-24-live-01,2018-06-24,"【心灵砒霜】种个甘蔗,就可以.....",167,多日合集·本条只占一段,,"BV1ss411L78k:168min/4P/dates=['2018-06-02', '2018-06-24']/mine=168"
2018-06-24-live-02,2018-06-24,戏说聊斋,67,时长正确,,BV1ps411L7p1:67min/2P/dates=['2018-06-24']/mine=67
2018-07-01-live-01,2018-07-01,【心灵砒霜】我们一起学猪叫~,142,时长正确,,BV14s411G7tn:142min/5P/dates=['2018-07-01']/mine=142
2018-07-01-live-02,2018-07-01,戏说聊斋,63,时长正确,,BV1ts411G7wC:63min/2P/dates=['2018-07-01']/mine=63
2018-07-08-live-01,2018-07-08,"【心灵砒霜】除了没有肉吃,也没什么遗憾了",181,时长正确,,BV1Xs411p7gf:182min/6P/dates=['2018-07-08']/mine=181
2018-07-15-live-01,2018-07-15,"【心灵砒霜】我就是给大家介绍一下,我是不会用的",256,时长正确,,BV1Ms411n7pG:256min/7P/dates=['2018-07-15']/mine=256
2018-07-22-live-01,2018-07-22,【心灵砒霜】富婆养我?跟谁学的呀这是,252,时长正确,,BV1is411K7ke:252min/7P/dates=['2018-07-22']/mine=240
2018-07-29-live-01,2018-07-29,【心灵砒霜】真skrskr的人才啊,207,时长正确,,BV1Ts411P7jD:207min/7P/dates=['2018-07-29']/mine=207
2018-08-12-live-01,2018-08-12,【心灵砒霜】这是一趟带有起床气的心灵砒霜之旅,251,时长正确,,BV1Es411T7m8:251min/9P/dates=['2018-08-12']/mine=250
2018-08-19-live-01,2018-08-19,【心灵砒霜】啊?科目二考不过两次就要离家出走?,238,时长正确,,BV1xW411973U:238min/7P/dates=['2018-08-19']/mine=238
2018-08-26-live-01,2018-08-26,"【心灵砒霜】谁要知道真相啊,我就想喝个奶茶",225,时长正确,,BV1TW411Q7rb:225min/6P/dates=['2018-08-26']/mine=225
2018-09-09-live-01,2018-09-09,【心灵砒霜】健身鬼才的消耗卡路里方式,271,时长正确,,BV1LW411o7a5:271min/7P/dates=['2018-09-09']/mine=271
2018-09-16-live-02,2018-09-16,"【心灵砒霜】大家好我是陆陆,笑对人生,真好",251,时长正确,,BV1eW411k7Dp:251min/6P/dates=['2018-09-16']/mine=251
2018-09-23-live-01,2018-09-23,"【心灵砒霜】蔗不是ASM啊,蔗只是心灵砒霜,蔗里并没有单独补课",204,时长正确,,BV1YW411z7E7:204min/6P/dates=['2018-09-23']/mine=204
2018-09-30-live-01,2018-09-30,女流的有声节目,202,时长正确,,BV1GW411m7oz:202min/6P/dates=['2018-09-30']/mine=202
2018-10-03-live-01,2018-10-03,女流66生日快乐,224,时长正确,,BV1HW411U7bU:224min/4P/dates=['2018-10-03']/mine=224
2018-10-07-live-01,2018-10-07,心灵砒霜,245,时长正确,纯净版 26+218=244 分钟,
2018-10-14-live-01,2018-10-14,【心灵砒霜】休恋逝水、苦海回身、早悟兰因。,234,时长正确,,BV1Lt411Z7yM:234min/6P/dates=['2018-10-14']/mine=214
2018-10-21-live-01,2018-10-21,【女流直播】心灵砒霜  P1 2018.10.21,175,时长正确,,BV1St411o7Pm:176min/4P/dates=['2018-10-21']/mine=176
2018-11-04-live-01,2018-11-04,"【心灵砒霜】如果植发也可以按揭,就可以奖励自己200个毛囊了",222,时长正确,,BV1Xb411w7Sz:246min/6P/dates=['2018-11-04']/mine=246
2018-11-18-live-01,2018-11-18,心灵砒霜,194,时长正确,,BV1Vt41117ib:194min/4P/dates=['2018-11-18']/mine=194
2018-11-25-live-01,2018-11-25,心灵砒霜,235,时长正确,,BV1pt41197GW:235min/5P/dates=['2018-11-25']/mine=235
2018-12-02-live-01,2018-12-02,心灵砒霜,157,时长正确,,BV1xt411D7wi:196min/4P/dates=['2018-12-02']/mine=196
2018-12-09-live-01,2018-12-09,【心灵砒霜】口红用完了还有一截，告诉你女朋友不用谢,240,时长正确,,BV15t411q7yp:242min/7P/dates=['2018-12-09']/mine=240
2018-12-16-live-01,2018-12-16,心灵砒霜,246,时长正确,,BV1tt411e7ct:246min/8P/dates=['2018-12-16']/mine=246
2018-12-23-live-01,2018-12-23,"【心灵砒霜】以后发明了心跳支付,这钱花的可就更快了",215,时长正确,,BV1pt411k7ij:216min/7P/dates=['2018-12-23']/mine=215
2019-01-06-live-01,2019-01-06,"【心灵砒霜】六式量子世界观下关于什么是爱情的""科学""解释",180,时长正确,,BV15t41147fu:180min/7P/dates=['2019-01-06']/mine=180
2019-01-13-live-01,2019-01-13,女流的有声节目,214,时长正确,,BV1nt411H7WW:214min/6P/dates=['2019-01-13']/mine=214
2019-01-21-live-02,2019-01-21,四年了，感谢有你,142,时长正确,纯净版 142 分钟，另一 142 分钟分P 是同场另一版本,BV1Pt411h7do:284min/4P/dates=['2019-01-21']/mine=284
2019-01-27-live-01,2019-01-27,"【心灵砒霜】""播六十年,播到你们孙子都出生了""",197,时长正确,,BV1ht411t7Jp:201min/4P/dates=['2019-01-27']/mine=197
2019-02-17-live-01,2019-02-17,"【心灵砒霜】回一趟家发现落伍了,老家里人均都网红了",239,时长正确,,BV17b41117tt:239min/7P/dates=['2019-02-17']/mine=239
2019-02-24-live-01,2019-02-24,【心灵砒霜】程序员要学好的第一门语言应该是英语,242,时长正确,,BV1Mb41187mU:242min/8P/dates=['2019-02-24']/mine=242
2019-03-03-live-01,2019-03-03,女流的有声节目,271,时长正确,,BV1mb411B7qY:271min/7P/dates=['2019-03-03']/mine=271
2019-03-10-live-01,2019-03-10,【心灵砒霜】谁让你在梦里都不让我开车呢!!,246,时长正确,,BV1Pb411e71n:195min/5P/dates=['2019-03-10']/mine=194 ; BV1Nb411e7xp:51min/1P/dates=['2019-03-10']/mine=51
2019-03-17-live-01,2019-03-17,【心灵砒霜】娶一个蛇精当老婆是一种怎么样的体验,247,时长正确,,BV1nb411n7X4:247min/6P/dates=['2019-03-17']/mine=247
2019-04-07-live-01,2019-04-07,"【心灵砒霜】说来你们不信,我都是一模一样衣服买几件的!",252,时长正确,,BV1hb411u7Sp:252min/8P/dates=['2019-04-07']/mine=251
2019-04-21-live-01,2019-04-21,"【心灵砒霜】我教你们的伎俩就这么用""祖师爷""身上来了",271,多日合集·本条只占一段,,"BV1xb41137Dz:271min/7P/dates=['2019-04-01', '2019-04-21']/mine=271"
2019-04-28-live-01,2019-04-28,【心灵砒霜】如何从取名开始发展出一个完整的故事,233,时长正确,,BV1Q4411b7NF:234min/7P/dates=['2019-04-28']/mine=234
2019-05-05-live-01,2019-05-05,"【心灵砒霜】如果女孩子在你面前哭了,最快的方法不是安慰她,而是",239,时长正确,,BV1i4411i7aV:239min/7P/dates=['2019-05-05']/mine=238
2019-05-12-live-01,2019-05-12,"【心灵砒霜】不是不会撒娇,只是没必要",228,一条录像覆盖同日多条,,BV1V4411a7FK:228min/7P/dates=['2019-05-12']/mine=228
2019-05-19-live-01,2019-05-19,"【心灵砒霜】如果抬杠可以赚钱,好多人都早就是富翁了",143,时长正确,,BV1K4411j7tn:144min/6P/dates=['2019-05-19']/mine=144
2019-05-26-live-01,2019-05-26,"【心灵砒霜】表白之后对方答应了,反而尬住了怎么办~",246,时长正确,,BV1V4411x7x6:246min/8P/dates=['2019-05-26']/mine=246
2019-06-09-live-01,2019-06-09,【心灵砒霜】只发多喝热水是没什么用的,271,时长正确,,BV1v4411N7wX:271min/7P/dates=['2019-06-09']/mine=271
2019-06-16-live-01,2019-06-16,"【心灵砒霜】坐过我开的车,咱就是生死之交了",258,时长正确,,BV1x441157fe:258min/7P/dates=['2019-06-16']/mine=258
2019-06-23-live-01,2019-06-23,心灵砒霜,253,时长正确,,BV1H4411g7zT:253min/8P/dates=['2019-06-23']/mine=253
2019-07-07-live-02,2019-07-07,心灵砒霜,260,时长正确,,BV134411F7Sy:260min/7P/dates=['2019-07-07']/mine=260
2019-07-14-live-01,2019-07-14,"【心灵砒霜】嗯mmmmmm,所以重启有时候真的有用",170,时长正确,,BV1wt41157kN:180min/4P/dates=['2019-07-14']/mine=180
2019-07-22-live-01,2019-07-22,"【心灵砒霜】如果所有惊叹都用一个词表示的话,哇~",253,时长正确,,BV1zt41177Su:253min/6P/dates=['2019-07-22']/mine=253
2019-07-28-live-01,2019-07-28,"【心灵砒霜】吃饭的时候不让我请,我就不去了",251,时长正确,,BV17t411A7P7:251min/7P/dates=['2019-07-28']/mine=251
2019-08-04-live-01,2019-08-04,"【心灵砒霜】只有吃完分类的时候才后悔,当时为什么点这么多",268,时长正确,,BV1Tt411M7Mj:268min/8P/dates=['2019-08-04']/mine=268
2019-08-13-live-01,2019-08-13,斗鱼天下第一斗歌大赛（女流视角）,385,时长正确,多机位合集（官方直播间、主持人、各导师视角），条目按女流视角计,BV1K4411D7QE:597min/6P/dates=[]/mine=0 ; BV1S4411S7ix:186min/5P/dates=['2019-08-13']/mine=153
2019-08-18-live-01,2019-08-18,"【心灵砒霜】下吧长痘了怎么办,留个胡子遮住就好了",300,时长正确,第一个分P 误写 2019.8.1，全长 300 分钟与条目一致,"BV1W4411o7R3:300min/7P/dates=['2019-08-01', '2019-08-18']/mine=226"
2019-08-25-live-01,2019-08-25,"【心灵砒霜】找一本好书,精读,宁缺毋滥",246,时长正确,,BV1M441167b5:246min/6P/dates=['2019-08-25']/mine=246
2019-09-09-live-01,2019-09-09,"【心灵砒霜】差点因为太瘦而被""逐出""家谱.",243,时长正确,,BV12J411N768:243min/7P/dates=['2019-09-09']/mine=240
2019-09-15-live-01,2019-09-15,"【心灵砒霜】生活就是这样,你没有什么问题",235,时长正确,砒霜分P 标 9.16（跨过零点），纯净版 235 分钟与条目一致,"BV19J411c7Mb:235min/5P/dates=['2019-09-15', '2019-09-16']/mine=17"
2019-09-22-live-01,2019-09-22,心灵砒霜,260,时长正确,,BV13J411M7Jh:260min/7P/dates=['2019-09-22']/mine=260
2019-10-06-live-01,2019-10-06,"【心灵砒霜】简短的恐怖故事,假期最后一天",282,时长正确,,BV12J411F7By:282min/8P/dates=['2019-10-06']/mine=282
2019-10-13-live-01,2019-10-13,"【心灵砒霜】只要不停的搬家,就能加深对城市的了解了",266,时长正确,,BV1vE411d7zd:266min/6P/dates=['2019-10-13']/mine=208
2019-10-27-live-01,2019-10-27,"【心灵砒霜】多年以后还能记起来66,甚至还能记得几句话,就挺好的",255,时长正确,,BV1nE411Y7os:255min/8P/dates=['2019-10-27']/mine=255
2019-11-03-live-01,2019-11-03,【心灵砒霜】谁还不希望自己孩子是个富二代呢,268,时长正确,,BV1qE411q7fU:268min/8P/dates=['2019-11-04']/mine=0
2019-11-10-live-01,2019-11-10,【心灵砒霜】为什么赶走一个程序比赶走一个活人还难,183,时长正确,,BV1mE411Y7Rk:183min/5P/dates=['2019-11-10']/mine=178
2019-11-17-live-01,2019-11-17,"【心灵砒霜】咱水友要是外形上捯饬一下,那可就太抢手了",254,时长正确,,BV1RJ41127Hy:254min/7P/dates=['2019-11-17']/mine=254
2019-12-01-live-01,2019-12-01,【心灵砒霜】66教你如何霸道总裁般的洗一把脸,244,时长正确,,BV1JJ411z7HY:244min/7P/dates=['2019-12-01']/mine=240
2019-12-08-live-01,2019-12-08,【心灵砒霜】醉酒只是给自己一个借口做出了自己一直想做的事情,259,时长正确,,BV1yJ411v7zb:260min/6P/dates=['2019-12-08']/mine=260
2019-12-15-live-01,2019-12-15,"【心灵砒霜】都是过来人,谁还没经历过几个骗术啊",255,时长正确,,BV1TJ41167Ev:255min/6P/dates=['2019-12-15']/mine=255
2019-12-22-live-01,2019-12-22,【心灵砒霜】大家冬至吃饺子了吗,294,时长正确,两份录像分别是同场的两个版本,"BV1hJ411s7hF:294min/3P/dates=['2019-12-22']/mine=294 ; BV16J411s7qn:222min/7P/dates=['2019-12-22', '2019-12-23']/mine=222"
2019-12-29-live-01,2019-12-29,"【心灵砒霜】读大学最幸运的事,就是学到了自己想学的专业",252,时长正确,,BV1QJ411871c:252min/6P/dates=['2019-12-29']/mine=252
2020-01-05-live-01,2020-01-05,"【心灵砒霜】并不是只有深夜才是属于自己的时间,其实清晨也是",258,多日合集·本条只占一段,,"BV1oJ411L7VX:258min/6P/dates=['2020-01-05', '2020-01-06']/mine=258 ; BV1zJ411L7EN:254min/3P/dates=['2020-01-05']/mine=254"
2020-01-12-live-01,2020-01-12,"【心灵砒霜】科学不在乎你认为,所以当你认为的时候就不科学了",253,多日合集·本条只占一段,,"BV1hJ411n7Ti:279min/8P/dates=['2020-01-03', '2020-01-12']/mine=227"
2020-01-18-live-01,2020-01-18,疑案追声-黑面观音/ Unheard DLC,162,时长确实少算,订正为 280 分钟（已挂录像 BV1T7411q7tL 纯净版全长）,BV1T7411q7tL:280min/3P/dates=['2020-01-18']/mine=280
2020-01-19-live-01,2020-01-19,"【心灵砒霜】借钱千万要谨慎呐,开口要债比表白还难",255,时长正确,,BV1n7411v7rm:256min/9P/dates=['2020-01-19']/mine=256
2020-03-04-live-01,2020-03-04,月影之塔,299,时长确实少算,订正为 437 分钟（已挂录像 BV1NE411s7BL 纯净版全长）,BV1NE411s7BL:437min/8P/dates=['2020-03-04']/mine=437
2020-05-09-live-01,2020-05-09,冒险公社,83,一条录像覆盖同日多条,,BV15t4y117EG:367min/8P/dates=['2020-05-09']/mine=367
2020-05-17-live-01,2020-05-17,"【心灵砒霜】澄清一下,眼睛不是小,只是爱笑,草原风味的砒霜",274,时长正确,,BV1RV411k7ro:274min/11P/dates=['2020-05-17']/mine=274
2020-05-24-live-01,2020-05-24,"【心灵砒霜】等我拿到驾照,一定要直播放礼花庆祝一下",246,时长正确,,BV1gz4y197tK:246min/8P/dates=['2020-05-24']/mine=246 ; BV16z411v7qp:241min/2P/dates=[]/mine=0
2020-05-31-live-01,2020-05-31,"【心灵砒霜】一个人同时有那么多备胎,都是电视剧拍给你看的",277,时长正确,,BV1CT4y1E7Ls:278min/10P/dates=['2020-05-31']/mine=255 ; BV1gT4y1g7DC:277min/3P/dates=[]/mine=0
2020-06-07-live-01,2020-06-07,"【心灵砒霜】纯爷们也得捯饬一下自己,并不会让你变娘的",251,时长正确,,BV1ZK4y1x7JF:251min/9P/dates=['2020-06-07']/mine=195
2020-06-14-live-01,2020-06-14,【心灵砒霜】每天醒来都要确认下是不是真的过了科目二,254,时长正确,,BV1yf4y1y7Lu:254min/10P/dates=['2020-06-14']/mine=254
2020-06-28-live-01,2020-06-28,【心灵砒霜】有时候可以随波逐流也是一种幸运,241,时长正确,,BV1ik4y1q7jL:242min/10P/dates=['2020-06-28']/mine=242
2020-08-09-live-01,2020-08-09,"【心灵砒霜】可能人人都是一条咸鱼,只是有的人齁一点.",245,时长正确,,BV1wt4y1Q7Yx:245min/2P/dates=['2020-08-09']/mine=245 ; BV1Hp4y1v7UC:245min/9P/dates=['2020-08-09']/mine=245
2020-08-16-live-01,2020-08-16,"【心灵砒霜】人呐,永远都看不到已经有的,只想要那些看不见的",239,时长正确,,BV1Xf4y197Hr:239min/9P/dates=['2020-08-16']/mine=239
2020-08-23-live-01,2020-08-23,"【心灵砒霜】很多问题,其实只需要一个人去倾听去聊",231,时长正确,,BV1y54y1e7Pm:231min/8P/dates=['2020-08-23']/mine=231
2020-08-30-live-01,2020-08-30,"【心灵砒霜】但凡当年知道这ID要用这么多年,肯定得想个酷炫点的",258,时长正确,,BV1Af4y1X7Jh:258min/10P/dates=['2020-08-30']/mine=258 ; BV1tK4y1e7Jy:257min/2P/dates=['2020-08-30']/mine=257
2020-09-06-live-01,2020-09-06,"【心灵砒霜】如果你喜欢的东西,能够恰好给你赚钱,那可太好了",266,时长正确,,BV1dD4y1d78E:266min/7P/dates=['2020-09-06']/mine=266
2020-09-13-live-01,2020-09-13,【心灵砒霜】曾经也有个当舞蹈艺术家的梦想,242,时长正确,,BV1ap4y1e7ao:242min/9P/dates=['2020-09-13']/mine=240
2020-09-27-live-01,2020-09-27,【心灵砒霜】A级心里医生需要怎么排解积累的负能量呢,237,时长正确,,BV1sA411J7J4:237min/8P/dates=['2020-09-27']/mine=237
2020-10-18-live-01,2020-10-18,"【心灵砒霜】只要我还有食欲,就感觉自己应该还没抑郁",243,时长正确,,BV1B54y1R7yr:243min/10P/dates=['2020-10-18']/mine=240
2020-10-25-live-01,2020-10-25,"【心灵砒霜】就是因为找到了自己的笨,才能变的聪明",210,时长正确,,BV1Lp4y1k7R3:238min/10P/dates=['2020-10-25']/mine=237
2020-11-01-live-01,2020-11-01,【心灵砒霜】长大了和小时候有什么区别，就是没有梦想了,256,时长正确,,BV1Dy4y1r7Zj:256min/9P/dates=['2020-11-01']/mine=256
2020-11-08-live-01,2020-11-08,【心灵砒霜】我人生最瘦的时候一度只有几斤,245,时长正确,,BV1wT4y1c7AV:245min/9P/dates=['2020-11-08']/mine=245
2020-11-15-live-01,2020-11-15,"【心灵砒霜】在我小时候,打游戏这件事情是有""门槛的""",212,时长正确,,BV1ip4y167tP:268min/8P/dates=['2020-11-15']/mine=268
2020-11-22-live-01,2020-11-22,"【心灵砒霜】所谓理想的生活,是需要理想的能力去匹配",287,时长正确,,BV1qa4y1p7hb:287min/10P/dates=['2020-11-22']/mine=287
2020-11-29-live-01,2020-11-29,【心灵砒霜】可能我们唯一有价值的东西就是时间本身,235,时长正确,,BV1u54y167mA:235min/11P/dates=['2020-11-29']/mine=234
2020-12-06-live-01,2020-12-06,"【心灵砒霜】关系越好,才越需要注意礼数和周到",264,时长正确,,BV1nv411b78T:264min/10P/dates=['2020-12-06']/mine=264
2020-12-13-live-01,2020-12-13,"【心灵砒霜】人生没有对照组,所以没有那么多如果",254,时长正确,,BV1rK4y1L7z7:254min/11P/dates=['2020-12-13']/mine=254
2020-12-20-live-01,2020-12-20,"【心灵砒霜】如果表白就不用还钱的话,那人人都不用还花呗了",276,时长正确,,BV18t4y1k7zj:276min/11P/dates=['2020-12-20']/mine=276
2020-12-27-live-01,2020-12-27,"【心灵砒霜】不是因为她是学霸所以她学习好,因果关系反啦",248,时长正确,,BV1Xa4y1J7Uz:248min/11P/dates=['2020-12-27']/mine=248
2021-01-03-live-01,2021-01-03,"【心灵砒霜】快乐只存在于现在,悲伤却能延续",264,时长正确,,BV1Ci4y1F7KJ:265min/11P/dates=['2021-01-03']/mine=264
2021-01-10-live-01,2021-01-10,"【心灵砒霜】我这不是油头,这叫发型",256,时长正确,,BV1ci4y1c7oo:256min/10P/dates=['2021-01-10']/mine=256
2021-01-17-live-01,2021-01-17,【心灵砒霜】让二哥指导化妆是一种怎样的体验,240,时长正确,,BV1dA411H7cZ:240min/9P/dates=['2021-01-17']/mine=240
2021-01-24-live-01,2021-01-24,"【心灵砒霜】越是谨小慎微的关系,越容易破碎",246,时长正确,,BV1Yf4y1k7uK:246min/10P/dates=['2021-01-24']/mine=246
2021-01-31-live-01,2021-01-31,"【心灵砒霜】""这下凡的时候咋也没给选个好看的皮肤呢""",247,时长正确,,BV1GN411o7eF:247min/11P/dates=['2021-01-31']/mine=247
2021-02-07-live-01,2021-02-07,"【心灵砒霜】三次元没内味儿,还得是二次元",253,时长正确,,BV1gK4y1Q7Dh:253min/11P/dates=['2021-02-07']/mine=252
2021-02-13-live-01,2021-02-13,马里奥3D世界NS版来啦,226,一条录像覆盖同日多条,,BV1QK4y1n7u5:325min/6P/dates=[]/mine=0 ; BV1Gr4y1N7Ed:226min/4P/dates=['2021-02-13']/mine=226
2021-02-14-live-01,2021-02-14,"【心灵砒霜】孩子会打酱油了不起啊,我自己不会吗",234,时长正确,,BV1Cy4y1Y78b:234min/10P/dates=['2021-02-14']/mine=234
2021-02-21-live-01,2021-02-21,"【心灵砒霜】很少有不会的题,懵一般都不会懵对",238,时长正确,,BV1CV411e7GJ:238min/10P/dates=['2021-02-21']/mine=238
2021-02-25-live-01,2021-02-25,牧场物语之橄榄镇与希望的大地,37,时长确实少算,订正为 200 分钟（已挂录像 BV1jh411k7ke 纯净版全长）,BV1jh411k7ke:200min/6P/dates=['2021-02-25']/mine=200
2021-02-27-live-01,2021-02-27,节奏医生,40,时长确实少算,订正为 240 分钟（已挂录像 BV1ey4y177Pi 纯净版全长）,BV1ey4y177Pi:240min/6P/dates=['2021-02-27']/mine=240
2021-02-28-live-01,2021-02-28,"【心灵砒霜】男生就是不会哭,要是会哭唧唧就灵了",244,时长正确,,BV1FK4y1D7tP:244min/10P/dates=['2021-02-28']/mine=243
2021-03-02-live-01,2021-03-02,鬼谷八荒,119,时长确实少算,订正为 308 分钟（已挂录像 BV1NK4y1D7hG 纯净版全长）,BV1NK4y1D7hG:308min/9P/dates=['2021-03-02']/mine=308
2021-03-04-live-01,2021-03-04,ALTF4,198,时长确实少算,订正为 276 分钟（已挂录像 BV1Br4y1A7TS 纯净版全长）,BV1Br4y1A7TS:276min/7P/dates=['2021-03-04']/mine=276
2021-03-05-live-01,2021-03-05,节奏医生,81,时长确实少算,订正为 256 分钟（已挂录像 BV1T5411K7Ak 纯净版全长）,BV1T5411K7Ak:256min/7P/dates=['2021-03-05']/mine=256
2021-03-06-live-01,2021-03-06,ALTF4,104,一条录像覆盖同日多条,,BV1sz4y117Bb:245min/7P/dates=['2021-03-06']/mine=245
2021-03-06-live-02,2021-03-06,节奏医生,141,一条录像覆盖同日多条,,BV1sz4y117Bb:245min/7P/dates=['2021-03-06']/mine=245
2021-03-07-live-01,2021-03-07,【心灵砒霜】有时候找朋友比找男朋友还难,273,时长正确,,BV1jy4y1E7wz:274min/13P/dates=['2021-03-07']/mine=273
2021-03-08-live-01,2021-03-08,大富翁10,176,时长确实少算,订正为 334 分钟（已挂录像 BV14y4y187SX 纯净版全长）,BV14y4y187SX:334min/10P/dates=['2021-03-08']/mine=334
2021-03-11-live-01,2021-03-11,阿尔芭与野生动物的故事,84,时长确实少算,订正为 271 分钟（已挂录像 BV1Zv411h7Am 纯净版全长）,BV1Zv411h7Am:271min/7P/dates=['2021-03-11']/mine=271
2021-03-14-live-01,2021-03-14,"【心灵砒霜】写的时候唉声叹气,优化的时候抓耳挠腮",257,时长正确,,BV11i4y1K7Lt:257min/13P/dates=['2021-03-14']/mine=257
2021-03-15-live-01,2021-03-15,Hades,179,时长确实少算,订正为 263 分钟（已挂录像 BV1uf4y1x71a 纯净版全长）,BV1uf4y1x71a:263min/7P/dates=['2021-03-15']/mine=263
2021-03-16-live-01,2021-03-16,Hades,110,时长确实少算,订正为 297 分钟（已挂录像 BV1op4y1h7GK 纯净版全长）,BV1op4y1h7GK:297min/8P/dates=['2021-03-16']/mine=297
2021-03-17-live-01,2021-03-17,Hades,71,时长确实少算,订正为 269 分钟（已挂录像 BV1ip4y1h74k 纯净版全长）,BV1ip4y1h74k:269min/8P/dates=['2021-03-17']/mine=269
2021-03-20-live-01,2021-03-20,战意,70,一条录像覆盖同日多条,,BV1av411a7Tf:297min/8P/dates=['2021-03-20']/mine=297
2021-03-20-live-02,2021-03-20,绝地求生,202,一条录像覆盖同日多条,,BV1av411a7Tf:297min/8P/dates=['2021-03-20']/mine=297
2021-03-21-live-01,2021-03-21,【心灵砒霜】优秀的主播就是会经常记笔记学习,320,时长正确,,BV1Li4y1P7SR:327min/14P/dates=['2021-03-21']/mine=327
2021-03-22-live-01,2021-03-22,末日准备狂,84,时长确实少算,订正为 279 分钟（已挂录像 BV1nZ4y1w7BA 纯净版全长）,BV1nZ4y1w7BA:279min/7P/dates=['2021-03-22']/mine=279
2021-03-25-live-01,2021-03-25,Puyo Puyo Tetris 2,42,一条录像覆盖同日多条,,BV1fK4y127wn:225min/7P/dates=['2021-03-25']/mine=225
2021-03-26-live-01,2021-03-26,怪物猎人 崛起,255,一条录像覆盖同日多条,,BV1Ty4y1b7TL:383min/11P/dates=['2021-03-26']/mine=383
2021-03-26-live-03,2021-03-26,坎公骑冠剑,128,一条录像覆盖同日多条,,BV1Ty4y1b7TL:383min/11P/dates=['2021-03-26']/mine=383
2021-03-28-live-01,2021-03-28,【心灵砒霜】女朋友跟你吵闹的原因可能就是你不知道为什么,260,时长正确,,BV1sX4y1G7V3:260min/13P/dates=['2021-03-28']/mine=260
2021-04-11-live-01,2021-04-11,【心灵砒霜】在梦里提醒自己不是上课睡觉的人,257,时长正确,,BV1dK4y1m7bD:258min/12P/dates=['2021-04-11']/mine=258
2021-04-13-live-01,2021-04-13,Genesis Noir,119,时长确实少算,订正为 298 分钟（已挂录像 BV1xU4y1h7Ed 纯净版全长）,BV1xU4y1h7Ed:298min/8P/dates=['2021-04-13']/mine=298
2021-04-18-live-01,2021-04-18,【心灵砒霜】美人胚子的意思就是距离美人还差的很远,277,时长正确,,BV1y54y1L7rk:277min/14P/dates=['2021-04-18']/mine=277
2021-04-23-live-01,2021-04-23,怪物男孩,180,时长确实少算,订正为 385 分钟（已挂录像 BV1Ef4y1p7pK 纯净版全长）,BV1Ef4y1p7pK:385min/10P/dates=['2021-04-23']/mine=385
2021-04-24-live-01,2021-04-24,怪物男孩,156,一条录像覆盖同日多条,,BV1KV411J7QP:264min/8P/dates=['2021-04-24']/mine=264
2021-04-24-live-02,2021-04-24,怪物男孩&永劫无间,107,一条录像覆盖同日多条,,BV1KV411J7QP:264min/8P/dates=['2021-04-24']/mine=264
2021-04-25-live-01,2021-04-25,"【心灵砒霜】低情商:班门弄斧,高情商:抛砖引玉",262,时长正确,,BV1Q84y1F7dc:262min/13P/dates=['2021-04-25']/mine=262
2021-04-27-live-01,2021-04-27,世界游戏大全51&坎公骑冠剑,137,时长确实少算,订正为 318 分钟（已挂录像 BV1ey4y1s75L 纯净版全长）,BV1ey4y1s75L:318min/9P/dates=['2021-04-27']/mine=318
2021-05-01-live-01,2021-05-01,世界游戏大全51,163,一条录像覆盖同日多条,,BV1i54y157hs:301min/9P/dates=['2021-05-01']/mine=301
2021-05-01-live-02,2021-05-01,超级马里欧派对,138,一条录像覆盖同日多条,,BV1i54y157hs:301min/9P/dates=['2021-05-01']/mine=301
2021-05-02-live-01,2021-05-02,【心灵砒霜】上大学的高光时刻就是金工实习做锤子,291,时长正确,,BV1C54y1j7Gd:291min/14P/dates=['2021-05-02']/mine=291
2021-05-16-live-01,2021-05-16,【心灵砒霜】之所以老是丢包是因为有人帮我拿包,249,时长正确,,BV1rA411G7S6:251min/11P/dates=['2021-05-16']/mine=251
2021-06-06-live-01,2021-06-06,"【心灵砒霜】又是一年6月6啊,6月6",252,时长正确,,BV1B64y1R7Q1:252min/12P/dates=['2021-06-06']/mine=252
2021-06-13-live-01,2021-06-13,【心灵砒霜】如何成为我喜欢的那个女孩的独家聊天对象,227,时长正确,,BV1Gg411g7Jv:227min/10P/dates=['2021-06-13']/mine=227
2021-07-04-live-01,2021-07-04,【心灵砒霜】不用儿化音说话可太难了,242,时长正确,,BV11y4y1M7Pn:242min/11P/dates=['2021-07-04']/mine=242
2021-07-11-live-01,2021-07-11,心灵砒霜,241,时长正确,,BV1fv411J7CE:241min/11P/dates=['2021-07-11']/mine=240
2021-07-25-live-01,2021-07-25,【心灵砒霜】现实就是在该认清现实的时候没有认清现实,244,时长正确,,BV1u64y1x7Y5:244min/11P/dates=['2021-07-25']/mine=244
2021-08-01-live-01,2021-08-01,【心灵砒霜】已经到了喝茶代替喝饮料的年纪了,248,时长正确,,BV1b64y1B7B9:248min/11P/dates=['2021-08-01']/mine=248
2021-08-04-live-01,2021-08-04,数独&节奏医生&上古之魂,222,一条录像覆盖同日多条,,BV13v411J7Ef:422min/12P/dates=['2021-08-04']/mine=422
2021-08-04-live-02,2021-08-04,永劫无间,200,一条录像覆盖同日多条,,BV13v411J7Ef:422min/12P/dates=['2021-08-04']/mine=422
2021-08-08-live-01,2021-08-08,【心灵砒霜】女生追女生这种事情，大家都没什么经验啊,332,时长正确,,BV1s3411z7cz:333min/13P/dates=['2021-08-08']/mine=333
2021-08-18-live-01,2021-08-18,GRIME,302,一条录像覆盖同日多条,,BV1mq4y1S7gX:455min/11P/dates=['2021-08-18']/mine=455
2021-08-18-live-02,2021-08-18,九十六号公路,154,一条录像覆盖同日多条,,BV1mq4y1S7gX:455min/11P/dates=['2021-08-18']/mine=455
2021-08-29-live-01,2021-08-29,【心灵砒霜】你要站我对面，我就得给你上课了,260,时长正确,,BV1iQ4y1h7Wo:260min/14P/dates=['2021-08-29']/mine=260
2021-09-04-live-01,2021-09-04,心灵砒霜,253,时长正确,,BV1y64y1Y7S4:253min/8P/dates=['2021-09-04']/mine=253
2021-09-12-live-01,2021-09-12,"【心灵砒霜】很多时候,你感受到的默契也只是对方的我愿意",255,时长正确,,BV1uU4y1N72x:255min/14P/dates=['2021-09-12']/mine=255
2021-10-03-live-01,2021-10-03,"【心灵砒霜】所以打麻将到底靠什么,好像也没差点啥啊",247,时长正确,,BV16P4y187Sr:248min/12P/dates=['2021-10-03']/mine=248
2021-10-17-live-02,2021-10-17,【心灵砒霜】股票这东西怎么绿了之后还绿啊,191,时长正确,,BV1Sh411b7ox:191min/10P/dates=['2021-10-17']/mine=191
2021-10-24-live-01,2021-10-24,【心灵砒霜】面对感情这东西太佛系了是不会找到对象的,282,时长正确,,BV1JQ4y1q7A9:283min/14P/dates=['2021-10-24']/mine=283
2021-10-31-live-01,2021-10-31,心灵砒霜&弹幕版,264,时长正确,,BV17q4y1V73d:264min/14P/dates=['2021-10-31']/mine=264
2021-11-14-live-01,2021-11-14,心灵砒霜 / Elden Ring 网络测试,419,时长正确,,BV19L411u7bZ:421min/17P/dates=['2021-11-14']/mine=421
2021-11-21-live-01,2021-11-21,"【心灵砒霜】题不对的时候,答案根本就不重要",251,时长正确,纯净版约 251 分钟,
2021-11-28-live-01,2021-11-28,"【心灵砒霜】当断则断不断则乱,不要顾及太多",198,多日合集·本条只占一段,,"BV1TL4y1W7Dg:331min/13P/dates=['2021-11-27', '2021-11-28']/mine=191"
2021-11-28-live-02,2021-11-28,雀圣,140,一条录像覆盖同日多条,心灵砒霜&雀圣&弹幕版 合在一条 BV，本条只占雀圣一段,"BV1TL4y1W7Dg:331min/13P/dates=['2021-11-27', '2021-11-28']/mine=191"
2021-12-05-live-01,2021-12-05,【心灵砒霜】千万不要去验证ta对你的死心塌地,258,时长正确,,BV1V44y1a7qa:259min/12P/dates=['2021-12-05']/mine=259
2021-12-09-live-02,2021-12-09,雀魂麻将,66,一条录像覆盖同日多条,,BV1WM4y1A7t9:246min/6P/dates=['2021-12-09']/mine=246
2021-12-12-live-01,2021-12-12,【心灵砒霜】为什么每一个男人都会觉得她在跟我玩真的,287,时长正确,,BV1qi4y1d7WB:287min/14P/dates=['2021-12-12']/mine=287
2021-12-24-live-01,2021-12-24,FallGuys,129,一条录像覆盖同日多条,,BV1YD4y1c7sb:357min/9P/dates=['2021-12-24']/mine=357
2021-12-24-live-02,2021-12-24,层层恐惧,227,一条录像覆盖同日多条,,BV1YD4y1c7sb:357min/9P/dates=['2021-12-24']/mine=357
2022-01-02-live-01,2022-01-02,"【心灵砒霜】人和人在沟通这件事上,不是努力就有结果的",251,源挂得对,BV1vu411U7MZ 是她本人号 01-04 投的当天砒霜片段，分P 名是投稿日,BV1vu411U7MZ:29min/1P/dates=['2022-01-04']/mine=0 ; BV1ai4y197Sn:251min/12P/dates=['2022-01-02']/mine=251
2022-01-09-live-01,2022-01-09,【心灵砒霜】爱情有时候现实的问题更多,243,时长正确,,BV1LL4y1b7fC:243min/12P/dates=['2022-01-09']/mine=243
2022-01-16-live-01,2022-01-16,"【心灵砒霜】看来喜欢的女生,身上都会发光",271,时长正确,,BV1sm4y1U7Gz:271min/14P/dates=['2022-01-16']/mine=271
2022-12-18-live-01,2022-12-18,Springblades,170,一条录像覆盖同日多条,,BV1914y1N7hX:170min/1P/dates=['2022-12-18']/mine=170 ; BV1zG411P7S8:240min/9P/dates=['2022-12-18']/mine=240
2022-12-18-live-02,2022-12-18,失眠,75,一条录像覆盖同日多条,,BV1624y1D7t2:76min/1P/dates=['2022-12-18']/mine=76 ; BV1zG411P7S8:240min/9P/dates=['2022-12-18']/mine=240
2022-12-19-live-01,2022-12-19,【2022-12-19 15点场】女流66：【今日双倍】QTE到底,120,时长确实少算,订正为 263 分钟（已挂录像 BV1wg411J7Er 纯净版全长）,BV1wg411J7Er:263min/10P/dates=['2022-12-19']/mine=263
2022-12-29-live-01,2022-12-29,【2022-12-29 15点场】女流66：烧脑解谜TIME~达芬奇3,161,时长确实少算,订正为 280 分钟（已挂录像 BV1zR4y1D7yy 纯净版全长）,BV1zR4y1D7yy:280min/10P/dates=['2022-12-29']/mine=280
2023-01-11-live-01,2023-01-11,66的心灵offer,72,一条录像覆盖同日多条,,BV1gd4y1773h:72min/1P/dates=['2023-01-11']/mine=72 ; BV1y14y1u7K8:299min/9P/dates=['2023-01-11']/mine=299
2023-01-24-live-01,2023-01-24,【2023-01-24 17点场】女流66：【钻粉2.5倍】新年快乐,120,时长确实少算,订正为 250 分钟（已挂录像 BV17R4y1h7rq 纯净版全长）,BV17R4y1h7rq:250min/8P/dates=['2023-01-24']/mine=250
2023-03-02-live-01,2023-03-02,卧龙,279,一条录像覆盖同日多条,,BV1BD4y1M7Un:279min/1P/dates=['2023-03-02']/mine=279 ; BV1484y1K7JD:439min/15P/dates=['2023-03-02']/mine=439
2023-03-02-live-02,2023-03-02,土豆兄弟,248,一条录像覆盖同日多条,,BV1BM41147so:248min/1P/dates=['2023-03-02']/mine=248 ; BV1484y1K7JD:439min/15P/dates=['2023-03-02']/mine=439
2023-03-14-live-01,2023-03-14,【2023-03-14 13点场】女流66：156277直播间,120,时长确实少算,订正为 450 分钟（已挂录像 BV1gx4y1K7yc 纯净版全长）,BV1bo4y1B77D:150min/5P/dates=['2023-03-14']/mine=150 ; BV1gx4y1K7yc:450min/2P/dates=['2023-03-14']/mine=450
2023-03-29-live-01,2023-03-29,Storyteller,120,一条录像覆盖同日多条,,BV1hN411N7dq:252min/1P/dates=['2023-03-29']/mine=252 ; BV1oX4y1R7Pu:260min/9P/dates=['2023-03-29']/mine=260 ; BV1aL411S7ie:120min/1P/dates=['2023-03-29']/mine=120
2023-04-24-live-01,2023-04-24,满庭芳：宋上繁华,112,一条录像覆盖同日多条,,BV12c411J7xT:267min/9P/dates=['2023-04-24']/mine=267 ; BV1yM4y1a7Yt:112min/1P/dates=['2023-04-24']/mine=112
2023-04-24-live-02,2023-04-24,火山的女儿,159,一条录像覆盖同日多条,,BV12c411J7xT:267min/9P/dates=['2023-04-24']/mine=267 ; BV1Vh4y1n7rc:159min/1P/dates=['2023-04-24']/mine=159
2023-05-22-live-01,2023-05-22,斗鱼高校音乐盛典,308,一条录像覆盖同日多条,,BV1Bd4y1Z77c:144min/1P/dates=['2023-05-22']/mine=144 ; BV1mo4y1G7F9:534min/15P/dates=['2023-05-22']/mine=534
2023-05-22-live-02,2023-05-22,塞尔达传说,377,一条录像覆盖同日多条,,BV1mo4y1G7F9:534min/15P/dates=['2023-05-22']/mine=534
2023-07-02-live-01,2023-07-02,潜水员戴夫,171,一条录像覆盖同日多条,,BV1wF411R7Tw:171min/1P/dates=['2023-07-02']/mine=171 ; BV1Bg4y1A7Sk:522min/17P/dates=['2023-07-02']/mine=522
2023-07-02-live-02,2023-07-02,糖豆人,238,一条录像覆盖同日多条,,BV1rh4y1M7nJ:238min/1P/dates=['2023-07-02']/mine=238 ; BV1Bg4y1A7Sk:522min/17P/dates=['2023-07-02']/mine=522
2023-07-10-live-02,2023-07-10,糖豆人,147,时长确实少算,订正为 209 分钟（已挂录像 BV1GN411U7zV 纯净版全长）,"BV1GN411U7zV:209min/7P/dates=['2023-07-10', '2023-07-11']/mine=172 ; BV1Tm4y1E7LF:145min/1P/dates=['2023-07-10']/mine=145"
2023-07-22-live-01,2023-07-22,Street Fighter,296,一条录像覆盖同日多条,,BV1eM4y1p73N:490min/16P/dates=['2023-07-22']/mine=490 ; BV1hV4y1t7zT:148min/1P/dates=['2023-07-22']/mine=148
2023-07-22-live-02,2023-07-22,遗迹2,324,一条录像覆盖同日多条,KassyTan 三段按时间戳分属当天各场,"BV1eM4y1p73N:490min/16P/dates=['2023-07-22']/mine=490 ; BV1yc411c79J:127min/1P/dates=['2023-07-22']/mine=127 ; BV1qu4y1U7A8:117min/4P/dates=['2023-07-22', '2023-07-23']/mine=64 ; BV1bh4y127Pu:96min/4P/dates=['2023-07-22']/mine=96"
2023-11-20-live-01,2023-11-20,因果动物园,172,一条录像覆盖同日多条,,BV1gw411P79y:271min/1P/dates=['2023-11-20']/mine=271
2024-12-10-live-02,2024-12-10,黑神话悟空大更新！好多人呐,345,多日合集·本条只占一段,,"BV1ErqrY2EDG:345min/6P/dates=['2024-12-10']/mine=345 ; BV12hBKY8ELa:1282min/27P/dates=['2024-12-10', '2024-12-11', '2024-12-12']/mine=334"
2024-12-11-live-02,2024-12-11,黑神话悟空大更新！进来下饭（午间场）,230,多日合集·本条只占一段,KassyTan 27P 合集覆盖 12-10～12-16,"BV12hBKY8ELa:1282min/27P/dates=['2024-12-10', '2024-12-11', '2024-12-12']/mine=456 ; BV1WkqmYgEZu:230min/4P/dates=['2024-12-11']/mine=230"
2024-12-11-live-03,2024-12-11,黑神话悟空大更新！进来下饭（晚间场）,240,多日合集·本条只占一段,同上,"BV12hBKY8ELa:1282min/27P/dates=['2024-12-10', '2024-12-11', '2024-12-12']/mine=456 ; BV1qJqQYrEgX:120min/2P/dates=['2024-12-11']/mine=120"
2024-12-12-live-02,2024-12-12,黑神话悟空大更新！进来下饭,146,多日合集·本条只占一段,,"BV12hBKY8ELa:1282min/27P/dates=['2024-12-10', '2024-12-11', '2024-12-12']/mine=146 ; BV1WGqYYeEr1:142min/3P/dates=['2024-12-12']/mine=142"
2024-12-14-live-02,2024-12-14,黑神话悟空大更新，进来下饭,88,多日合集·本条只占一段,,"BV12hBKY8ELa:1282min/27P/dates=['2024-12-10', '2024-12-11', '2024-12-12']/mine=88 ; BV1hdBLYNEaW:88min/2P/dates=['2024-12-14']/mine=88"
2024-12-15-live-02,2024-12-15,黑神话悟空大更新，挑战boss连战！,271,多日合集·本条只占一段,,"BV12hBKY8ELa:1282min/27P/dates=['2024-12-10', '2024-12-11', '2024-12-12']/mine=257 ; BV1M4qoYGERR:271min/5P/dates=['2024-12-15']/mine=271"
2025-06-24-live-01,2025-06-24,新作一起玩：死亡搁浅2 2025/06/24 11时场,279,一条录像覆盖同日多条,,BV1aYKuzVEMs:405min/8P/dates=['2025-06-24']/mine=405 ; BV1vWKuzJELx:405min/8P/dates=['2025-06-24']/mine=405 ; BV14CK3zLE6y:279min/3P/dates=['2025-06-24']/mine=279
2025-06-24-live-02,2025-06-24,新作一起玩：死亡搁浅2 2025/06/24 19时场,123,一条录像覆盖同日多条,,BV1aYKuzVEMs:405min/8P/dates=['2025-06-24']/mine=405 ; BV1vWKuzJELx:405min/8P/dates=['2025-06-24']/mine=405 ; BV1wqKGzMEP9:123min/2P/dates=['2025-06-24']/mine=123
2025-06-26-live-02,2025-06-26,新作一起玩死亡搁浅2最高难度（12时场）,305,一条录像覆盖同日多条,,BV1hvKRzzEPJ:422min/8P/dates=['2025-06-26']/mine=422 ; BV1wRKozeEUd:303min/3P/dates=['2025-06-26']/mine=303 ; BV1NSKRzFEK9:422min/8P/dates=['2025-06-26']/mine=422
2025-06-26-live-03,2025-06-26,异人之下二测我来体验体验（晚间场）,117,一条录像覆盖同日多条,,BV1hvKRzzEPJ:422min/8P/dates=['2025-06-26']/mine=422 ; BV1veKfzdEXV:116min/3P/dates=[]/mine=0 ; BV1NSKRzFEK9:422min/8P/dates=['2025-06-26']/mine=422
2025-07-24-live-01,2025-07-24,明末：渊虚之羽（18时场）,181,一条录像覆盖同日多条,整日合集含 10时场、18时场，条目 note 已写明只算 18时场,BV1mu8TzsEnX:493min/10P/dates=['2025-07-24']/mine=493 ; BV18w8TzFEV1:493min/10P/dates=['2025-07-24']/mine=493
2025-11-28-live-01,2025-11-28,江山北望：立个称霸的小目标,211,未决,不懒bot 421 分钟版本可能跨两天或含别的章节，未逐段核,BV1yhSnBxEkx:211min/4P/dates=['2025-11-28']/mine=211 ; BV1eQSEBPEuT:421min/9P/dates=[]/mine=0
2025-12-12-live-01,2025-12-12,TGA游戏颁奖典礼一起看,205,时长正确,,BV1wRmjBqEQC:206min/3P/dates=[]/mine=0 ; BV19tm5BjEHj:205min/4P/dates=['2025-12-12']/mine=205
2025-12-27-live-01,2025-12-27,燕云周年庆啦，体验下不见山新地图,244,时长正确,,BV11HByB8Evv:244min/5P/dates=[]/mine=0 ; BV1ysByBtETs:244min/10P/dates=[]/mine=0
2025-12-28-live-01,2025-12-28,燕云周年庆啦，体验下不见山新地图,164,时长正确,,BV11dvkBmEsE:163min/8P/dates=[]/mine=0 ; BV1tMvkBDE1D:164min/3P/dates=[]/mine=0
2026-01-22-live-01,2026-01-22,明日方舟终末地公测啦,188,时长正确,,BV1ucBfB3Edd:186min/11P/dates=[]/mine=0 ; BV1c7BfB8EDD:188min/4P/dates=[]/mine=0
2026-02-05-live-01,2026-02-05,乱剪一通,111,时长正确,,BV1fvFvzLEVU:111min/2P/dates=['2026-02-05']/mine=111 ; BV1WyFeznE47:111min/2P/dates=[]/mine=0
2026-02-06-live-03,2026-02-06,更新拉~燕云新地图皇宫,180,时长正确,,BV1ijFCzhEG5:180min/4P/dates=[]/mine=0 ; BV1KUF7zCE9H:180min/2P/dates=[]/mine=0
2026-02-26-live-01,2026-02-26,生化危机9最高画质首播,244,多日合集·本条只占一段,,"BV1JYAyzJErV:943min/13P/dates=['2026-02-26', '2026-02-27', '2026-02-28']/mine=244 ; BV1nxAkzjEx1:244min/5P/dates=['2026-02-26']/mine=244 ; BV13DAkzFEP5:244min/5P/dates=['2026-02-26']/mine=244"
2026-02-27-live-01,2026-02-27,生化危机9最高画质首播,421,多日合集·本条只占一段,,"BV1naA2zZESw:421min/8P/dates=['2026-02-27']/mine=421 ; BV1JYAyzJErV:943min/13P/dates=['2026-02-26', '2026-02-27', '2026-02-28']/mine=420 ; BV1o8ASzdEJ4:420min/8P/dates=[]/mine=0"
2026-02-28-live-01,2026-02-28,生化危机9最高画质首播,279,多日合集·本条只占一段,,"BV1UvAaz8EoC:279min/5P/dates=[]/mine=0 ; BV1JYAyzJErV:943min/13P/dates=['2026-02-26', '2026-02-27', '2026-02-28']/mine=279 ; BV14BAaztEUv:279min/5P/dates=['2026-02-28']/mine=279"
2026-03-21-live-02,2026-03-21,她的树：迷梦,119,时长正确,,BV1oAAAzZE9Q:119min/2P/dates=['2026-03-21']/mine=119 ; BV1QcAKzoETe:119min/3P/dates=[]/mine=0 ; BV1FfAwzaEqD:119min/2P/dates=['2026-03-21']/mine=119 ; BV1fcAAzFEsz:119min/4P/dates=[]/mine=0
2026-04-21-live-01,2026-04-21,别怕，躲我身后,247,时长正确,纯净版 247 分钟；478 分钟那条是双视角合集,BV1m3dSBWEKm:247min/5P/dates=['2026-04-21']/mine=247 ; BV1WidUBEEyB:478min/21P/dates=[]/mine=0 ; BV1gPdSBFEUt:247min/5P/dates=['2026-04-21']/mine=247 ; BV1BUdUBgE8M:247min/7P/dates=[]/mine=0
2026-05-15-live-01,2026-05-15,Subnautica2异星水域，队友壮壮yjj,222,多日合集·本条只占一段,,BV16V5i6gEd6:221min/6P/dates=[]/mine=0 ; BV1465i6QEZE:222min/4P/dates=['2026-05-15']/mine=222 ; BV1tq5i69E8R:222min/4P/dates=['2026-05-15']/mine=222 ; BV1QiLG6cErz:606min/8P/dates=[]/mine=0 ; BV1he5i6dE87:221min/5P/dates=[]/mine=0
2026-05-16-live-01,2026-05-16,Subnautica2异星水域，队友壮壮yjj,222,多日合集·本条只占一段,,BV1xtL36mErP:222min/4P/dates=['2026-05-16']/mine=222 ; BV12MLG6JEez:217min/7P/dates=[]/mine=0 ; BV1QiLG6cErz:606min/8P/dates=[]/mine=0 ; BV1arL56vE6T:222min/6P/dates=[]/mine=0 ; BV1AYL365EQ3:222min/4P/dates=[]/mine=0
2026-05-17-live-01,2026-05-17,Subnautica2异星水域，队友壮壮yjj,184,多日合集·本条只占一段,,BV1a9Lp6bESE:184min/4P/dates=['2026-05-17']/mine=184 ; BV1WDLH6kEpH:183min/5P/dates=[]/mine=0 ; BV1XGLp64EZ2:181min/5P/dates=[]/mine=0 ; BV1QiLG6cErz:606min/8P/dates=[]/mine=0 ; BV1ZCLp6KEHc:184min/4P/dates=['2026-05-17']/mine=184
2026-06-09-live-01,2026-06-09,盛世天下：女帝篇,212,多日合集·本条只占一段,,"BV1LEEm63ESk:212min/4P/dates=['2026-06-09']/mine=212 ; BV1sFEm6WEbw:212min/5P/dates=[]/mine=0 ; BV1wjEd6yE4t:898min/14P/dates=['2026-06-09', '2026-06-10', '2026-06-12']/mine=212"
2026-06-10-live-01,2026-06-10,盛世天下：女帝篇,182,多日合集·本条只占一段,,"BV1wjEd6yE4t:898min/14P/dates=['2026-06-09', '2026-06-10', '2026-06-12']/mine=173 ; BV14gEd6UErd:182min/5P/dates=[]/mine=0 ; BV16CER6TEnq:172min/15P/dates=[]/mine=0"
2026-06-12-live-01,2026-06-12,盛世天下：女帝篇,197,多日合集·本条只占一段,,"BV1wjEd6yE4t:898min/14P/dates=['2026-06-09', '2026-06-10', '2026-06-12']/mine=196 ; BV1k9J56wEVy:197min/4P/dates=['2026-06-12']/mine=197 ; BV1n7J56oELw:196min/4P/dates=[]/mine=0"
2026-06-13-live-01,2026-06-13,盛世天下：女帝篇,115,多日合集·本条只占一段,,"BV1wjEd6yE4t:898min/14P/dates=['2026-06-09', '2026-06-10', '2026-06-12']/mine=114 ; BV1QgJp6YEM7:114min/2P/dates=['2026-06-13']/mine=114 ; BV18uJp6PEDm:114min/2P/dates=['2026-06-13']/mine=114"
2026-06-14-live-01,2026-06-14,盛世天下：女帝篇,204,多日合集·本条只占一段,,"BV1wjEd6yE4t:898min/14P/dates=['2026-06-09', '2026-06-10', '2026-06-12']/mine=203 ; BV1gqJA65EZR:204min/4P/dates=['2026-06-14']/mine=204 ; BV1tBJA6kEm2:204min/4P/dates=['2026-06-14']/mine=204"
2026-06-20-live-01,2026-06-20,潜水员戴夫,318,多日合集·本条只占一段,,"BV1KGjp6HEWf:319min/7P/dates=['2026-06-20']/mine=319 ; BV1X6jp6wEvc:319min/7P/dates=['2026-06-20']/mine=319 ; BV1ohjn68E9p:318min/10P/dates=[]/mine=0 ; BV1R9jH6YEfr:840min/11P/dates=['2026-06-20', '2026-06-21', '2026-06-22']/mine=317 ; BV16Wjn6NEa7:317min/10P/dates=[]/mine=0"
2026-06-21-live-01,2026-06-21,潜水员戴夫,171,多日合集·本条只占一段,,"BV1dyjb6XEah:172min/3P/dates=['2026-06-21']/mine=172 ; BV1R9jH6YEfr:840min/11P/dates=['2026-06-20', '2026-06-21', '2026-06-22']/mine=171 ; BV1qCjb6WErM:172min/3P/dates=['2026-06-21']/mine=172 ; BV1mKj86BEHS:171min/4P/dates=[]/mine=0 ; BV1Dfjb6VEWY:171min/6P/dates=[]/mine=0"
2026-06-22-live-01,2026-06-22,潜水员戴夫,238,多日合集·本条只占一段,,"BV1mA7P6BEDe:239min/5P/dates=['2026-06-22']/mine=239 ; BV14K7P6iEk4:239min/5P/dates=['2026-06-22']/mine=239 ; BV1WJ7K6iEXV:237min/7P/dates=[]/mine=0 ; BV1R9jH6YEfr:840min/11P/dates=['2026-06-20', '2026-06-21', '2026-06-22']/mine=236 ; BV1m47A6AEYH:237min/6P/dates=[]/mine=0"
2026-06-23-live-01,2026-06-23,潜水员戴夫,116,多日合集·本条只占一段,她本人号的全程合集覆盖 06-20～06-23,"BV1pDjU6nEGc:116min/3P/dates=[]/mine=0 ; BV1kgjU6mE7x:115min/4P/dates=[]/mine=0 ; BV1R9jH6YEfr:840min/11P/dates=['2026-06-20', '2026-06-21', '2026-06-22']/mine=116 ; BV1wujU6JEPe:71min/2P/dates=['2026-06-23']/mine=71 ; BV12D7L6NEZX:120min/2P/dates=['2026-06-22', '2026-06-23']/mine=60"
2026-06-29-live-02,2026-06-29,鸣潮3.4,170,时长正确,判别时把「鸣潮3.4」误读成 3 月 4 日；纯净版 170 分钟与条目一致,"BV1zWT66eEsy:240min/5P/dates=['2026-06-29', '2026-07-02']/mine=110 ; BV1X8KD6jEDt:169min/5P/dates=['2026-03-04']/mine=0 ; BV1GjK96XETc:169min/4P/dates=['2026-03-04']/mine=0 ; BV1e4KD6EEsi:170min/3P/dates=['2026-06-29']/mine=170 ; BV1ahKD61Emr:169min/3P/dates=['2026-03-04']/mine=0"
2026-06-30-live-01,2026-06-30,AI密室逃脱互动闯关,81,多日合集·本条只占一段,,"BV1FeTc6sEaJ:80min/2P/dates=[]/mine=0 ; BV1HGTw6tEPQ:80min/2P/dates=[]/mine=0 ; BV1QVTq6CEqy:141min/3P/dates=['2026-06-29', '2026-06-30']/mine=81 ; BV1nGTw6tEYT:81min/2P/dates=['2026-06-30']/mine=81"
2026-07-02-live-05,2026-07-02,节奏天国：奇迹之星,130,多日合集·本条只占一段,,"BV1zWT66eEsy:240min/5P/dates=['2026-06-29', '2026-07-02']/mine=130 ; BV1LdTE6AE63:129min/3P/dates=[]/mine=0 ; BV1qRTr6wEww:153min/4P/dates=['2026-07-02']/mine=153 ; BV1YFTk6ZE9W:123min/3P/dates=[]/mine=0 ; BV1r1Tr6MEHe:130min/4P/dates=[]/mine=0 ; BV12ST767EgS:596min/9P/dates=['2026-07-02', '2026-07-"
2026-07-03-live-02,2026-07-03,节奏天国：奇迹之星,162,多日合集·本条只占一段,,"BV1SATb6EEBN:162min/5P/dates=[]/mine=0 ; BV13rTb6WEeo:162min/3P/dates=[]/mine=0 ; BV1QXTx67ExU:163min/3P/dates=['2026-07-03']/mine=163 ; BV12ST767EgS:596min/9P/dates=['2026-07-02', '2026-07-03', '2026-07-04']/mine=162 ; BV19XTx67EAJ:162min/5P/dates=[]/mine=0"
2026-07-04-live-02,2026-07-04,节奏天国，点头准备开始啦,181,时长正确,纯净版 181 分钟与条目一致；bobi华 标题日期写错,"BV1nPMP6vEdc:180min/3P/dates=[]/mine=0 ; BV17GMP6FETb:90min/2P/dates=[]/mine=0 ; BV1F1MP6qEPR:181min/4P/dates=['2026-07-04', '2026-07-05']/mine=180 ; BV1WzMP6rEXM:180min/6P/dates=[]/mine=0 ; BV12ST767EgS:596min/9P/dates=['2026-07-02', '2026-07-03', '2026-07-04']/mine=45 ; BV1xiMP6CE43:90min/3P/dates"
2026-07-07-live-02,2026-07-07,节奏天国：奇迹之星,145,多日合集·本条只占一段,,"BV1giMh6bE52:145min/4P/dates=[]/mine=0 ; BV1a5Ma6aEn3:145min/3P/dates=['2026-07-07']/mine=145 ; BV1hjMa6cEBt:145min/3P/dates=['2026-07-07']/mine=145 ; BV1k3Mh6yEbA:144min/5P/dates=[]/mine=0 ; BV12ST767EgS:596min/9P/dates=['2026-07-02', '2026-07-03', '2026-07-04']/mine=144"
2026-07-15-live-02,2026-07-15,节奏天国：奇迹之星,171,时长正确,纯净版 171 分钟与条目一致,"BV1cpNz6bEMi:171min/4P/dates=['2026-07-15']/mine=171 ; BV1XcNz6CEgx:170min/5P/dates=[]/mine=0 ; BV12ST767EgS:596min/9P/dates=['2026-07-02', '2026-07-03', '2026-07-04']/mine=123 ; BV1tbNB6vEn7:170min/5P/dates=[]/mine=0 ; BV17DNB6nEL7:171min/4P/dates=['2026-07-15']/mine=171"
2026-08-05-live-01,2026-08-05,冒险岛,165,一条录像覆盖同日多条,,BV1jnMk6MEi1:297min/6P/dates=['2026-08-05']/mine=297 ; BV1jWMk6KESW:165min/4P/dates=[]/mine=0 ; BV1ASMk6EE2z:297min/6P/dates=['2026-08-05']/mine=297 ; BV1EnMk6MENQ:165min/3P/dates=[]/mine=0
2026-08-05-live-05,2026-08-05,机械狂欢,131,一条录像覆盖同日多条,,BV1YdMC6PEjg:129min/4P/dates=['2026-08-05']/mine=129 ; BV1D1M26qEF4:131min/3P/dates=[]/mine=0 ; BV1soM26FEuS:129min/5P/dates=[]/mine=0 ; BV1uAMy6bEn7:130min/3P/dates=[]/mine=0 ; BV1jnMk6MEi1:297min/6P/dates=['2026-08-05']/mine=297 ; BV1ASMk6EE2z:297min/6P/dates=['2026-08-05']/mine=297
