account,bvid,live_date,capture_window,title,pubdate,parts,duration_min,disposition,entries,note
bili-fan-kassytan,BV1TM411z7jQ,2022-12-08,2022-12-08 15:14→2022-12-08 23:59,女流66直播录像2022-12-08,2022-12-09 01:37,19,524,source-existing,2022-12-08-live-01,
bili-fan-kassytan,BV18V4y1P7aH,2022-12-09,2022-12-09 15:09→2022-12-09 20:03,女流66直播录像2022-12-09,2022-12-09 21:12,11,265,already-attached,2022-12-09-live-01,本轮之前已挂
bili-fan-kassytan,BV1784y1t7RC,2022-12-10,2022-12-10 15:11→2022-12-10 19:26,女流66直播录像2022-12-10,2022-12-10 20:39,9,255,already-attached,2022-12-10-live-01,本轮之前已挂
bili-fan-kassytan,BV19G4y1378Q,2022-12-11,2022-12-11 15:16→2022-12-11 19:37,女流66直播录像2022-12-11,2022-12-11 21:33,10,261,source-existing,2022-12-11-live-01,
bili-fan-kassytan,BV1c14y1T7G1,2022-12-12,2022-12-12 15:06→2022-12-12 19:06,女流66直播录像2022-12-12,2022-12-12 20:23,9,239,already-attached,2022-12-12-live-01,本轮之前已挂
bili-fan-kassytan,BV12R4y1r7BF,2022-12-13,2022-12-13 15:11→2022-12-13 19:55,女流66直播录像2022-12-13,2022-12-13 21:53,10,284,source-existing,2022-12-13-live-01,
bili-fan-kassytan,BV1L44y1Z778,2022-12-16,2022-12-16 15:13→2022-12-17 02:08,女流66-心灵砒霜直播录像2022-12-16,2022-12-17 04:51,23,655,source-existing,2022-12-16-live-01,录像跨零点，按开播日记本日。
bili-fan-kassytan,BV1CG411P7dV,2022-12-17,2022-12-17 15:08→2022-12-17 20:19,女流66-心灵砒霜直播录像2022-12-17,2022-12-17 21:34,12,309,source-existing,2022-12-17-live-01,
bili-fan-kassytan,BV1zG411P7S8,2022-12-18,2022-12-18 15:13→2022-12-18 19:13,女流66-心灵砒霜直播录像2022-12-18,2022-12-18 20:45,9,240,source-existing,2022-12-18-live-01|2022-12-18-live-02,整场录像跨越本日多个条目，本条目对应其中一段：2022-12-18-live-01、2022-12-18-live-02。
bili-fan-kassytan,BV1wg411J7Er,2022-12-19,2022-12-19 15:13→2022-12-19 19:36,女流66-心灵砒霜直播录像2022-12-19,2022-12-20 05:31,10,263,already-attached,2022-12-19-live-01,本轮之前已挂
bili-fan-kassytan,BV158411H76G,2022-12-20,2022-12-20 15:08→2022-12-20 19:50,女流66-心灵砒霜直播录像2022-12-20,2022-12-20 21:26,10,282,source-existing,2022-12-20-live-01,
bili-fan-kassytan,BV1HD4y177tq,2022-12-21,2022-12-21 15:13→2022-12-21 19:12,女流66-心灵砒霜直播录像2022-12-21,2022-12-21 20:32,9,239,source-existing,2022-12-21-live-01,
bili-fan-kassytan,BV143411Q7C5,2022-12-23,2022-12-23 15:13→2022-12-23 20:57,女流66-心灵砒霜直播录像2022-12-23,2022-12-23 22:20,12,343,source-existing,2022-12-23-live-01,
bili-fan-kassytan,BV1dd4y1h7nV,2022-12-24,2022-12-24 15:23→2022-12-24 20:01,女流66-心灵砒霜直播录像2022-12-24,2022-12-24 21:22,10,278,source-existing,2022-12-24-live-01,
bili-fan-kassytan,BV1u8411H72i,2022-12-25,2022-12-25 15:08→2022-12-25 19:55,女流66-心灵砒霜直播录像2022-12-25,2022-12-25 21:07,11,287,source-existing,2022-12-25-live-01,
bili-fan-kassytan,BV1p84y1x7kP,2022-12-26,2022-12-26 15:03→2022-12-26 20:16,女流66-心灵砒霜直播录像2022-12-26,2022-12-26 21:30,11,313,source-existing,2022-12-26-live-01,
bili-fan-kassytan,BV1g14y1w7eN,2022-12-28,2022-12-28 15:08→2022-12-28 20:06,女流66-心灵砒霜直播录像2022-12-28,2022-12-28 21:29,11,298,source-existing,2022-12-28-live-01,
bili-fan-kassytan,BV1zR4y1D7yy,2022-12-29,2022-12-29 15:03→2022-12-29 19:43,女流66-心灵砒霜直播录像2022-12-29,2022-12-29 21:28,10,279,already-attached,2022-12-29-live-01,本轮之前已挂
bili-fan-zytau,BV1Ug41147Mp,2022-12-29,2022-12-29 19:15→2022-12-29 19:43,女流66-女流66 2022-12-30,2022-12-30 02:36,2,25,partial-or-highlight,2022-12-29-live-01,12-29 19:15—19:43 尾段 25 分钟，已被 KassyTan BV1zR4y1D7yy 完整覆盖
bili-fan-kassytan,BV11K411i71X,2022-12-30,2022-12-30 15:03→2022-12-30 20:13,女流66-心灵砒霜直播录像2022-12-30,2022-12-30 21:25,11,310,source-existing,2022-12-30-live-01,
bili-fan-kassytan,BV1b24y1U74s,2022-12-31,2022-12-31 23:25→2023-01-01 02:05,女流66直播录像2022-12-31,2023-01-01 04:15,6,159,already-attached,2022-12-31-live-01,本轮之前已挂
bili-fan-kassytan,BV1CR4y1U7nN,2023-01-01,2023-01-01 15:10→2023-01-01 19:17,女流66直播录像2023-01-01,2023-01-01 20:32,9,246,source-existing,2023-01-01-live-01,
bili-fan-kassytan,BV1EP4y1i7iG,2023-01-02,2023-01-02 15:05→2023-01-02 20:36,女流66直播录像2023-01-02,2023-01-02 22:06,12,331,already-attached,2023-01-02-live-01,本轮之前已挂
bili-fan-kassytan,BV1b8411E72y,2023-01-03,2023-01-03 15:15→2023-01-03 19:12,女流66直播录像2023-01-03,2023-01-03 20:48,9,236,source-existing,2023-01-03-live-01,
bili-fan-kassytan,BV1NG4y127be,2023-01-04,2023-01-04 15:11→2023-01-04 22:19,女流66直播录像2023-01-04,2023-01-04 23:57,16,427,source-existing,2023-01-04-live-01,
bili-fan-kassytan,BV1PP411F7Tq,2023-01-07,2023-01-07 15:11→2023-01-07 19:13,女流66直播录像2023-01-07,2023-01-07 20:22,8,242,already-attached,2023-01-07-live-01,本轮之前已挂
bili-fan-kassytan,BV1CD4y1V7nK,2023-01-08,2023-01-08 15:11→2023-01-08 19:07,女流66直播录像2023-01-08,2023-01-08 20:13,7,236,already-attached,2023-01-08-live-01,本轮之前已挂
bili-fan-kassytan,BV11Y411C7Vt,2023-01-09,2023-01-09 15:06→2023-01-09 19:29,女流66直播录像2023-01-09,2023-01-09 21:15,8,262,source-existing,2023-01-09-live-01,
bili-fan-kassytan,BV1N84y1Y7pk,2023-01-10,2023-01-10 15:06→2023-01-10 19:43,女流66直播录像2023-01-10,2023-01-10 21:16,9,272,source-existing,2023-01-10-live-01,
bili-fan-kassytan,BV1y14y1u7K8,2023-01-11,2023-01-11 15:11→2023-01-11 20:10,女流66直播录像2023-01-11,2023-01-11 21:09,9,299,source-existing,2023-01-11-live-01|2023-01-11-live-02,整场录像跨越本日多个条目，本条目对应其中一段：2023-01-11-live-01、2023-01-11-live-02。
bili-fan-kassytan,BV1NA411f7QV,2023-01-12,2023-01-12 15:06→2023-01-12 20:23,女流66直播录像2023-01-12,2023-01-12 22:01,10,317,source-existing,2023-01-12-live-01,
bili-fan-kassytan,BV1KT411m78g,2023-01-14,2023-01-14 15:16→2023-01-14 19:26,女流66直播录像2023-01-14,2023-01-14 20:36,8,250,source-existing,2023-01-14-live-01,
bili-fan-kassytan,BV11K411C74q,2023-01-15,2023-01-15 15:11→2023-01-15 20:37,女流66直播录像2023-01-15,2023-01-15 21:52,10,324,source-existing,2023-01-15-live-01,
bili-fan-kassytan,BV1KP4y1C7Dp,2023-01-16,2023-01-16 15:13→2023-01-16 19:27,女流66直播录像2023-01-16,2023-01-16 20:32,7,219,already-attached,2023-01-16-live-01,本轮之前已挂
bili-fan-kassytan,BV13x4y1u7Lx,2023-01-17,2023-01-17 15:08→2023-01-17 19:41,女流66直播录像2023-01-17,2023-01-17 20:52,8,272,source-existing,2023-01-17-live-01,
bili-fan-kassytan,BV1AP4y1r7Xy,2023-01-18,2023-01-18 15:03→2023-01-18 17:04,女流66直播录像2023-01-18,2023-01-18 18:38,4,121,source-existing,2023-01-18-live-01,
bili-fan-kassytan,BV1FP4y1r7Gi,2023-01-18,2023-01-18 17:28→2023-01-18 20:05,女流66直播录像2023-01-18,2023-01-18 21:38,5,157,source-existing,2023-01-18-live-01,
bili-fan-kassytan,BV1oY411Q77w,2023-01-19,2023-01-19 15:08→2023-01-19 19:52,女流66直播录像2023-01-19,2023-01-19 21:11,10,283,source-existing,2023-01-19-live-01,
bili-fan-kassytan,BV1BT41127de,2023-01-21,2023-01-21 15:13→2023-01-21 17:05,女流66直播录像2023-01-21,2023-01-21 17:47,4,112,source-existing,2023-01-21-live-01,
bili-fan-kassytan,BV17R4y1h7rq,2023-01-24,2023-01-24 15:23→2023-01-24 19:34,女流66直播录像2023-01-24,2023-01-24 20:27,8,250,already-attached,2023-01-24-live-01,本轮之前已挂
bili-fan-kassytan,BV1C8411373u,2023-01-27,2023-01-27 15:18→2023-01-27 20:12,女流66直播录像2023-01-27,2023-01-27 21:55,11,294,source-existing,2023-01-27-live-01,
bili-fan-kassytan,BV1wM4y197y5,2023-01-28,2023-01-28 15:08→2023-01-28 21:50,女流66直播录像2023-01-28,2023-01-28 23:52,14,401,source-existing,2023-01-28-live-01,
bili-fan-kassytan,BV1qM411i78G,2023-02-02,2023-02-02 15:09→2023-02-02 20:02,女流66直播录像2023-02-02,2023-02-02 21:25,10,293,source-existing,2023-02-02-live-01,
bili-fan-kassytan,BV1nD4y1T7z2,2023-02-04,2023-02-04 15:03→2023-02-04 19:44,女流66直播录像2023-02-04,2023-02-04 21:16,8,247,source-existing,2023-02-04-live-01,
bili-fan-kassytan,BV1Ay4y1Q7Vj,2023-02-07,2023-02-07 15:18→2023-02-07 20:36,女流66直播录像2023-02-07,2023-02-07 22:18,11,317,source-existing,2023-02-07-live-01,
bili-fan-zytau,BV1fY411q7Nd,2023-02-07,,2023-02-07-[女流66]-[女魔法师成长之路],2023-02-08 12:13,1,315,source-existing,2023-02-07-live-01,标题自带日期 2023-02-07，分P 无录制时刻。
bili-fan-zytau,BV1q84y1G7it,2023-02-08,,[2023-02-08][女流66][女魔法师成长之路day2],2023-02-09 06:36,3,382,source-existing,2023-02-08-live-01,标题自带日期 2023-02-08，分P 无录制时刻。
bili-fan-kassytan,BV1Re4y1A7jz,2023-02-09,2023-02-09 13:18→2023-02-09 20:22,女流66直播录像2023-02-09,2023-02-09 22:19,13,425,source-existing,2023-02-09-live-01,
bili-fan-zytau,BV13M411P7uD,2023-02-09,,[2023-02-09][女流66][女魔法师成长之路day3],2023-02-10 23:48,1,425,source-existing,2023-02-09-live-01,标题自带日期 2023-02-09，分P 无录制时刻。
bili-fan-kassytan,BV1hd4y1J7aQ,2023-02-10,2023-02-10 14:53→2023-02-10 20:57,女流66直播录像2023-02-10,2023-02-10 23:11,11,364,source-existing,2023-02-10-live-01,
bili-fan-zytau,BV1V84y1V7Q2,2023-02-10,2023-02-10 14:53→2023-02-10 20:58（文件名 +4h 已校正）,[2023-02-10_18-53-28][女流66]～［女魔法师成长之路day4],2023-02-11 08:25,1,364,source-existing,2023-02-10-live-01,文件名时刻比实际快 4 小时（同日 2023-02-14 片头与 KassyTan P1 音频恒定偏移对齐证实），实际与本条目同场。
bili-fan-kassytan,BV1Xj411P7je,2023-02-11,2023-02-11 13:38→2023-02-11 20:30,女流66直播录像2023-02-11,2023-02-11 22:36,13,412,source-existing,2023-02-11-live-01,
bili-fan-kassytan,BV1mj411P7Xi,2023-02-12,2023-02-12 15:06→2023-02-12 21:39,女流66直播录像2023-02-12,2023-02-12 23:39,13,393,source-existing,2023-02-12-live-01,
bili-fan-kassytan,BV1uA411z78Y,2023-02-13,2023-02-13 15:06→2023-02-13 21:15,女流66直播录像2023-02-13,2023-02-13 22:56,12,369,source-existing,2023-02-13-live-01,
bili-fan-zytau,BV19Y411i7Yb,2023-02-13,2023-02-13 20:14→2023-02-14 02:10,[2023-02-13_20-14-42][女流66][女魔法师成长之路day7],2023-02-14 07:18,1,356,duplicate-or-cross-midnight,2023-02-13-live-01,与 2023-02-13-live-01 同一场（15:06 场）：录制分段被按错误顺序拼接——本片前约 111 分钟是直播后段、之后才是开头（对秘密录像屋 BV1N14y1w7rY 音频线性对齐），文件名时刻 20:14 不代表开播；片头 12 分钟与 KassyTan P12 尾段台词逐句相同。顺序错乱，不挂
bili-fan-kassytan,BV1eR4y1B7X1,2023-02-14,2023-02-14 15:16→2023-02-14 20:31,女流66直播录像2023-02-14,2023-02-14 22:11,11,314,already-attached,2023-02-14-live-01,本轮之前已挂
bili-fan-zytau,BV1V14y1F7iq,2023-02-14,2023-02-14 15:19→2023-02-14 20:31（文件名 +4h 已校正）,[2023-02-14_19-19-37][女流66][情侣默契大挑战，外星人情人节福利来袭],2023-02-15 05:55,1,311,source-existing,2023-02-14-live-01,文件名时刻比实际快 4 小时（同日 2023-02-14 片头与 KassyTan P1 音频恒定偏移对齐证实），实际与本条目同场。
bili-fan-kassytan,BV15x4y157Yv,2023-02-16,2023-02-16 15:05→2023-02-16 21:12,【女流66】直播回放2023-02-16,2023-02-16 22:49,11,335,source-existing,2023-02-16-live-01,
bili-fan-kassytan,BV1SA411U7XL,2023-02-17,2023-02-17 19:25→2023-02-17 19:53,【女流66】直播回放2023-02-17,2023-02-17 20:34,1,27,partial-or-highlight,2023-02-17-live-01,02-17 仅 19:25—19:53 的 27 分钟孤立碎片；条目已有秘密录像屋全场
bili-fan-kassytan,BV1hT411D74n,2023-02-18,2023-02-18 15:16→2023-02-18 20:24,【女流66】直播回放2023-02-18,2023-02-18 22:06,10,308,source-existing,2023-02-18-live-01,
bili-fan-kassytan,BV1yy4y1Z74F,2023-02-19,2023-02-19 15:06→2023-02-19 21:42,【女流66】直播回放2023-02-19,2023-02-19 23:34,13,396,already-attached,2023-02-19-live-01,本轮之前已挂
bili-fan-kassytan,BV1Po4y1v7dQ,2023-02-20,2023-02-20 14:56→2023-02-20 19:22,【女流66】直播回放2023-02-20,2023-02-20 20:45,9,266,source-existing,2023-02-20-live-01,
bili-fan-kassytan,BV1eD4y1G7Kf,2023-02-21,2023-02-21 15:10→2023-02-21 19:21,【女流66】直播回放2023-02-21,2023-02-21 21:29,9,251,source-existing,2023-02-21-live-01,
bili-fan-kassytan,BV1as4y1Z7Dc,2023-02-23,2023-02-23 12:16→2023-02-23 15:57,【女流66】直播回放2023-02-23,2023-02-23 21:26,8,221,source-existing,2023-02-23-live-01,
bili-fan-kassytan,BV18M4y1Z7Lx,2023-02-23,2023-02-23 17:48→2023-02-23 19:39,【女流66】直播回放2023-02-23,2023-02-23 21:20,4,110,source-existing,2023-02-23-live-01,
bili-fan-kassytan,BV18M411w74L,2023-02-24,2023-02-24 13:02→2023-02-24 20:50,【女流66】直播回放2023-02-24,2023-02-24 23:26,15,468,source-existing,2023-02-24-live-01,
bili-fan-kassytan,BV1ND4y137Cz,2023-02-25,2023-02-25 15:12→2023-02-25 18:58,【女流66】直播回放2023-02-25,2023-02-26 09:11,7,195,already-attached,2023-02-25-live-01,本轮之前已挂
bili-fan-kassytan,BV1VT411q767,2023-02-26,2023-02-26 15:07→2023-02-26 20:28,【女流66】直播回放2023-02-26,2023-02-27 02:31,11,321,source-existing,2023-02-26-live-01,
bili-fan-zytau,BV1k24y1J71K,2023-02-26,,[2023-02-25][女流66][森林之子玩玩看]02,2023-02-26 17:10,1,168,already-attached,2023-02-25-live-01,本轮之前已挂
bili-fan-zytau,BV17A411275G,2023-02-26,,[2023-02-25][女流66][森林之子玩玩看]01,2023-02-26 04:23,1,28,already-attached,2023-02-25-live-01,本轮之前已挂
bili-fan-zytau,BV1uY411C7Gn,2023-02-26,2023-02-26 15:04→2023-02-26 20:28,[2023-02-26_15-04-52][女流66][【钻粉2.5倍】森林之子继续探],2023-02-27 10:35,1,323,source-existing,2023-02-26-live-01,
bili-fan-kassytan,BV1Ns4y1o7gH,2023-03-01,2023-03-01 16:28→2023-03-01 20:26,【女流66】直播回放2023-03-01,2023-03-02 05:52,8,235,source-existing,2023-03-01-live-01,
bili-fan-zytau,BV1iT411v7Wa,2023-03-01,2023-03-01 15:37→2023-03-01 20:26,[2023-03-01 15-37-20][女流66][3月份的新66],2023-03-02 10:25,2,287,already-attached,2023-03-01-live-01,本轮之前已挂
bili-fan-kassytan,BV1484y1K7JD,2023-03-02,2023-03-02 14:58→2023-03-02 22:16,【女流66】直播回放2023-03-03,2023-03-03 13:52,15,438,source-existing,2023-03-02-live-01|2023-03-02-live-02,整场录像跨越本日多个条目，本条目对应其中一段：2023-03-02-live-01、2023-03-02-live-02。 投稿标题写 2023-03-03，但分P 文件名录制时刻为 2023-03-02，按录制时刻记。
bili-fan-kassytan,BV1Q24y1V7BE,2023-03-03,2023-03-03 12:19→2023-03-03 14:29,【女流66】直播回放2023-03-03,2023-03-03 22:00,5,130,source-existing,2023-03-03-live-01,
bili-fan-kassytan,BV1Q24y187HV,2023-03-03,2023-03-03 19:11→2023-03-03 20:01,【女流66】直播回放2023-03-03,2023-03-03 22:39,2,50,partial-or-highlight,2023-03-03-live-01,03-03 仅 19:11—20:01 的 50 分钟尾段，已被 Zytau BV1kM4y1R7Vb 完整覆盖
bili-fan-zytau,BV1kM4y1R7Vb,2023-03-03,2023-03-03 12:16→2023-03-03 20:01,[2023-03-03 12-16-33][女流66][【今日双倍】中午12点继续卧龙正式版],2023-03-04 04:00,1,464,source-existing,2023-03-03-live-01,
bili-fan-kassytan,BV1QY4y117hX,2023-03-04,2023-03-04 12:04→2023-03-04 19:58,【女流66】直播回放2023-03-04,2023-03-05 00:27,16,473,source-existing,2023-03-04-live-01,
bili-fan-kassytan,BV1jY41167fh,2023-03-05,2023-03-05 12:07→2023-03-05 20:15,【女流66】直播回放2023-03-05,2023-03-05 22:51,16,488,source-existing,2023-03-05-live-01,
bili-fan-zytau,BV15N411c7JE,2023-03-05,2023-03-05 12:04→2023-03-05 20:15,[2023-03-05 12-04-31][女流66][【钻粉2.5倍】12点继续卧龙~~],2023-03-06 04:46,3,488,source-existing,2023-03-05-live-01,
bili-fan-kassytan,BV1zY411B7eN,2023-03-07,2023-03-07 15:12→2023-03-07 20:15,【女流66】直播回放2023-03-07,2023-03-07 22:51,10,303,source-existing,2023-03-07-live-01,
bili-fan-zytau,BV1eY4y1y7jm,2023-03-07,2023-03-07 15:07→2023-03-07 20:15,[2023-03-07 15-07-34][女流66][都让开，老六来了],2023-03-08 01:54,2,292,already-attached,2023-03-07-live-01,本轮之前已挂
bili-fan-kassytan,BV1uX4y1S78i,2023-03-08,2023-03-08 12:17→2023-03-08 19:29,【女流66】直播回放2023-03-08,2023-03-08 21:41,14,432,source-existing,2023-03-08-live-01,
bili-fan-kassytan,BV1YM411s77R,2023-03-09,2023-03-09 13:52→2023-03-09 19:49,【女流66】直播回放2023-03-09,2023-03-09 21:56,12,357,source-existing,2023-03-09-live-01,
bili-fan-zytau,BV1Po4y167W1,2023-03-09,2023-03-09 13:51→2023-03-09 19:49,[2023-03-09 13-51-19][女流66][六大侠，要立志！],2023-03-10 02:52,1,358,source-existing,2023-03-09-live-01,
bili-fan-kassytan,BV1QP411f71a,2023-03-10,2023-03-10 12:32→2023-03-10 18:24,【女流66】直播回放2023-03-10,2023-03-10 21:01,12,352,source-existing,2023-03-10-live-01,
bili-fan-zytau,BV16X4y1S7Qd,2023-03-10,2023-03-10 12:31→2023-03-10 18:24,[2023-03-10 12-31-31][女流66][六大侠，要立志！],2023-03-11 19:01,1,353,source-existing,2023-03-10-live-01,
bili-fan-kassytan,BV1yT411a7W5,2023-03-11,2023-03-11 12:27→2023-03-11 18:33,【女流66】直播回放2023-03-11,2023-03-11 20:26,12,366,source-existing,2023-03-11-live-01,
bili-fan-zytau,BV18L411y7rZ,2023-03-11,2023-03-11 12:24→2023-03-11 18:33,"[2023-03-11 12-24-12][女流66][12点来,六大侠，要立志！]",2023-03-12 02:04,2,353,source-existing,2023-03-11-live-01,
bili-fan-kassytan,BV1454y1M76m,2023-03-12,2023-03-12 12:17→2023-03-12 18:35,【女流66】直播回放2023-03-12,2023-03-12 20:49,13,378,source-existing,2023-03-12-live-01,
bili-fan-zytau,BV11k4y1h7Pz,2023-03-12,2023-03-12 12:49→2023-03-12 18:35,[2023-03-12 12-49-39][女流66][【钻粉2.5倍】六大侠，要立志！],2023-03-13 00:43,7,251,source-existing,2023-03-12-live-01,
bili-fan-kassytan,BV1bo4y1B77D,2023-03-14,2023-03-14 17:47→2023-03-14 20:48,【女流66】直播回放2023-03-14,2023-03-14 22:15,5,149,already-attached,2023-03-14-live-01,本轮之前已挂
bili-fan-zytau,BV1gx4y1K7yc,2023-03-14,2023-03-14 13:12→2023-03-14 20:48,[2023-03-14 13-12-22][女流66][156277直播间],2023-03-15 06:52,2,449,already-attached,2023-03-14-live-01,本轮之前已挂
bili-fan-kassytan,BV1jv4y1L7XN,2023-03-15,2023-03-15 12:51→2023-03-15 19:47,【女流66】直播回放2023-03-15,2023-03-15 22:10,14,415,source-existing,2023-03-15-live-01,
bili-fan-zytau,BV1u24y1u7qN,2023-03-15,2023-03-15 12:46→2023-03-15 19:47,[2023-03-15 12-46-55][女流66][156277直播间],2023-03-16 02:24,1,420,source-existing,2023-03-15-live-01,
bili-fan-kassytan,BV1mL411k7Bf,2023-03-16,2023-03-16 18:42→2023-03-16 19:10,【女流66】直播回放2023-03-16,2023-03-16 20:33,1,28,partial-or-highlight,2023-03-16-live-01,03-16 仅 18:42—19:10 的 28 分钟碎片，已被 Zytau BV1A24y1x7c9 覆盖
bili-fan-zytau,BV1A24y1x7c9,2023-03-16,2023-03-16 13:54→2023-03-16 19:10,[2023-03-16 13-54-18][女流66][156277直播间],2023-03-17 00:50,6,237,source-existing,2023-03-16-live-01,
bili-fan-kassytan,BV1nT411k7M9,2023-03-17,2023-03-17 12:05→2023-03-17 16:40,【女流66】直播回放2023-03-17,2023-03-17 19:04,9,274,source-existing,2023-03-17-live-01,
bili-fan-zytau,BV1EM4y167TY,2023-03-17,2023-03-17 12:04→2023-03-17 16:40,[2023-03-17 12-04-59][女流66][156277直播间],2023-03-18 01:40,2,258,source-existing,2023-03-17-live-01,
bili-fan-kassytan,BV1TL411d7p2,2023-03-18,2023-03-18 13:05→2023-03-18 18:08,【女流66】直播回放2023-03-18,2023-03-18 20:50,10,303,source-existing,2023-03-18-live-01,
bili-fan-zytau,BV1PL411d72h,2023-03-18,2023-03-18 13:01→2023-03-18 18:08,[2023-03-18 13-01-31][女流66][156277直播间],2023-03-19 01:58,1,307,source-existing,2023-03-18-live-01,
bili-fan-kassytan,BV1q24y1x7su,2023-03-19,2023-03-19 13:23→2023-03-19 14:40,【女流66】直播回放2023-03-19,2023-03-19 17:22,3,77,source-existing,2023-03-19-live-01,
bili-fan-kassytan,BV1ms4y1H7qK,2023-03-19,2023-03-19 16:28→2023-03-19 17:53,【女流66】直播回放2023-03-19,2023-03-19 20:55,3,84,source-existing,2023-03-19-live-01,
bili-fan-kassytan,BV1jX4y1Z7so,2023-03-19,2023-03-19 18:41→2023-03-19 19:09,【女流66】直播回放2023-03-19,2023-03-19 20:16,1,27,partial-or-highlight,2023-03-19-live-01,03-19 仅 18:41—19:09 的 27 分钟碎片，已被 Zytau BV1Hc411j7Jt 覆盖
bili-fan-zytau,BV1Hc411j7Jt,2023-03-19,2023-03-19 13:20→2023-03-19 19:08,[2023-03-19 13-20-12][女流66][【钻粉2.5倍】陪你下午茶],2023-03-20 02:11,1,348,already-attached,2023-03-19-live-01,本轮之前已挂
bili-fan-kassytan,BV19s4y1n7NY,2023-03-21,2023-03-21 12:36→2023-03-21 17:47,【女流66】直播回放2023-03-22,2023-03-22 07:37,11,310,source-existing,2023-03-21-live-01,投稿标题写 2023-03-22，但分P 文件名录制时刻为 2023-03-21，按录制时刻记。
bili-fan-zytau,BV1gN411K7Pv,2023-03-21,2023-03-21 12:34→2023-03-21 19:15,[2023-03-21 12-34-45][女流66][【女流】156277直播间],2023-03-22 19:21,1,400,already-attached,2023-03-21-live-01,本轮之前已挂
bili-fan-kassytan,BV1pc411L7hc,2023-03-24,2023-03-24 12:57→2023-03-24 18:30,【女流66】直播回放2023-03-24,2023-03-24 20:38,11,333,source-existing,2023-03-24-live-01,
bili-fan-zytau,BV1Nc411L76s,2023-03-24,2023-03-24 13:01→2023-03-24 14:00,[2023-03-24 13-01-23][女流66][周五有六^_^1点提前来],2023-03-24 15:43,1,59,partial-or-highlight,2023-03-24-live-01,03-24 开头 59 分钟提前投稿，已被 KassyTan BV1pc411L7hc 完整覆盖
bili-fan-kassytan,BV11m4y167a8,2023-03-25,2023-03-25 12:02→2023-03-25 18:37,【女流66】直播回放2023-03-25,2023-03-25 22:57,12,364,source-existing,2023-03-25-live-01,
bili-fan-zytau,BV1vm4y167Gv,2023-03-25,2023-03-25 12:00→2023-03-25 18:38,[2023-03-25 12-00-41][女流66][12点来继续clear],2023-03-26 01:52,2,381,source-existing,2023-03-25-live-01,
bili-fan-kassytan,BV1LY4y1S72A,2023-03-26,2023-03-26 12:06→2023-03-26 18:53,【女流66】直播回放2023-03-26,2023-03-26 20:55,14,407,source-existing,2023-03-26-live-01,
bili-fan-zytau,BV1GN411T7FD,2023-03-26,2023-03-26 12:05→2023-03-26 18:53,[2023-03-26 12-05-02][女流66][【钻粉2.5倍】继续clear],2023-03-27 02:59,2,393,source-existing,2023-03-26-live-01,
bili-fan-kassytan,BV1QT411q7vE,2023-03-28,2023-03-28 13:37→2023-03-28 21:27,【女流66】直播回放2023-03-29,2023-03-29 11:13,16,470,source-existing,2023-03-28-live-01,投稿标题写 2023-03-29，但分P 文件名录制时刻为 2023-03-28，按录制时刻记。
bili-fan-zytau,BV11o4y1W7UF,2023-03-28,2023-03-28 13:34→2023-03-28 21:27,[2023-03-28 13-34-45][女流66][【女流】156277直播间],2023-03-29 02:18,2,457,already-attached,2023-03-28-live-01,本轮之前已挂
bili-fan-kassytan,BV1oX4y1R7Pu,2023-03-29,2023-03-29 15:16→2023-03-29 19:36,【女流66】直播回放2023-03-29,2023-03-29 21:21,9,260,source-existing,2023-03-29-live-01|2023-03-29-live-02,整场录像跨越本日多个条目，本条目对应其中一段：2023-03-29-live-01、2023-03-29-live-02。
bili-fan-zytau,BV1hN411N7dq,2023-03-29,2023-03-29 15:24→2023-03-29 19:36,[2023-03-29 15-24-32][女流66][下午好呀大伙],2023-03-30 15:21,1,251,source-existing,2023-03-29-live-01|2023-03-29-live-02,整场录像跨越本日多个条目，本条目对应其中一段：2023-03-29-live-01、2023-03-29-live-02。
bili-fan-kassytan,BV1fM411K7Mi,2023-04-01,2023-04-01 13:30→2023-04-01 19:15,【女流66】直播回放2023-04-01,2023-04-01 21:06,12,345,source-existing,2023-04-01-live-01,
bili-fan-zytau,BV1xs4y1U7ph,2023-04-01,2023-04-01 13:28→2023-04-01 19:16,[2023-04-01 13-28-45][女流66][周六直播间见],2023-04-02 01:19,2,331,source-existing,2023-04-01-live-01,
bili-fan-kassytan,BV1bg4y1G7ny,2023-04-02,2023-04-02 14:10→2023-04-02 14:14,【女流66】直播回放2023-04-02,2023-04-02 14:27,2,2,partial-or-highlight,2023-04-02-live-01,04-02 开播前 2 分钟碎片；同日 BV1km4y1z7g6 已挂
bili-fan-kassytan,BV1km4y1z7g6,2023-04-02,2023-04-02 14:35→2023-04-02 18:20,【女流66】直播回放2023-04-02,2023-04-02 19:48,8,225,source-existing,2023-04-02-live-01,
bili-fan-kassytan,BV1kN411A7Ms,2023-04-03,2023-04-03 13:37→2023-04-03 19:02,【女流66】直播回放2023-04-03,2023-04-03 20:37,11,325,source-existing,2023-04-03-live-01,
bili-fan-zytau,BV1cV4y1D7WD,2023-04-03,2023-04-03 13:33→2023-04-03 19:02,[2023-04-03 13-33-17][女流66][这巨坑游戏还出了2代],2023-04-04 01:24,2,313,source-existing,2023-04-03-live-01,
bili-fan-kassytan,BV1wM4y1m7Xj,2023-04-04,2023-04-04 13:31→2023-04-04 18:21,【女流66】直播回放2023-04-04,2023-04-04 21:41,10,290,source-existing,2023-04-04-live-01,
bili-fan-kassytan,BV1fV4y1f74F,2023-04-06,2023-04-06 13:31→2023-04-06 18:57,【女流66】直播回放2023-04-06,2023-04-06 20:34,11,325,source-existing,2023-04-06-live-01,
bili-fan-kassytan,BV1cg4y137PY,2023-04-06,2023-04-06 19:45→2023-04-06 20:27,【女流66】直播回放2023-04-06,2023-04-06 21:25,2,42,source-existing,2023-04-06-live-01,
bili-fan-zytau,BV1sN411P73j,2023-04-06,2023-04-06 13:29→2023-04-06 20:27,[2023-04-06 13-29-40][女流66][忘差不多了当新游戏玩],2023-04-07 01:15,2,402,source-existing,2023-04-06-live-01,
bili-fan-kassytan,BV1ys4y1N798,2023-04-08,2023-04-08 13:12→2023-04-08 16:07,【女流66】直播回放2023-04-08,2023-04-08 17:51,7,173,source-existing,2023-04-08-live-01,
bili-fan-kassytan,BV1pa4y1T7iw,2023-04-08,2023-04-08 16:51→2023-04-08 20:10,【女流66】直播回放2023-04-08,2023-04-08 21:23,7,198,source-existing,2023-04-08-live-01,
bili-fan-zytau,BV1Ma4y1T7y4,2023-04-08,2023-04-08 13:09→2023-04-08 20:10,[2023-04-08 13-09-16][女流66][先只狼，七点活动],2023-04-09 04:17,1,420,source-existing,2023-04-08-live-01,
bili-fan-kassytan,BV1Ug4y1M7uQ,2023-04-09,2023-04-09 11:56→2023-04-09 19:14,【女流66】直播回放2023-04-09,2023-04-09 21:03,15,437,source-existing,2023-04-09-live-01,
bili-fan-zytau,BV1oV4y1f7xb,2023-04-09,2023-04-09 11:56→2023-04-09 19:14,[2023-04-09 11-56-33][女流66][【钻粉2.5倍】只狼白金之路],2023-04-10 02:27,5,406,source-existing,2023-04-09-live-01,
bili-fan-kassytan,BV1uM4y127e5,2023-04-10,2023-04-10 15:07→2023-04-10 21:12,【女流66】直播回放2023-04-10,2023-04-10 22:51,10,364,source-existing,2023-04-10-live-01,
bili-fan-zytau,BV1V54y1F7pG,2023-04-10,2023-04-10 15:03→2023-04-10 21:12,[2023-04-10 15-03-49][女流66][只狼打铁打铁当当当当],2023-04-11 00:22,3,364,source-existing,2023-04-10-live-01,
bili-fan-kassytan,BV1oX4y167aY,2023-04-11,2023-04-11 12:47→2023-04-11 21:33,【女流66】直播回放2023-04-11,2023-04-12 01:22,18,526,source-existing,2023-04-11-live-01,
bili-fan-zytau,BV1Zc411H738,2023-04-11,2023-04-11 13:00→2023-04-11 21:33,[2023-04-11 13-00-39][女流66][只狼打铁打铁当当当当],2023-04-12 01:40,3,512,source-existing,2023-04-11-live-01,
bili-fan-kassytan,BV1vc411p7gT,2023-04-12,2023-04-12 13:04→2023-04-12 19:03,【女流66】直播回放2023-04-12,2023-04-12 20:54,12,358,source-existing,2023-04-12-live-01,
bili-fan-zytau,BV1pk4y1e7ZZ,2023-04-12,2023-04-12 13:05→2023-04-12 19:03,[2023-04-12 13-05-37][女流66][只狼白金就在今天了吧],2023-04-13 00:43,2,357,source-existing,2023-04-12-live-01,
bili-fan-kassytan,BV1r54y1F773,2023-04-14,2023-04-14 13:44→2023-04-14 19:05,【女流66】直播回放2023-04-14,2023-04-14 20:56,11,320,source-existing,2023-04-14-live-01,
bili-fan-zytau,BV1qM41157qY,2023-04-14,2023-04-14 13:42→2023-04-14 19:05,[2023-04-14 13-42-58][女流66][156277直播间],2023-04-15 01:57,1,322,source-existing,2023-04-14-live-01,
bili-fan-kassytan,BV1Eo4y1E7CE,2023-04-16,2023-04-16 15:10→2023-04-16 19:18,【女流66】直播回放2023-04-16,2023-04-16 22:26,8,249,source-existing,2023-04-16-live-01,
bili-fan-zytau,BV1YP411m7ps,2023-04-16,2023-04-16 15:10→2023-04-16 19:18,[2023-04-16 15-10-43][女流66][各位的耳朵有福了],2023-04-19 06:50,1,248,source-existing,2023-04-16-live-01,
bili-fan-kassytan,BV1RM411L71X,2023-04-18,2023-04-18 15:07→2023-04-18 19:27,【女流66】直播回放2023-04-18,2023-04-18 20:48,9,259,source-existing,2023-04-18-live-01,
bili-fan-kassytan,BV15h411E7y8,2023-04-19,2023-04-19 15:08→2023-04-19 19:10,【女流66】直播回放2023-04-19,2023-04-20 01:54,8,242,source-existing,2023-04-19-live-01,
bili-fan-kassytan,BV1Ms4y1d7sX,2023-04-20,2023-04-20 14:38→2023-04-20 21:32,【女流66】直播回放2023-04-20,2023-04-21 00:00,14,414,source-existing,2023-04-20-live-01,
bili-fan-kassytan,BV18s4y1A7GN,2023-04-22,2023-04-22 15:09→2023-04-22 19:34,【女流66】直播回放2023-04-22,2023-04-22 20:57,9,265,source-existing,2023-04-22-live-01,
bili-fan-zytau,BV1Dh411E79v,2023-04-22,2023-04-22 15:04→2023-04-22 19:34,[2023-04-22 15-04-59][女流66][走马上任咯~~~~],2023-04-23 05:43,1,269,source-existing,2023-04-22-live-01,
bili-fan-kassytan,BV1Cs4y1A7W6,2023-04-23,2023-04-23 15:21→2023-04-23 20:37,【女流66】直播回放2023-04-23,2023-04-23 23:39,11,315,source-existing,2023-04-23-live-01,
bili-fan-kassytan,BV12c411J7xT,2023-04-24,2023-04-24 15:05→2023-04-24 19:33,【女流66】直播回放2023-04-24,2023-04-24 22:37,9,266,source-existing,2023-04-24-live-01|2023-04-24-live-02,整场录像跨越本日多个条目，本条目对应其中一段：2023-04-24-live-01、2023-04-24-live-02。
bili-fan-kassytan,BV1rh4y1n74j,2023-04-26,2023-04-26 14:21→2023-04-26 20:13,【女流66】直播回放2023-04-26,2023-04-26 23:48,11,352,source-existing,2023-04-26-live-01,
bili-fan-kassytan,BV1SX4y1m7RY,2023-04-27,2023-04-27 15:06→2023-04-27 19:04,【女流66】直播回放2023-04-27,2023-04-27 20:24,8,238,source-existing,2023-04-27-live-01,
bili-fan-kassytan,BV1hg4y1L7vG,2023-04-28,2023-04-28 15:18→2023-04-28 18:56,【女流66】直播回放2023-04-28,2023-04-28 21:47,7,218,source-existing,2023-04-28-live-01,
bili-fan-kassytan,BV18o4y1w7xp,2023-04-29,2023-04-29 15:03→2023-04-29 20:11,【女流66】直播回放2023-04-29,2023-04-29 22:19,10,308,source-existing,2023-04-29-live-01,
bili-fan-kassytan,BV1vk4y177d7,2023-04-30,2023-04-30 15:08→2023-04-30 19:32,【女流66】直播回放2023-04-30,2023-04-30 21:08,9,264,source-existing,2023-04-30-live-01,
bili-fan-kassytan,BV1ja4y1G79E,2023-05-01,2023-05-01 15:08→2023-05-01 19:58,【女流66】直播回放2023-05-01,2023-05-01 21:28,10,290,source-existing,2023-05-01-live-01,
bili-fan-kassytan,BV1VX4y1U7Ld,2023-05-03,2023-05-03 14:33→2023-05-03 21:05,【女流66】直播回放2023-05-03,2023-05-03 23:25,13,392,source-existing,2023-05-03-live-01,
bili-fan-kassytan,BV1Wk4y1j7nS,2023-05-04,2023-05-04 15:18→2023-05-04 20:20,【女流66】直播回放2023-05-04,2023-05-04 23:10,10,302,source-existing,2023-05-04-live-01,
bili-fan-kassytan,BV1YL411a7me,2023-05-05,2023-05-05 15:03→2023-05-05 19:52,【女流66】直播回放2023-05-05,2023-05-05 21:18,10,289,source-existing,2023-05-05-live-01,
bili-fan-kassytan,BV15z4y1a7H5,2023-05-06,2023-05-06 15:07→2023-05-06 19:26,【女流66】直播回放2023-05-06,2023-05-06 21:09,9,259,source-existing,2023-05-06-live-01,
bili-fan-zytau,BV1rP41117HA,2023-05-09,2023-05-09 15:04→2023-05-09 18:48,[2023-05-09 15-04-11][女流66][【今日双倍】156277直播间],2023-05-10 02:42,1,223,source-existing,2023-05-09-live-01,
bili-fan-kassytan,BV1QX4y1y7WQ,2023-05-12,2023-05-12 10:29→2023-05-12 11:27,【女流66】直播回放2023-05-12,2023-05-12 12:53,2,57,source-existing,2023-05-12-live-01,
bili-fan-kassytan,BV1Qh41157kq,2023-05-12,2023-05-12 11:50→2023-05-12 19:50,【女流66】直播回放2023-05-12,2023-05-12 22:31,16,479,source-existing,2023-05-12-live-01,
bili-fan-kassytan,BV1hs4y1Q7db,2023-05-13,2023-05-13 10:30→2023-05-13 19:37,【女流66】直播回放2023-05-13,2023-05-14 02:55,18,546,source-existing,2023-05-13-live-01,
bili-fan-kassytan,BV17o4y1F7wt,2023-05-14,2023-05-14 10:51→2023-05-14 13:44,【女流66】直播回放2023-05-14,2023-05-14 16:21,6,173,source-existing,2023-05-14-live-01,
bili-fan-kassytan,BV1AV4y1k7Sj,2023-05-14,2023-05-14 14:05→2023-05-14 20:03,【女流66】直播回放2023-05-14,2023-05-14 22:03,12,357,source-existing,2023-05-14-live-01,
bili-fan-kassytan,BV1cm4y187kK,2023-05-15,2023-05-15 10:51→2023-05-15 18:01,【女流66】直播回放2023-05-15,2023-05-15 20:09,14,430,source-existing,2023-05-15-live-01,
bili-fan-kassytan,BV1go4y157o9,2023-05-15,2023-05-15 19:51→2023-05-15 20:42,【女流66】直播回放2023-05-15,2023-05-15 21:46,2,50,source-existing,2023-05-15-live-01,
bili-fan-kassytan,BV13o4y157Xa,2023-05-16,2023-05-16 10:46→2023-05-16 19:08,【女流66】直播回放2023-05-16,2023-05-16 22:00,17,502,source-existing,2023-05-16-live-01,
bili-fan-kassytan,BV1nu411x7hc,2023-05-17,2023-05-17 10:26→2023-05-17 19:33,【女流66】直播回放2023-05-17,2023-05-17 22:27,18,546,source-existing,2023-05-17-live-01,
bili-fan-kassytan,BV1xk4y1s7qj,2023-05-18,2023-05-18 11:01→2023-05-18 20:00,【女流66】直播回放2023-05-18,2023-05-19 00:23,18,539,source-existing,2023-05-18-live-01,
bili-fan-kassytan,BV15u411x7NW,2023-05-19,2023-05-19 13:15→2023-05-19 19:20,【女流66】直播回放2023-05-19,2023-05-19 20:53,13,364,source-existing,2023-05-19-live-01,
bili-fan-kassytan,BV1sL411B7hi,2023-05-20,2023-05-20 10:55→2023-05-20 20:00,【女流66】直播回放2023-05-20,2023-05-20 22:46,18,545,source-existing,2023-05-20-live-01,
bili-fan-kassytan,BV1bd4y1Z7Ny,2023-05-21,2023-05-21 10:55→2023-05-21 11:39,【女流66】直播回放2023-05-21,2023-05-21 12:41,2,44,partial-or-highlight,2023-05-21-live-01,05-21 仅开头 44 分钟的孤立碎片；条目已有秘密录像屋全场
bili-fan-kassytan,BV1mo4y1G7F9,2023-05-22,2023-05-22 11:44→2023-05-22 20:37,【女流66】直播回放2023-05-22,2023-05-22 22:52,15,533,new-live,2023-05-22-live-02|2023-05-22-live-01,P1–P13（11:44—18:01）为本场塞尔达传说；P14–P15（18:01—20:37）为同日斗鱼高校音乐盛典，见 2023-05-22-live-01。
bili-fan-kassytan,BV1ih4y1x7Sq,2023-05-23,2023-05-23 11:29→2023-05-23 14:32,【女流66】直播回放2023-05-23,2023-05-23 15:37,6,183,source-existing,2023-05-23-live-01,
bili-fan-kassytan,BV1jd4y1f7MJ,2023-05-25,2023-05-25 10:47→2023-05-25 17:37,【女流66】直播回放2023-05-25,2023-05-25 19:52,14,409,source-existing,2023-05-25-live-01,
bili-fan-kassytan,BV1oM4y1v7h4,2023-05-26,2023-05-26 10:38→2023-05-26 18:04,【女流66】直播回放2023-05-26,2023-05-26 23:10,15,447,source-existing,2023-05-26-live-01,
bili-fan-kassytan,BV15g4y1F7oK,2023-05-28,2023-05-28 11:02→2023-05-28 18:27,【女流66】直播回放2023-05-28,2023-05-28 20:32,15,444,source-existing,2023-05-28-live-01,
bili-fan-kassytan,BV1wm4y1478f,2023-05-29,2023-05-29 11:03→2023-05-29 19:47,【女流66】直播回放2023-05-29,2023-05-29 22:26,17,524,source-existing,2023-05-29-live-01,
bili-fan-kassytan,BV1B24y1A7Zr,2023-05-30,2023-05-30 11:00→2023-05-30 19:48,【女流66】直播回放2023-05-30,2023-05-30 23:45,17,529,source-existing,2023-05-30-live-01,
bili-fan-kassytan,BV1Du411p7ka,2023-05-31,2023-05-31 11:10→2023-05-31 20:10,【女流66】直播回放2023-05-31,2023-05-31 22:28,18,540,source-existing,2023-05-31-live-01,
bili-fan-kassytan,BV1ao4y1u7W4,2023-06-01,2023-06-01 11:00→2023-06-01 21:22,【女流66】直播回放2023-06-01,2023-06-02 11:51,20,622,source-existing,2023-06-01-live-01,
bili-fan-kassytan,BV1VV4y1U7on,2023-06-02,2023-06-02 11:45→2023-06-02 20:41,【女流66】直播回放2023-06-02,2023-06-02 22:26,18,537,source-existing,2023-06-02-live-01,
bili-fan-kassytan,BV1qm4y1i7zW,2023-06-05,2023-06-05 15:28→2023-06-05 20:03,【女流66】直播回放2023-06-05,2023-06-05 21:53,9,274,source-existing,2023-06-05-live-01,
bili-fan-kassytan,BV1wN411k7P1,2023-06-06,2023-06-06 15:03→2023-06-06 20:42,【女流66】直播回放2023-06-07,2023-06-07 10:48,11,338,source-existing,2023-06-06-live-01,投稿标题写 2023-06-07，但分P 文件名录制时刻为 2023-06-06，按录制时刻记。
bili-fan-kassytan,BV1Uz4y1v7R1,2023-06-07,2023-06-07 15:02→2023-06-07 19:41,【女流66】直播回放2023-06-07,2023-06-07 21:01,9,277,source-existing,2023-06-07-live-01,
bili-fan-kassytan,BV1Jk4y1p7QJ,2023-06-08,2023-06-08 15:07→2023-06-08 20:57,【女流66】直播回放2023-06-08,2023-06-08 23:13,12,349,source-existing,2023-06-08-live-01,
bili-fan-kassytan,BV1Go4y1T7fh,2023-06-09,2023-06-09 15:07→2023-06-09 20:46,【女流66】直播回放2023-06-09,2023-06-09 22:34,11,338,source-existing,2023-06-09-live-01,
bili-fan-kassytan,BV1nm4y1q7mh,2023-06-10,2023-06-10 15:02→2023-06-10 18:52,【女流66】直播回放2023-06-10,2023-06-10 20:58,8,230,source-existing,2023-06-10-live-01,
bili-fan-kassytan,BV1qV4y1m7uN,2023-06-11,2023-06-11 15:05→2023-06-11 20:56,【女流66】直播回放2023-06-11,2023-06-11 22:44,12,351,source-existing,2023-06-11-live-01,
bili-fan-kassytan,BV1Fu4y1o7VW,2023-06-12,2023-06-12 14:10→2023-06-12 19:28,【女流66】直播回放2023-06-12,2023-06-12 21:26,11,317,source-existing,2023-06-12-live-01,
bili-fan-kassytan,BV19P411B7yf,2023-06-13,2023-06-13 15:00→2023-06-13 22:31,【女流66】直播回放2023-06-13,2023-06-14 00:47,15,450,source-existing,2023-06-13-live-01,
bili-fan-kassytan,BV1bj411X7ZT,2023-06-14,2023-06-14 15:05→2023-06-14 19:52,【女流66】直播回放2023-06-14,2023-06-14 21:14,10,287,source-existing,2023-06-14-live-01,
bili-fan-kassytan,BV15c411M7C8,2023-06-16,2023-06-16 15:10→2023-06-16 19:24,【女流66】直播回放2023-06-16,2023-06-16 21:35,9,253,new-live,2023-06-16-live-02,15:10—19:24 连续录像；预览帧显示开头约 40 分钟是一款未能辨认的奇幻 3D 游戏，其后为糖豆人。
bili-fan-kassytan,BV1UM4y1J7jm,2023-06-16,2023-06-16 20:00→2023-06-16 21:48,【女流66】直播回放2023-06-16,2023-06-16 22:45,2,107,source-existing,2023-06-16-live-01,20:00 起录的晚间段，预览帧为冒险岛；下午 15:10—19:24 另一段是糖豆人，见 2023-06-16-live-02。
bili-fan-kassytan,BV1ju411a7Wa,2023-06-17,2023-06-17 15:15→2023-06-17 21:41,【女流66】直播回放2023-06-17,2023-06-17 23:26,14,385,source-existing,2023-06-17-live-01,
bili-fan-kassytan,BV1Wa4y1w7QZ,2023-06-18,2023-06-18 14:40→2023-06-18 21:09,【女流66】直播回放2023-06-18,2023-06-18 23:45,13,389,source-existing,2023-06-18-live-01,
bili-fan-kassytan,BV1bj411D74n,2023-06-19,2023-06-19 15:15→2023-06-20 00:13,【女流66】直播回放2023-06-19,2023-06-20 01:53,18,537,source-existing,2023-06-19-live-01,录像跨零点，按开播日记本日。
bili-fan-kassytan,BV12o4y1P747,2023-06-20,2023-06-20 15:21→2023-06-21 00:08,【女流66】直播回放2023-06-20,2023-06-21 01:52,16,527,source-existing,2023-06-20-live-01,录像跨零点，按开播日记本日。
bili-fan-kassytan,BV1dj411D7k8,2023-06-21,2023-06-21 15:10→2023-06-21 19:27,【女流66】直播回放2023-06-21,2023-06-21 20:59,8,256,source-existing,2023-06-21-live-01,
bili-fan-kassytan,BV1ao4y1P7Bd,2023-06-22,2023-06-22 14:40→2023-06-22 20:58,【女流66】直播回放2023-06-22,2023-06-22 22:09,12,376,source-existing,2023-06-22-live-01,
bili-fan-kassytan,BV11k4y1M7TJ,2023-06-23,2023-06-23 15:05→2023-06-23 20:56,【女流66】直播回放2023-06-23,2023-06-23 22:19,11,348,source-existing,2023-06-23-live-01,
bili-fan-kassytan,BV1yz4y1H7AD,2023-06-24,2023-06-24 15:11→2023-06-24 21:02,【女流66】直播回放2023-06-24,2023-06-24 22:24,11,351,source-existing,2023-06-24-live-01,
bili-fan-kassytan,BV1tz4y1H7q4,2023-06-25,2023-06-25 13:56→2023-06-25 19:23,【女流66】直播回放2023-06-25,2023-06-25 20:38,10,327,source-existing,2023-06-25-live-01,
bili-fan-kassytan,BV1Qs4y1C7hj,2023-06-26,2023-06-26 14:21→2023-06-26 19:07,【女流66】直播回放2023-06-26,2023-06-26 20:12,9,286,source-existing,2023-06-26-live-01,
bili-fan-kassytan,BV1Hh4y1M7Au,2023-06-27,2023-06-27 14:06→2023-06-27 21:17,【女流66】直播回放2023-06-27,2023-06-27 23:04,13,431,source-existing,2023-06-27-live-01,
bili-fan-kassytan,BV1ym4y1a7VE,2023-06-28,2023-06-28 13:46→2023-06-28 21:18,【女流66】直播回放2023-06-28,2023-06-28 23:11,15,452,already-attached,2023-06-28-live-01,本轮之前已挂
bili-fan-kassytan,BV1DF411d7fR,2023-06-29,2023-06-29 15:20→2023-06-29 19:11,【女流66】直播回放2023-06-29,2023-06-29 21:05,8,230,source-existing,2023-06-29-live-01,
bili-fan-kassytan,BV1nV411g78c,2023-06-30,2023-06-30 15:10→2023-06-30 16:35,【女流66】直播回放2023-06-30,2023-06-30 17:42,3,84,source-existing,2023-06-30-live-01,
bili-fan-kassytan,BV1GP411e7Yb,2023-06-30,2023-06-30 16:56→2023-06-30 19:49,【女流66】直播回放2023-06-30,2023-06-30 21:22,6,173,source-existing,2023-06-30-live-01,
bili-fan-kassytan,BV1614y1d7Rh,2023-07-01,2023-07-01 14:51→2023-07-01 20:15,【女流66】直播回放2023-07-01,2023-07-01 22:41,11,324,source-existing,2023-07-01-live-01,
bili-fan-kassytan,BV1Bg4y1A7Sk,2023-07-02,2023-07-02 14:56→2023-07-02 23:37,【女流66】直播回放2023-07-02,2023-07-03 01:27,17,521,source-existing,2023-07-02-live-01|2023-07-02-live-02,整场录像跨越本日多个条目，本条目对应其中一段：2023-07-02-live-01、2023-07-02-live-02。
bili-fan-kassytan,BV1fW4y1Z7iT,2023-07-04,2023-07-04 19:56→2023-07-04 23:40,【女流66】直播回放2023-07-04,2023-07-05 01:27,7,224,source-existing,2023-07-04-live-01,
bili-fan-kassytan,BV1fW4y1Z7bW,2023-07-05,2023-07-05 15:21→2023-07-05 20:49,【女流66】直播回放2023-07-05,2023-07-05 23:35,10,328,source-existing,2023-07-05-live-01,
bili-fan-kassytan,BV1js4y167Yg,2023-07-05,2023-07-05 22:26→2023-07-06 00:01,【女流66】直播回放2023-07-05,2023-07-06 01:08,3,95,new-live,2023-07-05-live-02,22:26 起录至次日 00:01，预览帧全程为糖豆人；下午土豆兄弟场见 2023-07-05-live-01。 录像跨零点，按开播日记本日。
bili-fan-kassytan,BV1Wj411U7aa,2023-07-06,2023-07-06 15:11→2023-07-06 19:38,【女流66】直播回放2023-07-06,2023-07-06 21:41,8,267,source-existing,2023-07-06-live-01,
bili-fan-kassytan,BV1Fh411P7aE,2023-07-07,2023-07-07 15:21→2023-07-07 20:27,【女流66】直播回放2023-07-07,2023-07-07 21:54,9,306,source-existing,2023-07-07-live-01,
bili-fan-kassytan,BV1Xa4y1F71N,2023-07-07,2023-07-07 22:46→2023-07-08 01:08,【女流66】直播回放2023-07-07,2023-07-08 03:59,5,141,source-existing,2023-07-07-live-01,录像跨零点，按开播日记本日。
bili-fan-kassytan,BV1ia4y1F7tF,2023-07-08,2023-07-08 15:11→2023-07-08 19:33,【女流66】直播回放2023-07-08,2023-07-08 20:57,8,262,source-existing,2023-07-08-live-01,下午段；晚间糖豆人见 2023-07-08-live-02。
bili-fan-kassytan,BV1kj411U7qt,2023-07-08,2023-07-08 21:26→2023-07-09 00:37,【女流66】直播回放2023-07-08,2023-07-09 02:21,6,191,source-existing,2023-07-08-live-02,21:26 起录的晚间段，跨零点到 00:37，按开播日记本日。 录像跨零点，按开播日记本日。
bili-fan-kassytan,BV1o14y1R7gx,2023-07-10,2023-07-10 15:12→2023-07-10 19:10,【女流66】直播回放2023-07-10,2023-07-10 20:55,7,238,source-existing,2023-07-10-live-01,下午段；晚间糖豆人见 2023-07-10-live-02。
bili-fan-kassytan,BV1GN411U7zV,2023-07-10,2023-07-10 21:36→2023-07-11 01:05,【女流66】直播回放2023-07-10,2023-07-11 03:40,7,209,source-existing,2023-07-10-live-02,21:36 起录的晚间段，跨零点到 01:05，按开播日记本日。 录像跨零点，按开播日记本日。
bili-fan-kassytan,BV1EP411y72W,2023-07-11,2023-07-11 15:26→2023-07-11 20:01,【女流66】直播回放2023-07-11,2023-07-11 23:34,9,275,source-existing,2023-07-11-live-01,下午段；晚间糖豆人见 2023-07-11-live-02。
bili-fan-kassytan,BV1p94y1B7qA,2023-07-11,2023-07-11 22:16→2023-07-12 00:38,【女流66】直播回放2023-07-11,2023-07-12 01:45,5,142,source-existing,2023-07-11-live-02,22:16 起录的晚间段，跨零点到 00:38，按开播日记本日。 录像跨零点，按开播日记本日。
bili-fan-kassytan,BV1kj411Z7jC,2023-07-12,2023-07-12 15:41→2023-07-12 23:39,【女流66】直播回放2023-07-12,2023-07-13 01:37,14,477,source-existing,2023-07-12-live-01,
bili-fan-kassytan,BV1994y1B7gu,2023-07-13,2023-07-13 15:51→2023-07-14 00:29,【女流66】直播回放2023-07-13,2023-07-14 02:09,16,517,source-existing,2023-07-13-live-01,录像跨零点，按开播日记本日。
bili-fan-kassytan,BV1R14y1X7aq,2023-07-14,2023-07-14 15:11→2023-07-14 22:14,【女流66】直播回放2023-07-14,2023-07-15 00:53,13,423,source-existing,2023-07-14-live-01,
bili-fan-kassytan,BV1RX4y1a72P,2023-07-15,2023-07-15 15:17→2023-07-15 20:01,【女流66】直播回放2023-07-15,2023-07-15 22:07,9,283,source-existing,2023-07-15-live-01,
bili-fan-kassytan,BV1b94y1i7Fj,2023-07-16,2023-07-16 15:22→2023-07-16 19:42,【女流66】直播回放2023-07-16,2023-07-16 21:32,8,260,source-existing,2023-07-16-live-01,
bili-fan-kassytan,BV1NW4y1o71K,2023-07-19,2023-07-19 14:58→2023-07-19 19:50,【女流66】直播回放2023-07-19,2023-07-19 21:17,10,292,source-existing,2023-07-19-live-01,
bili-fan-kassytan,BV1Hm4y177JF,2023-07-20,2023-07-20 11:42→2023-07-20 18:46,【女流66】直播回放2023-07-20,2023-07-20 20:58,13,423,source-existing,2023-07-20-live-01,
bili-fan-kassytan,BV14V411K75p,2023-07-21,2023-07-21 16:16→2023-07-21 19:17,【女流66】直播回放2023-07-21,2023-07-21 20:20,6,180,source-existing,2023-07-21-live-01,
bili-fan-kassytan,BV1eM4y1p73N,2023-07-22,2023-07-22 11:51→2023-07-22 20:01,【女流66】直播回放2023-07-22,2023-07-22 21:49,16,489,source-existing,2023-07-22-live-01|2023-07-22-live-02,11:51—20:01 连续录像，前段 Street Fighter，后段转入遗迹2（见 2023-07-22-live-02）。
bili-fan-kassytan,BV1bh4y127Pu,2023-07-22,2023-07-22 21:17→2023-07-22 22:52,【女流66】直播回放2023-07-22,2023-07-23 01:12,4,95,source-existing,2023-07-22-live-02,21:17 起录的晚间段，预览帧为遗迹2。
bili-fan-kassytan,BV1qu4y1U7A8,2023-07-22,2023-07-22 23:12→2023-07-23 01:09,【女流66】直播回放2023-07-22,2023-07-23 02:05,4,117,source-existing,2023-07-22-live-02,23:12 起录至次日 01:09 的晚间段，预览帧为遗迹2；按开播日记本日。 录像跨零点，按开播日记本日。
bili-fan-kassytan,BV1o94y1e7gF,2023-07-23,2023-07-23 11:07→2023-07-23 19:57,【女流66】直播回放2023-07-23,2023-07-23 22:13,17,530,source-existing,2023-07-23-live-01,
bili-fan-kassytan,BV16N411e7fQ,2023-07-23,2023-07-23 21:27→2023-07-23 23:55,【女流66】直播回放2023-07-24,2023-07-24 03:15,5,148,source-existing,2023-07-23-live-01,投稿标题写 2023-07-24，但分P 文件名录制时刻为 2023-07-23，按录制时刻记。
bili-fan-kassytan,BV1yj411R7Q2,2023-07-24,2023-07-24 13:37→2023-07-24 20:42,【女流66】直播回放2023-07-24,2023-07-24 22:39,14,425,source-existing,2023-07-24-live-01,
bili-fan-kassytan,BV1NW4y1o7nh,2023-07-24,2023-07-24 22:42→2023-07-25 03:34,【女流66】直播回放2023-07-24,2023-07-25 05:27,10,292,source-existing,2023-07-24-live-01,录像跨零点，按开播日记本日。
bili-fan-kassytan,BV1Vm4y1j7X2,2023-07-25,2023-07-25 13:57→2023-07-25 21:10,【女流66】直播回放2023-07-25,2023-07-26 00:39,14,433,source-existing,2023-07-25-live-01,
