target_id,priority,category,date,archive_entries,title,why_it_matters,existence_evidence,known_dead_links,surviving_or_recovered_sources,status_2026_09_24,best_next_lead
T01,P1,重点目标,2016-01-28～2016-01-29,2016-01-28-live-01 | 2016-01-28-live-02 | 2016-01-29-live-01,《潜伏之赤途》2016 年第二次完整游玩（含大结局）,她最有代表性的橙光长剧情直播之一；01-28 晚场的两段优酷录像 2026-09-23 刚下架，档案只剩 01-28 下午的后 113 分钟,优酷播单「女流赤途」（上传者乱世帝王于歪熊）；贴吧 2016 专贴「1/28 潜伏之赤途」；存档直播间页 2016-01-31 快照标题「有点喝多了」、缩略图 2016-01-30 00:58,v.youku.com XMTQ1OTY4MjgwMA==（赤途2）、XMTQ1OTcyMjU5Mg==（赤途3），2026-09-23 已下架,B站 BV1Kp421D7vF（游戏学姐夫合集 4P，2024-04-28）：P1+P2＝01-28 下午整场 4:13:15、P3＝01-28 晚场 2:43:56、P4＝01-29 大结局 2:32:48；优酷 XMTQ1OTQzMTUzMg== 仍在（01-28 下午后 113 分钟）,已找回可播放来源,为 BV1Kp421D7vF 找第二个镜像并留 Wayback 快照（现在三场只剩这一份）；素材来源先看投稿简介与评论区，可能是赤途吧 L16「16 年弹幕版」网盘（随尘归海），也可能是录像小屋 2017 年前后传过、2019 年已下架的「当年全程」（task-049 §3）
T02,P1,重点目标,2015-04-10 / 04-13 / 04-15,2015-04-10-live-01,《潜伏之赤途》2015 年首次游玩（背对镜头时期，含 04-15 第一次大结局）,直播第一年最受追忆的系列之一，吧友多年反复求档,04-10 列表页快照标题「霸道间谍爱上。。我」；吧友转述 04-10、04-13 两天（tieba p/4341245430）与 04-15 大结局（p/5417340368）,录像组网盘（逐日盘 1eQIvAOM → 1hq6NYbM，及 2016-10 重分享的 6.29 前合集 1jIJhhnK）；2017-11 有人说「置顶的貌似被和谐了」,无。赤途吧 2020-12 证词：「16年补时网盘还有，不过大结局被删了，说是女流不让传。后来连前面的也没了」；2017-11 吧主 ardea1347「第一次的就别想了」，2019-01 答有没有网盘「没有」。2016-09 gijj1986 录像盘里有含结局的「潜伏赤途」文件夹，哪一年那次不明（task-049 §3）,无公开线索,公开线索只剩赤途吧 L16/L17 两个带提取码的分享（同属随尘归海，多半是 2016 版，未打开）：拼出正确提取码后只看文件名与日期。04-13、04-15 两天在档案里还没有条目（只有转述），找到录像再建
T03,P1,重点目标,2015-09-27,2015-09-27-live-01,心灵砒霜 2015-09-27（第一次直播落泪）,她直播生涯里被反复提起的一场,吧友合集帖 p/4079886537 12 楼；同日《怎么突然哭了》p/4068275521,v.youku.com XMTM1MDQ1NDE4OA==（113 分钟节选，上传者俺是红领巾，已删）；其余 2 小时 40 分因含零食店广告当时就没上传,无,来源已失效·元数据在,优酷 XMTM1MDQ1NDE4OA 的转载或截图（上传者「俺是红领巾」、贴出者龙灵云只作溯源锚点）。原文件当年应在录像组逐日盘、之后应进 6.29 以后合集 1eSB54I2——这是推断，没见过目录
T04,P1,重点目标,2015-12-11,2015-12-11-live-01,与陈一发逛故宫（户外）,两位主播少有的线下同框户外，弹幕版曾在优酷；陈一发一方的录像随其 2018 年封禁大多已不在,贴吧《【录像】20151211 女流发姐逛故宫（弹幕版）》p/4208485284；录制者本人在妖精少女吧 p/4208487661 7 楼贴出同一优酷地址；陈一发儿吧 2016-01 有人说是看了「陈一发女流游故宫」才入坑,v.youku.com XMTQxMDA0ODQ1Ng==（70 分钟弹幕版，录制者「夜宴77910」，已删）,无（B站、A站按「陈一发 故宫」「发姐 故宫」检索均无）,来源已失效·元数据在,优酷 XMTQxMDA0ODQ1Ng 在别处的转载或截图（录制者「夜宴77910」只作溯源锚点）；陈一发一方 2015 年录像的公开转载
T05,P1,重点目标,2015-07～2015-11,2015-07-06-live-01 | 2015-07-10-live-01 | 2015-07-13-live-01 | 2015-08-03-live-01 | 2015-08-31-live-01 | 2015-10-22-live-01 | 2015-11-05-live-01 | 2015-07-28-live-01 | 2015-08-20-live-01 | 2015-09-04-live-01,大周 MC 一周目（「武则天MC」「六则天」、五届女流杯建筑大赛）,大周 MC 这条延续多年的长线的起点；日常场次几乎全无录像,列表页/直播间快照与贴吧同期帖（task-038～046）；2017-08 吧主回忆一周目始于「15.07.4」（tieba p/5277161095，转述）,2015-06-29 后录像网盘 1eSB54I2（已失效）；2019-09 吧主答「女流优酷有建筑大赛的录像」,建筑大赛：第一届 07-28、第三届 08-20 官方优酷全集；第四届 09-04 A站萌得激死全程 + 官方优酷/搜狐剪辑版；第二、五届只有官方优酷（未定日）；武则天MC精剪01（官方优酷）。日常场次只有 07-06 一段 3 分钟 A站片段,部分找回,① 给官方优酷上的建筑大赛找非优酷镜像（目前多为优酷单源）；② 07-04 起的一周目开局日需要当日录像或截图才能建条目；日常场次原在 6.29 以后合集 1eSB54I2（已失效，只作溯源）
T06,P2,重点目标,2018-08-10 / 第二天（日期未定）/ 2018-08-13,2018-08-10-live-01 | 2018-08-13-live-01 | 2018-08-17-video-01,大周MC 第四目 前三天,第四目的开局；录像当时就因地图侵权被删，是有明确删除原因的缺口,贴吧逐日记录；010陈 2018-08-17 微博「第一、二集录像已被删」；导航帖 2018-08-18「想看前三天的MC」,2018 录像网盘 1qYUievE（已失效）；原录像小屋投稿（被删）,08-10 两段直播片段：BV1ps411T77E（分P 名「女流-2018.8.10-大周MC第四目：钓鱼大赛」）、BV1dW41197kd（分P「20180810」）；010陈 第一、二集剧情简介 BV1GW411R7d4（此前只有微博短链）,部分找回,第二天是哪天仍未定（08-11 是怪物猎人、08-12 是砒霜）；录像小屋当年已删投稿的 Wayback 页；010陈 简介视频画面里可辨认的日期
T07,P2,重点目标,2016-02-24 / 03-02 /（03-09）,2016-02-24-live-01 | 2016-03-02-live-01 | 2016-03-09-live-01,《逆袭之星途闪耀》前几天（录像小屋起录前）,录像小屋 2016-05-31 起的系列标题是「逆袭 dayX」——前面几天从来没有公开录像编号,直播间快照 02-24「逆途更新了」、03-09「逆袭更新啦」；贴吧 2016 专贴 2/24、3/2,2016 年 1-4 月录像网盘 1o7NbxDg（已失效）,官方优酷《【女流直播生放送】逆袭》XMTUwNTAwNjI1Ng==（139 分钟，2016-03-19 上传），是其中一天，但哪天未定（task-042：从游戏开场玩起，更像 02-24）,部分找回,给优酷这段定日：片中念到作者「改为每周日晚更新」的公告，找该作 2016 年 2～3 月的更新公告日期即可夹定；03-09 档案记星露谷、贴吧记逆袭，冲突待解
T08,P2,重点目标,不明,,《最后生还者》（第一部）直播,维护者点名的线索；2026-03 有吧友在女流吧求录像，说「网上搜全是404」,只有这一条求档帖（tieba p/10571400321）。贴吧 2016～2023 逐日记录、2015 年全部贴吧帖子、官方优酷 392 条、各录像号目录与 B站/A站/贴吧全站检索都没有她玩第一部的记录；2020-06-19～21 是第二部,求档帖所说的 404 链接没有给出,无,未决,先证明存在：她 2016-04-21「2015 年玩过的游戏」微博（需登录）；ardea1347 按节目表回答过的旧帖里是否提到（见 task-049 §9）
T09,P1,重点目标,2015-01-29～2018,（2015～2018 全部无录像条目）,贴吧录像组 / 录像师傅的百度网盘,2015 年的录像「只有网盘」（吧务 2018-02），2016～2018 也按月全存过；这是能一次性补回几十个无录像直播日的唯一已知来源,女流吧两代导航帖（p/4973093360、p/5701625222）、2015-08 吧务换链帖 p/4008992989、粉丝导航站「女流亚洲研究中心」2016 快照的「录像下载」,25 个分享码全部「链接不存在」（21 个录像 + 节目表 2、书单 1、录像小屋 2018 简介 1eRSk8ro 1）：2015 录像组 1pZdNo（07-22 单场）、逐日盘 1eQIvAOM（2015-08-30）→ 1hq6NYbM（2015-09-26）、1mgB3ucw（2015-11）；2017 盘 1gfHpj39；导航站 1nveXrap、1skG6ayL；2018 导航帖 2015 年两段 1jIJhhnK、1eSB54I2，2016 年逐月 1o7NbxDg、1o7AQiiY、1slDHYQp、1kVzbiRl、1c1PxA4g、1skMpmUT、1o85aFvs、1eR7IBgm、1dEJpXzr 与总链 130_XKjBl-dxVnVaQTRL5MQ，2017 1boIM5nL，2018 1qYUievE；节目表 1qY4ghcS、1kUFPaz9；书单 1pL97MYJ。Wayback 均未存可用页面，两个账号的 share/home 页也没有抓取,无公开副本。分享者账号仍存在：uk 3859185200＝贴吧 gijj1986（「录像师傅」的盘，所有滚动更新的录像盘）、uk 3406207715＝贴吧 ardea1347／沈锋Ashen（2015 年两个 6.29 合集、节目表、书单）；头像 md5 确认（task-049）。公开分享列表需登录才能看,私人/网盘线索,持有人现实中联系不上，只作溯源锚点（gijj1986、ardea1347、梦缘系1/葵kiss😘、Iam左丞相）。Wayback 已查尽；剩下的公开证据只有吧友转贴与截图里残留的文件名（已知唯一一个是 古墓丽影10-2.flv），以及 ardea1347 按节目表回答具体日期的旧帖
T10,P2,重点目标,2015-05-16～2015-06-22,,2015 年最大的空洞,只有 05-21、06-04 两个开播日证据，其余一片空白,task-044 §9,2015-06-29 前录像网盘 1jIJhhnK（已失效）；2018-05 有人说「15年6月29日到7月底之间的录播」网盘里也没有,无,无公开线索,同 T09（6.29 前合集 1jIJhhnK 在 ardea1347 名下，已失效）；另外 A站傅洋（uid 1274246）的超级小桀同期录像可核对连麦日
T11,P3,重点目标,2018-04-14,2018-04-14-live-01,《逃出生天 A Way Out》（与壮壮）,姐弟合作场；录像是有意不发布的,贴吧 2018 专贴；p/5650322261「因为这个录像不太正能量，所以没上传」；导航帖吧务「游戏内容影响不好，所以录像都没有的」,当天白天曾短暂出现在 B站，晚上撤下（楼主转述）,无,无公开线索,不主动征集：是主播方决定不公开的内容
T12,P2,重点目标,2017-01-08 等,,年报点名的大事件（UCG2016 游戏大赏近 5 小时全程、霹雳侠节目等）,年度报告里列为年度大事件,2017/2018 年度直播报告；斗鱼 CMS 专题页,—,UCG 官方 35 分钟奖项版与花絮（片段）,部分找回,游戏时光 / UCG 斗鱼房间录像；霹雳爷们儿节目组优酷旧库
T13,P2,重点目标,2015-07～08,2015-07-17-live-01 | 2015-08-19-live-01 | 2015-08-21-live-01,2015 年夏天吧友剪辑的失落片段,这几天没有整场录像，剪辑是唯一的画面,task-045/046 登记,A站 ac2034005《女流干不出这种事儿~》、ac2026746（404，上传者现为 0 投稿）；08-11/08-20/08-21 三段土豆剪辑；07-31 ChinaJoy 晚展示礼物（优酷已屏蔽 XMTI5ODM3MTkxNg==）,视频全失；给俺泡泡502 的 7 条中 6 条有 2015 年 Wayback 页（标题与简介）,来源已失效·元数据在,A站 uid 1042937「给俺泡泡502」7 条女流切片（ac2006301 ac2022238 ac2034005 ac2040270 ac2052199 ac2054121 ac2091776）的 Wayback 页：取标题、简介、投稿时刻找母场（task-049 §4）；土豆三个 vid 的 Wayback 页
T14,P2,重点目标,2020-07-17,2020-07-17-live-02,对马岛之鬼 2020-07-17（原标「缺 P1-P4」）,档案标记为「只有下半场」，需要核实,录像小屋 BV1bf4y1R79u 7 个分P P1-P7 共 6:50:08,—,录像小屋全场；秘密录像屋全场 BV1mD4y1m7X4（本轮补挂）；A站只有 P5-P7,已找回可播放来源,无——「缺上半场」只是 A站那份，档案已订正
T15,P3,重点目标,2022-08-03,2022-08-03-live-01,华语乐坛金曲回顾（中段约 97 分钟无存档）,现存两段之间缺一段,UID 8290691 自动录制两段,—,BV1tW4y1a7mn（2:45）＋ BV16d4y1T7Ma（0:31）,部分找回,同日斗鱼回看或其他录播号
T16,P3,重点目标,2015-03-21 / 2023-04-05 / 2023-04-15 / 2021-02-13,2015-03-21（奥日，只有节目表转述，未建条目） | 2021-02-13（雀姬，未建条目）,零星未决日,贴吧记了直播，档案无条目或无来源,贴吧逐日记录；2021-02-13 仅有时长描述；2015-03-21 只有 ardea1347 2017 年按节目表答的「2015.03.18、21」，当天 13:25 快照未开播（task-049 §9）,—,无,未决,当天斗鱼快照、其他录播号
T17,P2,重点目标,2016-01-05,2016-01-05-live-01,星之契约（谁是你爸爸 & 星之契约）,当天条目无录像，但官方优酷有一段疑似当天的录像,贴吧 2016 专贴 1/5；task-043 转写线索都指向 01-05 但未自报日期,—,官方优酷 XMTQzOTQwMTQ4NA==（70:40，2016-01-08 上传），未挂,未决,片中能自证日期的一句话（完整转写还没做）
T18,P1,重点目标,2010-05-08,2010-05-08-video-01,视频时代第一支视频《小型单机游戏之迷画之塔》,她的首作；档案「首作」标签所在条目,官方优酷页面 JSON-LD 上线时间 2010-05-08 17:55:58,v.youku.com XMTcxMzcyMjAw：2026-09-24 播放接口返回「该视频已经加密，请输入密码」，公开无法播放,B站 BV1rW411y7cc（2018-10-07 直播中回看这支视频的片段，7:43，只含一部分）,部分找回,优酷设密码可能是上传者（她本人）的操作，可能恢复；定期复查；找公开的转载副本
,P3,来源全部失效,2010-05-10,2010-05-10-video-01,【女流】小游戏也可以很暴力。。。第一弹,,见条目 note,https://v.youku.com/v_show/id_XMTcxNzY2Mjg4.html,,来源已失效·元数据在,当年录播员的私人备份
,P3,来源全部失效,2013-09-04,2013-09-04-video-01,【女流】进击的巨人同人游戏【巨人の猎手】试玩解说,,见条目 note,https://v.youku.com/v_show/id_XNjA1MDcxMTQ0.html,,来源已失效·元数据在,当年录播员的私人备份
,P2,无任何来源,2015-01-26,2015-01-26-live-01,I Wanna（版本未定）,,见条目 note,,,无公开线索,当年录播员的私人备份
,P2,无任何来源,2015-02-11,2015-02-11-live-01,水友赛+2点半Braid时空幻境,,见条目 note,,,私人/网盘线索,2015-06-29 前录像：合集 pan.baidu.com/s/1jIJhhnK（2016-10 重分享，已失效，ardea1347／uk 3406207715）；当年录像组逐日盘 1eQIvAOM（2015-08-30 起）→ 1hq6NYbM（2015-09-26 起），已失效，gijj1986／uk 3859185200。持有人联系不上，只作溯源
,P2,无任何来源,2015-03-18,2015-03-18-live-01,我是谁？,,见条目 note,,,私人/网盘线索,2015-06-29 前录像：合集 pan.baidu.com/s/1jIJhhnK（2016-10 重分享，已失效，ardea1347／uk 3406207715）；当年录像组逐日盘 1eQIvAOM（2015-08-30 起）→ 1hq6NYbM（2015-09-26 起），已失效，gijj1986／uk 3859185200。持有人联系不上，只作溯源
,P2,无任何来源,2015-03-19,2015-03-19-live-01,我是谁？,,见条目 note,,,私人/网盘线索,2015-06-29 前录像：合集 pan.baidu.com/s/1jIJhhnK（2016-10 重分享，已失效，ardea1347／uk 3406207715）；当年录像组逐日盘 1eQIvAOM（2015-08-30 起）→ 1hq6NYbM（2015-09-26 起），已失效，gijj1986／uk 3859185200。持有人联系不上，只作溯源
,P2,无任何来源,2015-03-20,2015-03-20-live-01,我是谁？,,见条目 note,,,私人/网盘线索,2015-06-29 前录像：合集 pan.baidu.com/s/1jIJhhnK（2016-10 重分享，已失效，ardea1347／uk 3406207715）；当年录像组逐日盘 1eQIvAOM（2015-08-30 起）→ 1hq6NYbM（2015-09-26 起），已失效，gijj1986／uk 3859185200。持有人联系不上，只作溯源
,P2,无任何来源,2015-03-23,2015-03-23-live-01,我是谁？,,见条目 note,,,私人/网盘线索,2015-06-29 前录像：合集 pan.baidu.com/s/1jIJhhnK（2016-10 重分享，已失效，ardea1347／uk 3406207715）；当年录像组逐日盘 1eQIvAOM（2015-08-30 起）→ 1hq6NYbM（2015-09-26 起），已失效，gijj1986／uk 3859185200。持有人联系不上，只作溯源
,P2,无任何来源,2015-03-27,2015-03-27-live-01,女流GTA5线上模式,,见条目 note,,,私人/网盘线索,2015-06-29 前录像：合集 pan.baidu.com/s/1jIJhhnK（2016-10 重分享，已失效，ardea1347／uk 3406207715）；当年录像组逐日盘 1eQIvAOM（2015-08-30 起）→ 1hq6NYbM（2015-09-26 起），已失效，gijj1986／uk 3859185200。持有人联系不上，只作溯源
,P2,无任何来源,2015-03-30,2015-03-30-live-01,GTA5,,见条目 note,,,私人/网盘线索,2015-06-29 前录像：合集 pan.baidu.com/s/1jIJhhnK（2016-10 重分享，已失效，ardea1347／uk 3406207715）；当年录像组逐日盘 1eQIvAOM（2015-08-30 起）→ 1hq6NYbM（2015-09-26 起），已失效，gijj1986／uk 3859185200。持有人联系不上，只作溯源
,P2,无任何来源,2015-03-31,2015-03-31-live-01,女流GTA5,,见条目 note,,,私人/网盘线索,2015-06-29 前录像：合集 pan.baidu.com/s/1jIJhhnK（2016-10 重分享，已失效，ardea1347／uk 3406207715）；当年录像组逐日盘 1eQIvAOM（2015-08-30 起）→ 1hq6NYbM（2015-09-26 起），已失效，gijj1986／uk 3859185200。持有人联系不上，只作溯源
,P2,无任何来源,2015-04-03,2015-04-03-live-01,霸道总裁爱上。。。谁,,见条目 note,,,私人/网盘线索,2015-06-29 前录像：合集 pan.baidu.com/s/1jIJhhnK（2016-10 重分享，已失效，ardea1347／uk 3406207715）；当年录像组逐日盘 1eQIvAOM（2015-08-30 起）→ 1hq6NYbM（2015-09-26 起），已失效，gijj1986／uk 3859185200。持有人联系不上，只作溯源
T02,P2,无任何来源,2015-04-10,2015-04-10-live-01,霸道间谍爱上。。我,,见条目 note,,,私人/网盘线索,2015-06-29 前录像：合集 pan.baidu.com/s/1jIJhhnK（2016-10 重分享，已失效，ardea1347／uk 3406207715）；当年录像组逐日盘 1eQIvAOM（2015-08-30 起）→ 1hq6NYbM（2015-09-26 起），已失效，gijj1986／uk 3859185200。持有人联系不上，只作溯源
,P2,无任何来源,2015-04-20,2015-04-20-live-01,小游戏大合集,,见条目 note,,,私人/网盘线索,2015-06-29 前录像：合集 pan.baidu.com/s/1jIJhhnK（2016-10 重分享，已失效，ardea1347／uk 3406207715）；当年录像组逐日盘 1eQIvAOM（2015-08-30 起）→ 1hq6NYbM（2015-09-26 起），已失效，gijj1986／uk 3859185200。持有人联系不上，只作溯源
,P2,无任何来源,2015-04-23,2015-04-23-live-01,传送门1,,见条目 note,,,私人/网盘线索,2015-06-29 前录像：合集 pan.baidu.com/s/1jIJhhnK（2016-10 重分享，已失效，ardea1347／uk 3406207715）；当年录像组逐日盘 1eQIvAOM（2015-08-30 起）→ 1hq6NYbM（2015-09-26 起），已失效，gijj1986／uk 3859185200。持有人联系不上，只作溯源
,P2,无任何来源,2015-04-24,2015-04-24-live-01,传送门2女流被喷记,,见条目 note,,,私人/网盘线索,2015-06-29 前录像：合集 pan.baidu.com/s/1jIJhhnK（2016-10 重分享，已失效，ardea1347／uk 3406207715）；当年录像组逐日盘 1eQIvAOM（2015-08-30 起）→ 1hq6NYbM（2015-09-26 起），已失效，gijj1986／uk 3859185200。持有人联系不上，只作溯源
,P2,无任何来源,2015-04-28,2015-04-28-live-01,FEZ是一个神奇的游戏,,见条目 note,,,私人/网盘线索,2015-06-29 前录像：合集 pan.baidu.com/s/1jIJhhnK（2016-10 重分享，已失效，ardea1347／uk 3406207715）；当年录像组逐日盘 1eQIvAOM（2015-08-30 起）→ 1hq6NYbM（2015-09-26 起），已失效，gijj1986／uk 3859185200。持有人联系不上，只作溯源
,P2,无任何来源,2015-05-14,2015-05-14-live-01,雷曼传奇,,见条目 note,,,私人/网盘线索,2015-06-29 前录像：合集 pan.baidu.com/s/1jIJhhnK（2016-10 重分享，已失效，ardea1347／uk 3406207715）；当年录像组逐日盘 1eQIvAOM（2015-08-30 起）→ 1hq6NYbM（2015-09-26 起），已失效，gijj1986／uk 3859185200。持有人联系不上，只作溯源
,P2,无任何来源,2015-05-21,2015-05-21-live-01,直播标题已遗失,,见条目 note,,,私人/网盘线索,2015-06-29 前录像：合集 pan.baidu.com/s/1jIJhhnK（2016-10 重分享，已失效，ardea1347／uk 3406207715）；当年录像组逐日盘 1eQIvAOM（2015-08-30 起）→ 1hq6NYbM（2015-09-26 起），已失效，gijj1986／uk 3859185200。持有人联系不上，只作溯源
,P2,无任何来源,2015-06-04,2015-06-04-live-01,直播标题已遗失,,见条目 note,,,私人/网盘线索,2015-06-29 前录像：合集 pan.baidu.com/s/1jIJhhnK（2016-10 重分享，已失效，ardea1347／uk 3406207715）；当年录像组逐日盘 1eQIvAOM（2015-08-30 起）→ 1hq6NYbM（2015-09-26 起），已失效，gijj1986／uk 3859185200。持有人联系不上，只作溯源
T05,P2,只有片段,2015-07-06,2015-07-06-live-01,造完飞机去找狗,,见条目 note,,acfun.cn（clip）,部分找回,2015-06-29 后录像：合集 pan.baidu.com/s/1eSB54I2（2017-12 重分享，已失效，ardea1347／uk 3406207715）；当年录像组逐日盘 1eQIvAOM → 1hq6NYbM → 1mgB3ucw，已失效，gijj1986／uk 3859185200。持有人联系不上，只作溯源
,P2,无任何来源,2015-07-09,2015-07-09-live-01,肚子还有点儿疼,,见条目 note,,,私人/网盘线索,2015-06-29 后录像：合集 pan.baidu.com/s/1eSB54I2（2017-12 重分享，已失效，ardea1347／uk 3406207715）；当年录像组逐日盘 1eQIvAOM → 1hq6NYbM → 1mgB3ucw，已失效，gijj1986／uk 3859185200。持有人联系不上，只作溯源
T05,P2,无任何来源,2015-07-10,2015-07-10-live-01,今天就是要找一只狗,,见条目 note,,,私人/网盘线索,2015-06-29 后录像：合集 pan.baidu.com/s/1eSB54I2（2017-12 重分享，已失效，ardea1347／uk 3406207715）；当年录像组逐日盘 1eQIvAOM → 1hq6NYbM → 1mgB3ucw，已失效，gijj1986／uk 3859185200。持有人联系不上，只作溯源
T05,P2,无任何来源,2015-07-13,2015-07-13-live-01,交出你手上的钻石镐,,见条目 note,,,私人/网盘线索,2015-06-29 后录像：合集 pan.baidu.com/s/1eSB54I2（2017-12 重分享，已失效，ardea1347／uk 3406207715）；当年录像组逐日盘 1eQIvAOM → 1hq6NYbM → 1mgB3ucw，已失效，gijj1986／uk 3859185200。持有人联系不上，只作溯源
T13,P2,无任何来源,2015-07-17,2015-07-17-live-01,我活着回来了,,见条目 note,,,私人/网盘线索,2015-06-29 后录像：合集 pan.baidu.com/s/1eSB54I2（2017-12 重分享，已失效，ardea1347／uk 3406207715）；当年录像组逐日盘 1eQIvAOM → 1hq6NYbM → 1mgB3ucw，已失效，gijj1986／uk 3859185200。持有人联系不上，只作溯源
T05,P2,无任何来源,2015-08-03,2015-08-03-live-01,大周还认不认我这个王,,见条目 note,,,私人/网盘线索,2015-06-29 后录像：合集 pan.baidu.com/s/1eSB54I2（2017-12 重分享，已失效，ardea1347／uk 3406207715）；当年录像组逐日盘 1eQIvAOM → 1hq6NYbM → 1mgB3ucw，已失效，gijj1986／uk 3859185200。持有人联系不上，只作溯源
,P2,无任何来源,2015-08-14,2015-08-14-live-01,反恐精英Online与我的世界,,见条目 note,,,私人/网盘线索,2015-06-29 后录像：合集 pan.baidu.com/s/1eSB54I2（2017-12 重分享，已失效，ardea1347／uk 3406207715）；当年录像组逐日盘 1eQIvAOM → 1hq6NYbM → 1mgB3ucw，已失效，gijj1986／uk 3859185200。持有人联系不上，只作溯源
,P2,无任何来源,2015-08-17,2015-08-17-live-01,我想的美,,见条目 note,,,私人/网盘线索,2015-06-29 后录像：合集 pan.baidu.com/s/1eSB54I2（2017-12 重分享，已失效，ardea1347／uk 3406207715）；当年录像组逐日盘 1eQIvAOM → 1hq6NYbM → 1mgB3ucw，已失效，gijj1986／uk 3859185200。持有人联系不上，只作溯源
T13,P2,无任何来源,2015-08-19,2015-08-19-live-01,感觉不是很妙,,见条目 note,,,私人/网盘线索,2015-06-29 后录像：合集 pan.baidu.com/s/1eSB54I2（2017-12 重分享，已失效，ardea1347／uk 3406207715）；当年录像组逐日盘 1eQIvAOM → 1hq6NYbM → 1mgB3ucw，已失效，gijj1986／uk 3859185200。持有人联系不上，只作溯源
T13,P2,无任何来源,2015-08-21,2015-08-21-live-01,土木工程专业错失人才,,见条目 note,,,私人/网盘线索,2015-06-29 后录像：合集 pan.baidu.com/s/1eSB54I2（2017-12 重分享，已失效，ardea1347／uk 3406207715）；当年录像组逐日盘 1eQIvAOM → 1hq6NYbM → 1mgB3ucw，已失效，gijj1986／uk 3859185200。持有人联系不上，只作溯源
,P2,无任何来源,2015-08-27,2015-08-27-live-01,PT寂静岭,,见条目 note,,,私人/网盘线索,2015-06-29 后录像：合集 pan.baidu.com/s/1eSB54I2（2017-12 重分享，已失效，ardea1347／uk 3406207715）；当年录像组逐日盘 1eQIvAOM → 1hq6NYbM → 1mgB3ucw，已失效，gijj1986／uk 3859185200。持有人联系不上，只作溯源
,P2,无任何来源,2015-08-30,2015-08-30-live-01,心灵砒霜,,见条目 note,,,私人/网盘线索,2015-06-29 后录像：合集 pan.baidu.com/s/1eSB54I2（2017-12 重分享，已失效，ardea1347／uk 3406207715）；当年录像组逐日盘 1eQIvAOM → 1hq6NYbM → 1mgB3ucw，已失效，gijj1986／uk 3859185200。持有人联系不上，只作溯源
T05,P2,无任何来源,2015-08-31,2015-08-31-live-01,我的世界,,见条目 note,,,私人/网盘线索,2015-06-29 后录像：合集 pan.baidu.com/s/1eSB54I2（2017-12 重分享，已失效，ardea1347／uk 3406207715）；当年录像组逐日盘 1eQIvAOM → 1hq6NYbM → 1mgB3ucw，已失效，gijj1986／uk 3859185200。持有人联系不上，只作溯源
,P2,无任何来源,2015-09-02,2015-09-02-live-01,药是甜的,,见条目 note,,,私人/网盘线索,2015-06-29 后录像：合集 pan.baidu.com/s/1eSB54I2（2017-12 重分享，已失效，ardea1347／uk 3406207715）；当年录像组逐日盘 1eQIvAOM → 1hq6NYbM → 1mgB3ucw，已失效，gijj1986／uk 3859185200。持有人联系不上，只作溯源
,P2,无任何来源,2015-09-03,2015-09-03-live-01,我的世界,,见条目 note,,,私人/网盘线索,2015-06-29 后录像：合集 pan.baidu.com/s/1eSB54I2（2017-12 重分享，已失效，ardea1347／uk 3406207715）；当年录像组逐日盘 1eQIvAOM → 1hq6NYbM → 1mgB3ucw，已失效，gijj1986／uk 3859185200。持有人联系不上，只作溯源
,P2,无任何来源,2015-09-11,2015-09-11-live-01,新作到手：折纸世界,,见条目 note,,,私人/网盘线索,2015-06-29 后录像：合集 pan.baidu.com/s/1eSB54I2（2017-12 重分享，已失效，ardea1347／uk 3406207715）；当年录像组逐日盘 1eQIvAOM → 1hq6NYbM → 1mgB3ucw，已失效，gijj1986／uk 3859185200。持有人联系不上，只作溯源
,P2,无任何来源,2015-09-14,2015-09-14-live-01,打包行李,,见条目 note,,,私人/网盘线索,2015-06-29 后录像：合集 pan.baidu.com/s/1eSB54I2（2017-12 重分享，已失效，ardea1347／uk 3406207715）；当年录像组逐日盘 1eQIvAOM → 1hq6NYbM → 1mgB3ucw，已失效，gijj1986／uk 3859185200。持有人联系不上，只作溯源
,P2,无任何来源,2015-09-16,2015-09-16-live-01,户外信号不好直播推迟,,见条目 note,,,私人/网盘线索,2015-06-29 后录像：合集 pan.baidu.com/s/1eSB54I2（2017-12 重分享，已失效，ardea1347／uk 3406207715）；当年录像组逐日盘 1eQIvAOM → 1hq6NYbM → 1mgB3ucw，已失效，gijj1986／uk 3859185200。持有人联系不上，只作溯源
,P2,无任何来源,2015-09-21,2015-09-21-live-01,公园,,见条目 note,,,私人/网盘线索,2015-06-29 后录像：合集 pan.baidu.com/s/1eSB54I2（2017-12 重分享，已失效，ardea1347／uk 3406207715）；当年录像组逐日盘 1eQIvAOM → 1hq6NYbM → 1mgB3ucw，已失效，gijj1986／uk 3859185200。持有人联系不上，只作溯源
T03,P2,来源全部失效,2015-09-27,2015-09-27-live-01,心灵砒霜,,见条目 note,https://v.youku.com/v_show/id_XMTM1MDQ1NDE4OA==.html,,来源已失效·元数据在,2015-06-29 后录像：合集 pan.baidu.com/s/1eSB54I2（2017-12 重分享，已失效，ardea1347／uk 3406207715）；当年录像组逐日盘 1eQIvAOM → 1hq6NYbM → 1mgB3ucw，已失效，gijj1986／uk 3859185200。持有人联系不上，只作溯源
,P2,无任何来源,2015-09-28,2015-09-28-live-01,直播标题已遗失,,见条目 note,,,私人/网盘线索,2015-06-29 后录像：合集 pan.baidu.com/s/1eSB54I2（2017-12 重分享，已失效，ardea1347／uk 3406207715）；当年录像组逐日盘 1eQIvAOM → 1hq6NYbM → 1mgB3ucw，已失效，gijj1986／uk 3859185200。持有人联系不上，只作溯源
,P2,无任何来源,2015-09-29,2015-09-29-live-01,旅游照片未整理,,见条目 note,,,私人/网盘线索,2015-06-29 后录像：合集 pan.baidu.com/s/1eSB54I2（2017-12 重分享，已失效，ardea1347／uk 3406207715）；当年录像组逐日盘 1eQIvAOM → 1hq6NYbM → 1mgB3ucw，已失效，gijj1986／uk 3859185200。持有人联系不上，只作溯源
,P2,无任何来源,2015-10-03,2015-10-03-live-01,18888888888888888888,,见条目 note,,,私人/网盘线索,2015-06-29 后录像：合集 pan.baidu.com/s/1eSB54I2（2017-12 重分享，已失效，ardea1347／uk 3406207715）；当年录像组逐日盘 1eQIvAOM → 1hq6NYbM → 1mgB3ucw，已失效，gijj1986／uk 3859185200。持有人联系不上，只作溯源
,P2,无任何来源,2015-10-13,2015-10-13-live-01,军师很忙yo yo yo,,见条目 note,,,私人/网盘线索,2015-06-29 后录像：合集 pan.baidu.com/s/1eSB54I2（2017-12 重分享，已失效，ardea1347／uk 3406207715）；当年录像组逐日盘 1eQIvAOM → 1hq6NYbM → 1mgB3ucw，已失效，gijj1986／uk 3859185200。持有人联系不上，只作溯源
,P2,无任何来源,2015-10-15,2015-10-15-live-01,三娃子拯救世界：dropsy,,见条目 note,,,私人/网盘线索,2015-06-29 后录像：合集 pan.baidu.com/s/1eSB54I2（2017-12 重分享，已失效，ardea1347／uk 3406207715）；当年录像组逐日盘 1eQIvAOM → 1hq6NYbM → 1mgB3ucw，已失效，gijj1986／uk 3859185200。持有人联系不上，只作溯源
,P2,无任何来源,2015-10-16,2015-10-16-live-01,刚录视频迟到了,,见条目 note,,,私人/网盘线索,2015-06-29 后录像：合集 pan.baidu.com/s/1eSB54I2（2017-12 重分享，已失效，ardea1347／uk 3406207715）；当年录像组逐日盘 1eQIvAOM → 1hq6NYbM → 1mgB3ucw，已失效，gijj1986／uk 3859185200。持有人联系不上，只作溯源
,P2,无任何来源,2015-10-19,2015-10-19-live-01,以后直播间名就叫66,,见条目 note,,,私人/网盘线索,2015-06-29 后录像：合集 pan.baidu.com/s/1eSB54I2（2017-12 重分享，已失效，ardea1347／uk 3406207715）；当年录像组逐日盘 1eQIvAOM → 1hq6NYbM → 1mgB3ucw，已失效，gijj1986／uk 3859185200。持有人联系不上，只作溯源
,P2,无任何来源,2015-10-21,2015-10-21-live-01,这是一个伟大的游戏,,见条目 note,,,私人/网盘线索,2015-06-29 后录像：合集 pan.baidu.com/s/1eSB54I2（2017-12 重分享，已失效，ardea1347／uk 3406207715）；当年录像组逐日盘 1eQIvAOM → 1hq6NYbM → 1mgB3ucw，已失效，gijj1986／uk 3859185200。持有人联系不上，只作溯源
T05,P2,无任何来源,2015-10-22,2015-10-22-live-01,我的世界,,见条目 note,,,私人/网盘线索,2015-06-29 后录像：合集 pan.baidu.com/s/1eSB54I2（2017-12 重分享，已失效，ardea1347／uk 3406207715）；当年录像组逐日盘 1eQIvAOM → 1hq6NYbM → 1mgB3ucw，已失效，gijj1986／uk 3859185200。持有人联系不上，只作溯源
,P2,无任何来源,2015-11-02,2015-11-02-live-01,直播标题已遗失,,见条目 note,,,私人/网盘线索,2015-06-29 后录像：合集 pan.baidu.com/s/1eSB54I2（2017-12 重分享，已失效，ardea1347／uk 3406207715）；当年录像组逐日盘 1eQIvAOM → 1hq6NYbM → 1mgB3ucw，已失效，gijj1986／uk 3859185200。持有人联系不上，只作溯源
,P2,无任何来源,2015-11-04,2015-11-04-live-01,poly bridge更新关卡,,见条目 note,,,私人/网盘线索,2015-06-29 后录像：合集 pan.baidu.com/s/1eSB54I2（2017-12 重分享，已失效，ardea1347／uk 3406207715）；当年录像组逐日盘 1eQIvAOM → 1hq6NYbM → 1mgB3ucw，已失效，gijj1986／uk 3859185200。持有人联系不上，只作溯源
T05,P2,无任何来源,2015-11-05,2015-11-05-live-01,我的世界,,见条目 note,,,私人/网盘线索,2015-06-29 后录像：合集 pan.baidu.com/s/1eSB54I2（2017-12 重分享，已失效，ardea1347／uk 3406207715）；当年录像组逐日盘 1eQIvAOM → 1hq6NYbM → 1mgB3ucw，已失效，gijj1986／uk 3859185200。持有人联系不上，只作溯源
,P2,无任何来源,2015-11-06,2015-11-06-live-01,试玩：不机械城,,见条目 note,,,私人/网盘线索,2015-06-29 后录像：合集 pan.baidu.com/s/1eSB54I2（2017-12 重分享，已失效，ardea1347／uk 3406207715）；当年录像组逐日盘 1eQIvAOM → 1hq6NYbM → 1mgB3ucw，已失效，gijj1986／uk 3859185200。持有人联系不上，只作溯源
,P2,无任何来源,2015-11-10,2015-11-10-live-01,提醒我每天两关小象露露,,见条目 note,,,私人/网盘线索,2015-06-29 后录像：合集 pan.baidu.com/s/1eSB54I2（2017-12 重分享，已失效，ardea1347／uk 3406207715）；当年录像组逐日盘 1eQIvAOM → 1hq6NYbM → 1mgB3ucw，已失效，gijj1986／uk 3859185200。持有人联系不上，只作溯源
,P2,无任何来源,2015-11-11,2015-11-11-live-01,直播标题已遗失,,见条目 note,,,私人/网盘线索,2015-06-29 后录像：合集 pan.baidu.com/s/1eSB54I2（2017-12 重分享，已失效，ardea1347／uk 3406207715）；当年录像组逐日盘 1eQIvAOM → 1hq6NYbM → 1mgB3ucw，已失效，gijj1986／uk 3859185200。持有人联系不上，只作溯源
,P2,无任何来源,2015-11-12,2015-11-12-live-01,直播标题已遗失,,见条目 note,,,私人/网盘线索,2015-06-29 后录像：合集 pan.baidu.com/s/1eSB54I2（2017-12 重分享，已失效，ardea1347／uk 3406207715）；当年录像组逐日盘 1eQIvAOM → 1hq6NYbM → 1mgB3ucw，已失效，gijj1986／uk 3859185200。持有人联系不上，只作溯源
,P2,无任何来源,2015-11-17,2015-11-17-live-01,直播标题已遗失,,见条目 note,,,私人/网盘线索,2015-06-29 后录像：合集 pan.baidu.com/s/1eSB54I2（2017-12 重分享，已失效，ardea1347／uk 3406207715）；当年录像组逐日盘 1eQIvAOM → 1hq6NYbM → 1mgB3ucw，已失效，gijj1986／uk 3859185200。持有人联系不上，只作溯源
,P2,无任何来源,2015-11-18,2015-11-18-live-01,距离搬家结束还有十二小时,,见条目 note,,,私人/网盘线索,2015-06-29 后录像：合集 pan.baidu.com/s/1eSB54I2（2017-12 重分享，已失效，ardea1347／uk 3406207715）；当年录像组逐日盘 1eQIvAOM → 1hq6NYbM → 1mgB3ucw，已失效，gijj1986／uk 3859185200。持有人联系不上，只作溯源
,P2,无任何来源,2015-11-24,2015-11-24-live-01,士别三日当chuox,,见条目 note,,,私人/网盘线索,2015-06-29 后录像：合集 pan.baidu.com/s/1eSB54I2（2017-12 重分享，已失效，ardea1347／uk 3406207715）；当年录像组逐日盘 1eQIvAOM → 1hq6NYbM → 1mgB3ucw，已失效，gijj1986／uk 3859185200。持有人联系不上，只作溯源
,P2,无任何来源,2015-11-30,2015-11-30-live-01,聊一个小时睡觉,,见条目 note,,,私人/网盘线索,2015-06-29 后录像：合集 pan.baidu.com/s/1eSB54I2（2017-12 重分享，已失效，ardea1347／uk 3406207715）；当年录像组逐日盘 1eQIvAOM → 1hq6NYbM → 1mgB3ucw，已失效，gijj1986／uk 3859185200。持有人联系不上，只作溯源
,P2,无任何来源,2015-12-03,2015-12-03-live-01,3ds节奏天国,,见条目 note,,,私人/网盘线索,2015-06-29 后录像：合集 pan.baidu.com/s/1eSB54I2（2017-12 重分享，已失效，ardea1347／uk 3406207715）；当年录像组逐日盘 1eQIvAOM → 1hq6NYbM → 1mgB3ucw，已失效，gijj1986／uk 3859185200。持有人联系不上，只作溯源
,P2,无任何来源,2015-12-04,2015-12-04-live-01,节奏天国,,见条目 note,,,私人/网盘线索,2015-06-29 后录像：合集 pan.baidu.com/s/1eSB54I2（2017-12 重分享，已失效，ardea1347／uk 3406207715）；当年录像组逐日盘 1eQIvAOM → 1hq6NYbM → 1mgB3ucw，已失效，gijj1986／uk 3859185200。持有人联系不上，只作溯源
,P2,无任何来源,2015-12-06,2015-12-06-live-01,今天会早点下,,见条目 note,,,私人/网盘线索,2015-06-29 后录像：合集 pan.baidu.com/s/1eSB54I2（2017-12 重分享，已失效，ardea1347／uk 3406207715）；当年录像组逐日盘 1eQIvAOM → 1hq6NYbM → 1mgB3ucw，已失效，gijj1986／uk 3859185200。持有人联系不上，只作溯源
,P2,无任何来源,2015-12-08,2015-12-08-live-01,节奏天国,,见条目 note,,,私人/网盘线索,2015-06-29 后录像：合集 pan.baidu.com/s/1eSB54I2（2017-12 重分享，已失效，ardea1347／uk 3406207715）；当年录像组逐日盘 1eQIvAOM → 1hq6NYbM → 1mgB3ucw，已失效，gijj1986／uk 3859185200。持有人联系不上，只作溯源
T04,P2,来源全部失效,2015-12-11,2015-12-11-live-01,女流发姐逛故宫,,见条目 note,https://v.youku.com/v_show/id_XMTQxMDA0ODQ1Ng==.html,,来源已失效·元数据在,2015-06-29 后录像：合集 pan.baidu.com/s/1eSB54I2（2017-12 重分享，已失效，ardea1347／uk 3406207715）；当年录像组逐日盘 1eQIvAOM → 1hq6NYbM → 1mgB3ucw，已失效，gijj1986／uk 3859185200。持有人联系不上，只作溯源
,P2,无任何来源,2015-12-15,2015-12-15-live-01,路易鬼屋是个好游戏,,见条目 note,,,私人/网盘线索,2015-06-29 后录像：合集 pan.baidu.com/s/1eSB54I2（2017-12 重分享，已失效，ardea1347／uk 3406207715）；当年录像组逐日盘 1eQIvAOM → 1hq6NYbM → 1mgB3ucw，已失效，gijj1986／uk 3859185200。持有人联系不上，只作溯源
,P2,无任何来源,2015-12-17,2015-12-17-live-01,今天下午4点播,,见条目 note,,,私人/网盘线索,2015-06-29 后录像：合集 pan.baidu.com/s/1eSB54I2（2017-12 重分享，已失效，ardea1347／uk 3406207715）；当年录像组逐日盘 1eQIvAOM → 1hq6NYbM → 1mgB3ucw，已失效，gijj1986／uk 3859185200。持有人联系不上，只作溯源
,P2,无任何来源,2015-12-22,2015-12-22-live-01,Rusty lake生锈小湖12月章,,见条目 note,,,私人/网盘线索,2015-06-29 后录像：合集 pan.baidu.com/s/1eSB54I2（2017-12 重分享，已失效，ardea1347／uk 3406207715）；当年录像组逐日盘 1eQIvAOM → 1hq6NYbM → 1mgB3ucw，已失效，gijj1986／uk 3859185200。持有人联系不上，只作溯源
,P2,无任何来源,2015-12-23,2015-12-23-live-01,任天堂3ds路易鬼屋,,见条目 note,,,私人/网盘线索,2015-06-29 后录像：合集 pan.baidu.com/s/1eSB54I2（2017-12 重分享，已失效，ardea1347／uk 3406207715）；当年录像组逐日盘 1eQIvAOM → 1hq6NYbM → 1mgB3ucw，已失效，gijj1986／uk 3859185200。持有人联系不上，只作溯源
,P2,无任何来源,2015-12-25,2015-12-25-live-01,圣诞节直播（模仿各主播）,,见条目 note,,,私人/网盘线索,2015-06-29 后录像：合集 pan.baidu.com/s/1eSB54I2（2017-12 重分享，已失效，ardea1347／uk 3406207715）；当年录像组逐日盘 1eQIvAOM → 1hq6NYbM → 1mgB3ucw，已失效，gijj1986／uk 3859185200。持有人联系不上，只作溯源
,P2,无任何来源,2015-12-29,2015-12-29-live-01,直播标题已遗失,,见条目 note,,,私人/网盘线索,2015-06-29 后录像：合集 pan.baidu.com/s/1eSB54I2（2017-12 重分享，已失效，ardea1347／uk 3406207715）；当年录像组逐日盘 1eQIvAOM → 1hq6NYbM → 1mgB3ucw，已失效，gijj1986／uk 3859185200。持有人联系不上，只作溯源
T17,P3,无任何来源,2016-01-05,2016-01-05-live-01,游戏：谁是你爸爸？,,见条目 note,,,私人/网盘线索,2016 年 1 月录像网盘 pan.baidu.com/s/1o7NbxDg（2018 年导航帖，已失效，「录像师傅」的盘，gijj1986／uk 3859185200）；2016 年中的总链 1nveXrap / 1skG6ayL 同属该账号，也已失效
,P3,无任何来源,2016-01-06,2016-01-06-live-01,来吧来吧撸一棵树,,见条目 note,,,私人/网盘线索,2016 年 1 月录像网盘 pan.baidu.com/s/1o7NbxDg（2018 年导航帖，已失效，「录像师傅」的盘，gijj1986／uk 3859185200）；2016 年中的总链 1nveXrap / 1skG6ayL 同属该账号，也已失效
,P3,无任何来源,2016-01-07,2016-01-07-live-01,Besiege 12月更新版,,见条目 note,,,私人/网盘线索,2016 年 1 月录像网盘 pan.baidu.com/s/1o7NbxDg（2018 年导航帖，已失效，「录像师傅」的盘，gijj1986／uk 3859185200）；2016 年中的总链 1nveXrap / 1skG6ayL 同属该账号，也已失效
,P3,无任何来源,2016-01-08,2016-01-08-live-01,逆转裁判,,见条目 note,,,私人/网盘线索,2016 年 1 月录像网盘 pan.baidu.com/s/1o7NbxDg（2018 年导航帖，已失效，「录像师傅」的盘，gijj1986／uk 3859185200）；2016 年中的总链 1nveXrap / 1skG6ayL 同属该账号，也已失效
,P3,无任何来源,2016-01-12,2016-01-12-live-01,Poly Bridge,,见条目 note,,,私人/网盘线索,2016 年 1 月录像网盘 pan.baidu.com/s/1o7NbxDg（2018 年导航帖，已失效，「录像师傅」的盘，gijj1986／uk 3859185200）；2016 年中的总链 1nveXrap / 1skG6ayL 同属该账号，也已失效
,P3,无任何来源,2016-01-19,2016-01-19-live-01,Poly Bridge 最终关,,见条目 note,,,私人/网盘线索,2016 年 1 月录像网盘 pan.baidu.com/s/1o7NbxDg（2018 年导航帖，已失效，「录像师傅」的盘，gijj1986／uk 3859185200）；2016 年中的总链 1nveXrap / 1skG6ayL 同属该账号，也已失效
,P3,无任何来源,2016-01-22,2016-01-22-live-01,Slime Rancher,,见条目 note,,,私人/网盘线索,2016 年 1 月录像网盘 pan.baidu.com/s/1o7NbxDg（2018 年导航帖，已失效，「录像师傅」的盘，gijj1986／uk 3859185200）；2016 年中的总链 1nveXrap / 1skG6ayL 同属该账号，也已失效
,P3,无任何来源,2016-01-26,2016-01-26-live-01,Poly Bridge,,见条目 note,,,私人/网盘线索,2016 年 1 月录像网盘 pan.baidu.com/s/1o7NbxDg（2018 年导航帖，已失效，「录像师傅」的盘，gijj1986／uk 3859185200）；2016 年中的总链 1nveXrap / 1skG6ayL 同属该账号，也已失效
,P3,无任何来源,2016-01-27,2016-01-27-live-01,BOXBOY!,,见条目 note,,,私人/网盘线索,2016 年 1 月录像网盘 pan.baidu.com/s/1o7NbxDg（2018 年导航帖，已失效，「录像师傅」的盘，gijj1986／uk 3859185200）；2016 年中的总链 1nveXrap / 1skG6ayL 同属该账号，也已失效
,P3,无任何来源,2016-02-01,2016-02-01-live-01,塞尔达三角力量试水,,见条目 note,,,私人/网盘线索,2016 年 2 月录像网盘 pan.baidu.com/s/1o7NbxDg（2018 年导航帖，已失效，「录像师傅」的盘，gijj1986／uk 3859185200）；2016 年中的总链 1nveXrap / 1skG6ayL 同属该账号，也已失效
,P3,无任何来源,2016-02-17,2016-02-17-live-01,火影忍者究极风暴4,,见条目 note,,,私人/网盘线索,2016 年 2 月录像网盘 pan.baidu.com/s/1o7NbxDg（2018 年导航帖，已失效，「录像师傅」的盘，gijj1986／uk 3859185200）；2016 年中的总链 1nveXrap / 1skG6ayL 同属该账号，也已失效
,P3,无任何来源,2016-02-18,2016-02-18-live-01,火影忍者究极风暴4,,见条目 note,,,私人/网盘线索,2016 年 2 月录像网盘 pan.baidu.com/s/1o7NbxDg（2018 年导航帖，已失效，「录像师傅」的盘，gijj1986／uk 3859185200）；2016 年中的总链 1nveXrap / 1skG6ayL 同属该账号，也已失效
,P3,无任何来源,2016-02-23,2016-02-23-live-01,Minecraft 水星生存日记,,见条目 note,,,私人/网盘线索,2016 年 2 月录像网盘 pan.baidu.com/s/1o7NbxDg（2018 年导航帖，已失效，「录像师傅」的盘，gijj1986／uk 3859185200）；2016 年中的总链 1nveXrap / 1skG6ayL 同属该账号，也已失效
T07,P3,无任何来源,2016-02-24,2016-02-24-live-01,逆途更新了,,见条目 note,,,私人/网盘线索,2016 年 2 月录像网盘 pan.baidu.com/s/1o7NbxDg（2018 年导航帖，已失效，「录像师傅」的盘，gijj1986／uk 3859185200）；2016 年中的总链 1nveXrap / 1skG6ayL 同属该账号，也已失效
,P3,无任何来源,2016-02-25,2016-02-25-live-01,极地战嚎：野蛮纪源,,见条目 note,,,私人/网盘线索,2016 年 2 月录像网盘 pan.baidu.com/s/1o7NbxDg（2018 年导航帖，已失效，「录像师傅」的盘，gijj1986／uk 3859185200）；2016 年中的总链 1nveXrap / 1skG6ayL 同属该账号，也已失效
,P3,无任何来源,2016-02-26,2016-02-26-live-01,休息一下。。。。,,见条目 note,,,私人/网盘线索,2016 年 2 月录像网盘 pan.baidu.com/s/1o7NbxDg（2018 年导航帖，已失效，「录像师傅」的盘，gijj1986／uk 3859185200）；2016 年中的总链 1nveXrap / 1skG6ayL 同属该账号，也已失效
,P3,无任何来源,2016-02-28,2016-02-28-live-01,休息一下。。。。,,见条目 note,,,私人/网盘线索,2016 年 2 月录像网盘 pan.baidu.com/s/1o7NbxDg（2018 年导航帖，已失效，「录像师傅」的盘，gijj1986／uk 3859185200）；2016 年中的总链 1nveXrap / 1skG6ayL 同属该账号，也已失效
T07,P3,无任何来源,2016-03-02,2016-03-02-live-01,逆袭之星途闪耀 3月1号更新章,,见条目 note,,,私人/网盘线索,2016 年 3 月录像网盘 pan.baidu.com/s/1o7NbxDg（2018 年导航帖，已失效，「录像师傅」的盘，gijj1986／uk 3859185200）；2016 年中的总链 1nveXrap / 1skG6ayL 同属该账号，也已失效
,P3,无任何来源,2016-03-04,2016-03-04-live-01,Minecraft 1.8.8（B站 MC 主题建筑擂台赛）,,见条目 note,,,私人/网盘线索,2016 年 3 月录像网盘 pan.baidu.com/s/1o7NbxDg（2018 年导航帖，已失效，「录像师傅」的盘，gijj1986／uk 3859185200）；2016 年中的总链 1nveXrap / 1skG6ayL 同属该账号，也已失效
,P3,无任何来源,2016-04-04,2016-04-04-live-01,异星工厂 & SUPERHOT,,见条目 note,,,私人/网盘线索,2016 年 4 月录像网盘 pan.baidu.com/s/1o7NbxDg（2018 年导航帖，已失效，「录像师傅」的盘，gijj1986／uk 3859185200）；2016 年中的总链 1nveXrap / 1skG6ayL 同属该账号，也已失效
,P3,无任何来源,2016-04-05,2016-04-05-live-01,HunieCam Studio,,见条目 note,,,私人/网盘线索,2016 年 4 月录像网盘 pan.baidu.com/s/1o7NbxDg（2018 年导航帖，已失效，「录像师傅」的盘，gijj1986／uk 3859185200）；2016 年中的总链 1nveXrap / 1skG6ayL 同属该账号，也已失效
,P3,无任何来源,2016-04-06,2016-04-06-live-01,逆转裁判5,,见条目 note,,,私人/网盘线索,2016 年 4 月录像网盘 pan.baidu.com/s/1o7NbxDg（2018 年导航帖，已失效，「录像师傅」的盘，gijj1986／uk 3859185200）；2016 年中的总链 1nveXrap / 1skG6ayL 同属该账号，也已失效
,P3,无任何来源,2016-04-07,2016-04-07-live-01,逆转裁判5,,见条目 note,,,私人/网盘线索,2016 年 4 月录像网盘 pan.baidu.com/s/1o7NbxDg（2018 年导航帖，已失效，「录像师傅」的盘，gijj1986／uk 3859185200）；2016 年中的总链 1nveXrap / 1skG6ayL 同属该账号，也已失效
,P3,无任何来源,2016-04-08,2016-04-08-live-01,逆转裁判5 第二章结局,,见条目 note,,,私人/网盘线索,2016 年 4 月录像网盘 pan.baidu.com/s/1o7NbxDg（2018 年导航帖，已失效，「录像师傅」的盘，gijj1986／uk 3859185200）；2016 年中的总链 1nveXrap / 1skG6ayL 同属该账号，也已失效
,P3,无任何来源,2016-04-11,2016-04-11-live-01,传送门2,,见条目 note,,,私人/网盘线索,2016 年 4 月录像网盘 pan.baidu.com/s/1o7NbxDg（2018 年导航帖，已失效，「录像师傅」的盘，gijj1986／uk 3859185200）；2016 年中的总链 1nveXrap / 1skG6ayL 同属该账号，也已失效
,P3,无任何来源,2016-04-12,2016-04-12-live-01,锈湖：剧院（Rusty Lake Theatre）,,见条目 note,,,私人/网盘线索,2016 年 4 月录像网盘 pan.baidu.com/s/1o7NbxDg（2018 年导航帖，已失效，「录像师傅」的盘，gijj1986／uk 3859185200）；2016 年中的总链 1nveXrap / 1skG6ayL 同属该账号，也已失效
,P3,无任何来源,2016-04-18,2016-04-18-live-01,逆转裁判5（3DS）,,见条目 note,,,私人/网盘线索,2016 年 4 月录像网盘 pan.baidu.com/s/1o7NbxDg（2018 年导航帖，已失效，「录像师傅」的盘，gijj1986／uk 3859185200）；2016 年中的总链 1nveXrap / 1skG6ayL 同属该账号，也已失效
,P3,无任何来源,2016-04-19,2016-04-19-live-01,逆转裁判5,,见条目 note,,,私人/网盘线索,2016 年 4 月录像网盘 pan.baidu.com/s/1o7NbxDg（2018 年导航帖，已失效，「录像师傅」的盘，gijj1986／uk 3859185200）；2016 年中的总链 1nveXrap / 1skG6ayL 同属该账号，也已失效
,P3,无任何来源,2016-07-11,2016-07-11-live-01,黎明杀机,,见条目 note,,,私人/网盘线索,2016 年 7 月录像网盘 pan.baidu.com/s/1kVzbiRl（2018 年导航帖，已失效，「录像师傅」的盘，gijj1986／uk 3859185200）；2016 年中的总链 1nveXrap / 1skG6ayL 同属该账号，也已失效
,P3,只有片段,2016-07-27,2016-07-27-live-01,上海户外,,见条目 note,,bilibili.com（clip）,部分找回,2016 年 7 月录像网盘 pan.baidu.com/s/1kVzbiRl（2018 年导航帖，已失效，「录像师傅」的盘，gijj1986／uk 3859185200）；2016 年中的总链 1nveXrap / 1skG6ayL 同属该账号，也已失效
,P3,无任何来源,2016-10-10,2016-10-10-live-01,LISA,,见条目 note,,,私人/网盘线索,2016 年 10 月录像网盘 pan.baidu.com/s/1o85aFvs（2018 年导航帖，已失效，「录像师傅」的盘，gijj1986／uk 3859185200）；2016 年中的总链 1nveXrap / 1skG6ayL 同属该账号，也已失效
,P3,无任何来源,2016-10-11,2016-10-11-live-01,LISA,,见条目 note,,,私人/网盘线索,2016 年 10 月录像网盘 pan.baidu.com/s/1o85aFvs（2018 年导航帖，已失效，「录像师傅」的盘，gijj1986／uk 3859185200）；2016 年中的总链 1nveXrap / 1skG6ayL 同属该账号，也已失效
,P3,无任何来源,2016-12-15,2016-12-15-live-01,LISA 第三部 The Joyful,,见条目 note,,,私人/网盘线索,2016 年 12 月录像网盘 pan.baidu.com/s/1dEJpXzr（2018 年导航帖，已失效，「录像师傅」的盘，gijj1986／uk 3859185200）；2016 年中的总链 1nveXrap / 1skG6ayL 同属该账号，也已失效
,P3,无任何来源,2017-01-14,2017-01-14-live-01,返校,,见条目 note,,,私人/网盘线索,2017 录像网盘 pan.baidu.com/s/1gfHpj39 / 1boIM5nL（已失效，gijj1986／uk 3859185200；2017-03-01～15 因斗鱼原因未录）
,P3,无任何来源,2017-07-14,2017-07-14-live-01,幼儿园 Kindergarten,,见条目 note,,,私人/网盘线索,2017 录像网盘 pan.baidu.com/s/1gfHpj39 / 1boIM5nL（已失效，gijj1986／uk 3859185200；2017-03-01～15 因斗鱼原因未录）
,P3,无任何来源,2017-08-18,2017-08-18-live-01,我的世界 minecraft 1.12,,见条目 note,,,私人/网盘线索,2017 录像网盘 pan.baidu.com/s/1gfHpj39 / 1boIM5nL（已失效，gijj1986／uk 3859185200；2017-03-01～15 因斗鱼原因未录）
T11,P3,无任何来源,2018-04-14,2018-04-14-live-01,逃出生天 A Way Out,,见条目 note,,,无公开线索,2018 录像网盘 pan.baidu.com/s/1qYUievE（已失效，gijj1986／uk 3859185200；2018-08 起整体失联）
,P3,无任何来源,2018-06-02,2018-06-02-live-01,看电影,,见条目 note,,,私人/网盘线索,2018 录像网盘 pan.baidu.com/s/1qYUievE（已失效，gijj1986／uk 3859185200；2018-08 起整体失联）
T06,P3,只有片段,2018-08-10,2018-08-10-live-01,大周MC第四目：第一天,,见条目 note,,bilibili.com（clip）；bilibili.com（clip）,部分找回,2018 录像网盘 pan.baidu.com/s/1qYUievE（已失效，gijj1986／uk 3859185200；2018-08 起整体失联）
T06,P3,无任何来源,2018-08-13,2018-08-13-live-01,大周MC第四目：第三天,,见条目 note,,,私人/网盘线索,2018 录像网盘 pan.baidu.com/s/1qYUievE（已失效，gijj1986／uk 3859185200；2018-08 起整体失联）
,P3,无任何来源,2018-10-09,2018-10-09-live-01,语音直播,,见条目 note,,,私人/网盘线索,2018 录像网盘 pan.baidu.com/s/1qYUievE（已失效，gijj1986／uk 3859185200；2018-08 起整体失联）
,P3,无任何来源,2018-11-22,2018-11-22-live-01,语音直播,,见条目 note,,,私人/网盘线索,2018 录像网盘 pan.baidu.com/s/1qYUievE（已失效，gijj1986／uk 3859185200；2018-08 起整体失联）
,P4,无任何来源,2019-03-31,2019-03-31-live-01,看电影：超体、雨中曲,,见条目 note,,,无公开线索,斗鱼官方回看、其他录播号当日投稿
,P4,无任何来源,2019-07-03,2019-07-03-live-01,我的朋友佩德罗 & 风暴追逐者 & 节奏乒乓,,见条目 note,,,无公开线索,斗鱼官方回看、其他录播号当日投稿
,P4,无任何来源,2019-07-04,2019-07-04-live-01,唱歌 & 人类一败涂地 MOD & 辐射：避难所 Online,,见条目 note,,,无公开线索,斗鱼官方回看、其他录播号当日投稿
,P4,无任何来源,2019-07-05,2019-07-05-live-01,荒野潜伏者 Stay Silent VR & 百战天虫,,见条目 note,,,无公开线索,斗鱼官方回看、其他录播号当日投稿
,P4,无任何来源,2019-07-08,2019-07-08-live-01,拣爱 & 小林正雪复仇之密室,,见条目 note,,,无公开线索,斗鱼官方回看、其他录播号当日投稿
,P4,无任何来源,2019-08-28,2019-08-28-live-01,遗迹：灰烬重生,,见条目 note,,,无公开线索,斗鱼官方回看、其他录播号当日投稿
,P4,无任何来源,2021-05-24,2021-05-24-live-01,深海迷航,,见条目 note,,,无公开线索,斗鱼官方回看、其他录播号当日投稿
,P4,无任何来源,2021-06-23,2021-06-23-live-01,永劫无间,,见条目 note,,,无公开线索,斗鱼官方回看、其他录播号当日投稿
,P4,无任何来源,2021-08-11,2021-08-11-live-01,高铁站语音直播,,见条目 note,,,无公开线索,斗鱼官方回看、其他录播号当日投稿
,P4,无任何来源,2021-09-07,2021-09-07-live-01,天义镇户外,,见条目 note,,,无公开线索,斗鱼官方回看、其他录播号当日投稿
,P4,无任何来源,2021-10-08,2021-10-08-live-01,喋血复仇 Back 4 Blood,,见条目 note,,,无公开线索,斗鱼官方回看、其他录播号当日投稿
T15,P4,录像不完整,2022-08-03,2022-08-03-live-01,华语乐坛金曲回顾,,见条目 note,,bilibili.com（replay）；bilibili.com（replay）,部分找回,斗鱼官方回看、其他录播号当日投稿
,P4,无任何来源,2022-10-13,2022-10-13-live-01,Coral Island,,见条目 note,,,无公开线索,斗鱼官方回看、其他录播号当日投稿
R-youku,P2,单源风险,2010-05-09～2017-07-25,95 条（B站/A站均无镜像）,只剩 v.youku.com 一家的条目,平台下架即断链,task-037；本轮复核,,v.youku.com,在线但单源,优先找 B站/A站 镜像；至少为页面留存档快照
R-douyu,P3,单源风险,2019-06-14～2022-08-27,75 条（B站/A站均无镜像）,只剩 v.douyu.com 一家的条目,平台下架即断链,task-037；本轮复核,,v.douyu.com,在线但单源,优先找 B站/A站 镜像；至少为页面留存档快照
