date,sheet,items
2015-01-21,2015,节奏天国 | 马里奥赛车 | 伊甸园 | I wanna be the tribute! | 马里奥3D世界 | 大金刚（Donkey kong）
2015-01-23,2015,节奏天国 | Lumino city
2015-01-24,2015,节奏天国 | Lumino city
2015-01-29,2015,舞力全开 | 节奏天国 | Imscared | 马里奥3D世界 | 变态人生大冒险 | I wanna
2015-01-30,2015,舞力全开 | 节奏天国 | 谁都不用死 | 变态人生大冒险
2015-02-01,2015,
2015-02-02,2015,舞力全开 | 节奏天国 | Imscared | 马里奥3D世界 | 变态人生大冒险 | 玩具熊的午夜后宫 | 别拉在裤子上 | I wanna | March
2015-02-03,2015,舞力全开 | 7 days | I wanna
2015-02-04,2015,Journey | Flow | I wanna | Super Wolfenstein HD | Shot Aground
2015-02-05,2015,去月球
2015-02-06,2015,去月球 | I wanna
2015-02-09,2015,舞力全开 | 太鼓达人 | I wanna | Don’t escape | 马里奥世界u | Don’t escape2
2015-02-10,2015,舞力全开 | 太鼓达人 | DOTA2 | 马里奥世界u
2015-02-11,2015,Braid 时空幻境
2015-02-27,2015,机械迷城
2015-02-28,2015,机械迷城 | 我的战争 | shave time | how to cook everything
2015-03-02,2015,超凡双生 | 铲子骑士 | 这是我的战争 | 我的世界MC
2015-03-03,2015,生化危机启示录2
2015-03-04,2015,马里奥3D世界
2015-03-05,2015,生化危机启示录2 | 永不孤单 | 马里奥世界3D
2015-03-07,2015,修电脑 | 你猜我画 | 记事本聊天
2015-03-10,2015,超凡双生
2015-03-11,2015,超凡双生 | 马里奥3D世界
2015-03-12,2015,生化危机启示录2
2015-03-17,2015,马里奥3D世界
2015-03-18,2015,奥日与黑暗森林
2015-03-19,2015,马里奥3D世界 | 生化危机启示录2
2015-03-20,2015,马里奥3D世界
2015-03-21,2015,马里奥3D世界 | 奥日与黑暗森林 | Love burger | Juxtapose | 变形虫 | 异形虫历险记2 | Mu complex | 避难所2
2015-03-24,2015,忍龙 | 扫雷
2015-03-25,2015,忍龙
2015-03-26,2015,GTA
2015-03-27,2015,GTA
2015-03-30,2015,GTA | 血源诅咒
2015-03-31,2015,GTA | 海贼无双 | 小小大星球
2015-04-01,2015,GTA5
2015-04-02,2015,逆袭之星途闪耀
2015-04-03,2015,逆袭之星途闪耀
2015-04-07,2015,GTA5
2015-04-08,2015,植物大战僵尸花园战争 | 南瓜先生大冒险
2015-04-09,2015,湖边小屋Lakeview Cabin Collection | 穿越之姻缘劫
2015-04-10,2015,大金刚 | 潜伏之赤途
2015-04-13,2015,潜伏之赤途 | 逆袭之星途闪耀
2015-04-14,2015,潜伏之赤途 | 驾驶俱乐部 driveclub
2015-04-15,2015,潜伏之赤途
2015-04-16,2015,驾驶俱乐部
2015-04-17,2015,the tell-tale heart | 橙光游戏：丧心病狂的微博战争
2015-04-20,2015,小游戏大合集： | mashing through the motions | kill the Plumber | nekra psaria 3 | Doris and the Dragon：ep1 | rhythm doctor | firepoint
2015-04-22,2015,GTA | 传颂之物
2015-04-23,2015,传送门1 | 传颂之物
2015-04-24,2015,传送门1 | 重生之千金归来
2015-04-27,2015,FEZ | 使命召唤 | 重生之千金归来
2015-04-29,2015,FEZ
2015-05-12,2015,雷曼传奇 | H1Z1
2015-05-18,2015,传送门2 Portal2 | 逆袭之星途闪耀
2015-05-19,2015,传送门2 Portal2
2015-05-20,2015,传送门2 Portal2 | 着火点firepoint
2015-05-21,2015,着火点firepoint | 如龙 | insidemyradio
2015-05-22,2015,HEX | agar.io
2015-05-25,2015,勇敢的心
2015-05-26,2015,勇敢的心
2015-05-27,2015,ICO
2015-05-28,2015,YY活动
2015-05-29,2015,ICO
2015-06-01,2015,喷射战士
2015-06-02,2015,高考恋爱一百天
2015-06-03,2015,高考恋爱一百天
2015-06-04,2015,三位一体
2015-06-05,2015,cube escape：seasons | mimou escape | samsara room | deep sleep | deeper sleep | the deepest sleep
2015-06-08,2015,潜伏之赤途
2015-06-09,2015,逃离方块：哈维的盒子 | abondoned | icescape | 恋爱物语(one and one story) | 直到你醒来
2015-06-10,2015,涂鸦上帝
2015-06-15,2015,女流的世界之X | 男扮女装进女舍 | 我是女流 | 求婚大作战
2015-06-17,2015,无冬OL
2015-06-18,2015,无冬OL | 橙光游戏：激萌的龙珠 | 橙光游戏：cup 升级大作战
2015-06-19,2015,无声者的救赎
2015-06-24,2015,奇异人生
2015-06-25,2015,蝙蝠侠
2015-06-26,2015,60s
2015-06-29,2015,逃离方块：哈维的盒子 | 乐高 侏罗纪世界 | 初露脸！
2015-06-30,2015,游戏发展国 | 到家 gone home
2015-07-01,2015,直播查房、吃鸡排 | 围攻
2015-07-02,2015,MC | 围攻
2015-07-03,2015,MC | 围攻
2015-07-04,2015,MC | 围攻
2015-07-05,2015,知心66
2015-07-06,2015,MC | 围攻
2015-07-08,2015,围攻
2015-07-09,2015,MC | 围攻
2015-07-10,2015,MC | 坎巴拉太空计划
2015-07-11,2015,MC
2015-07-12,2015,66有约
2015-07-13,2015,MC
2015-07-14,2015,MC
2015-07-15,2015,MC | 涂鸦冒险者
2015-07-16,2015,吃饭 答疑
2015-07-17,2015,MC
2015-07-18,2015,MC
2015-07-19,2015,66有约
2015-07-21,2015,MC
2015-07-22,2015,MC | 风之旅人
2015-07-23,2015,MC
2015-07-24,2015,MC
2015-07-26,2015,66有约
2015-07-27,2015,MC
2015-07-28,2015,MC建筑大赛
2015-08-03,2015,MC躲猫猫
2015-08-04,2015,MC建筑大赛
2015-08-05,2015,MC服务器参观-西凉国挖角
2015-08-09,2015,66有约
2015-08-10,2015,MC暮色森林 | 逃离方块：锈色湖畔
2015-08-11,2015,奇异人生
2015-08-12,2015,poly bridge
2015-08-14,2015,CSOL | MC暮色森林
2015-08-16,2015,心灵砒霜
2015-08-17,2015,i wanna be the felios
2015-08-18,2015,MC
2015-08-19,2015,MC | 无尽梦魇
2015-08-20,2015,MC建筑大赛 | 风之旅人
2015-08-21,2015,poly bridge
2015-08-27,2015,poly bridge | 御天降魔传
2015-08-28,2015,MC | 寂静岭PT
2015-08-31,2015,坎巴拉计划 | franbow
2015-09-01,2015,MC | 坎巴拉太空计划
2015-09-02,2015,franbow
2015-09-03,2015,MC | kill the plumber2 | Gas Pumping Simulator | 我为什么死了：重生
2015-09-04,2015,MC建筑大赛
2015-09-09,2015,"心灵砒霜 | 逃离方块：锈色湖畔 | 本座倒要看看你能活几天 | 我的老师是只""熊"""
2015-09-10,2015,心灵砒霜 | 中世纪工程师
2015-09-11,2015,折纸世界 tear away
2015-09-12,2015,MC
2015-09-13,2015,心灵砒霜
2015-09-14,2015,打包行李
2015-09-15,2015,日本TGS户外直播
2015-09-16,2015,户外直播
2015-09-17,2015,TGS发布会
2015-09-20,2015,聊天
2015-09-21,2015,公园
2015-09-27,2015,MC | 心灵砒霜
2015-09-28,2015,折纸小邮差
2015-09-29,2015,MC | 漫漫旅途
2015-09-30,2015,paper please
2015-10-01,2015,国庆特辑
2015-10-03,2015,66生日~
2015-10-08,2015,游戏发展国 | 外科手术模拟2013 | 我是面包 面包模拟器  paper please
2015-10-09,2015,MC建筑大赛
2015-10-11,2015,心灵砒霜
2015-10-12,2015,你之恋与真实之恋
2015-10-13,2015,小丑多普西 | 军师很忙 | keep talking and nobody explodes（没人会被炸掉） | mount your friends（基友大合体） | 监狱建筑师
2015-10-14,2015,小丑多普西 | MC剧情模式
2015-10-15,2015,小丑多普西
2015-10-16,2015,小丑多普西 | MC
2015-10-18,2015,心灵砒霜 | paper please
2015-10-19,2015,beyond eyes | A bird story | shower with dad | paper please
2015-10-20,2015,paper please | 贴条
2015-10-21,2015,监狱建筑师
2015-10-22,2015,MC故事会
2015-10-23,2015,传说之下undertale
2015-10-25,2015,心灵砒霜
2015-10-26,2015,传说之下undertale
2015-10-27,2015,传说之下undertale
2015-10-28,2015,传说之下undertale
2015-10-29,2015,奇异人生
2015-10-30,2015,心灵砒霜
2015-11-02,2015,MC剧情模式 | 千万不能看
2015-11-04,2015,poly bridge
2015-11-05,2015,MC室内装修大赛
2015-11-06,2015,不机械城
2015-11-08,2015,心灵砒霜
2015-11-09,2015,md游戏：火箭骑士 | 小象露露 | SOMA | 早上做瑜伽
2015-11-10,2015,小象露露 | 请不要碰任何东西 | 放逐之城
2015-11-11,2015,放逐之城
2015-11-12,2015,放逐之城
2015-11-15,2015,心灵砒霜 | 古墓丽影
2015-11-16,2015,古墓丽影 | 十月歌会
2015-11-17,2015,游史诗工坊 | 古墓丽影
2015-11-18,2015,直播搬家 | 心灵砒霜
2015-11-24,2015,新家首秀 | 古墓丽影
2015-11-25,2015,古墓丽影
2015-11-26,2015,心灵砒霜
2015-11-27,2015,古墓丽影 | banished放逐之城
2015-11-29,2015,海岛大亨
2015-11-30,2015,80后主题餐厅 | 66夜话
2015-12-02,2015,直播新家
2015-12-03,2015,节奏天国 | 文明5
2015-12-04,2015,节奏天国
2015-12-06,2015,心灵砒霜
2015-12-07,2015,节奏天国
2015-12-08,2015,节奏天国
2015-12-09,2015,微博峰会发姐视角
2015-12-10,2015,节奏天国
2015-12-11,2015,故宫游 | 重力异想世界
2015-12-13,2015,心灵砒霜
2015-12-14,2015,路易鬼屋2
2015-12-15,2015,节奏天国
2015-12-16,2015,路易鬼屋2
2015-12-17,2015,太空工程师 | 节奏天国
2015-12-19,2015,心灵砒霜 | 节奏天国
2015-12-21,2015,唠嗑
2015-12-22,2015,牛耳奖（主持） | 锈色湖畔
2015-12-23,2015,路易鬼屋
2015-12-24,2015,斗鱼MC圣诞比赛评分 | 装饰圣诞树
2015-12-25,2015,圣诞聊天
2015-12-28,2015,生病了，随便聊聊
2015-12-29,2015,刷微博 | 节奏天国 | 聊天
2016-01-01,2016,新年砒霜
2016-01-03,2016,黄渤签名照 | 尼德霍格Nidhogg
2016-01-04,2016,"命运交叉的旅店 | 放逐之城 | 请出示证件Paper,please"
2016-01-05,2016,谁是你爸爸Who's your Daddy | 星之契约 | MC直播服
2016-01-06,2016,MC直播服
2016-01-07,2016,围攻Besiege | 浴桶拆封
2016-01-08,2016,逆转裁判：复苏的逆转
2016-01-10,2016,怼黄渤 | 心灵砒霜 | MC参加史诗工坊比赛
2016-01-11,2016,Poly Bridge
2016-01-12,2016,Poly Bridge
2016-01-13,2016,新春日历拍照
2016-01-18,2016,汇报工作
2016-01-19,2016,Poly Bridge
2016-01-20,2016,心灵砒霜
2016-01-22,2016,史莱姆牧场Slime Racher | 安可唱歌
2016-01-24,2016,周年庆 | MC直播服
2016-01-26,2016,Poly Bridge
2016-01-27,2016,节奏天国 | 箱子男孩BoxBoy
2016-01-28,2016,赤途
2016-01-29,2016,赤途
2016-01-31,2016,心灵砒霜
2016-02-01,2016,塞尔达三角力量
2016-02-02,2016,DQ建造者日文
2016-02-14,2016,猴年第一播 | 看西游记聊天
2016-02-17,2016,聊天 | 火影忍者终极风暴4 | 节奏天国
2016-02-18,2016,节奏天国 | 火影忍者终极风暴4
2016-02-19,2016,毛线小精灵Unravel
2016-02-20,2016,街霸V | 生锈小湖新章Birthday
2016-02-21,2016,心灵砒霜 | 节奏天国
2016-02-23,2016,MC水星生存日记 | 看游戏视频 | 节奏天国
2016-02-24,2016,逆袭之星光闪耀 | 光之子录像
2016-02-25,2016,孤岛惊魂 | 闲聊
2016-02-26,2016,逆转裁判录像 | 聊天
2016-02-28,2016,看天线宝宝 | 看天花板 | 看越狱兔 | 画画
2016-02-29,2016,霹雳爷们代播 | 无录像
2016-03-02,2016,逆袭之星光闪耀 | 节奏天国
2016-03-03,2016,新发型首秀 | 传说之下Undertale三周目
2016-03-04,2016,B站MC建筑大赛评选
2016-03-06,2016,心灵砒霜
2016-03-07,2016,传说之下Undertale三周目
2016-03-09,2016,逆袭之星光闪耀 | 星露谷物语Stardew Valley
2016-03-10,2016,星露谷物语Stardew Valley
2016-03-11,2016,星露谷物语Stardew Valley
2016-03-12,2016,星露谷物语Stardew Valley
2016-03-13,2016,心灵砒霜 | 星露谷物语Stardew Valley
2016-03-15,2016,星露谷物语Stardew Valley
2016-03-16,2016,星露谷物语Stardew Valley
2016-03-17,2016,星露谷物语Stardew Valley
2016-03-20,2016,心灵砒霜 | 逆袭之星光闪耀
2016-03-21,2016,几何冲刺 | 星露谷物语Stardew Valley
2016-03-22,2016,几何冲刺 | 星露谷物语Stardew Valley
2016-03-24,2016,几何冲刺 | 星露谷物语Stardew Valley
2016-03-25,2016,跟炸鱼、错觉玩dota | 星露谷物语Stardew Valley
2016-03-27,2016,心灵砒霜 | 索尼活动回顾
2016-03-28,2016,几何冲刺 | 星露谷物语Stardew Valley
2016-03-31,2016,几何冲刺 | 星露谷物语Stardew Valley
2016-04-04,2016,逆转裁判5 | 异星工厂Factorio | 燥热SuperHot
2016-04-05,2016,聊天 | 霓虹院大亨HunieCam Studio | 料理妈妈COOKING MAMA | 逆转裁判5
2016-04-06,2016,逆转裁判5
2016-04-07,2016,逆转裁判5
2016-04-08,2016,逆转裁判5
2016-04-10,2016,心灵砒霜
2016-04-11,2016,传送门2
2016-04-12,2016,瑞奇与叮当 | 生锈小湖新章Theatre
2016-04-13,2016,星露谷物语Stardew Valley
2016-04-14,2016,星露谷物语Stardew Valley | 逆转裁判5
2016-04-15,2016,星露谷物语Stardew Valley
2016-04-17,2016,心灵砒霜
2016-04-18,2016,逆转裁判5
2016-04-19,2016,逆转裁判5
2016-04-20,2016,星露谷物语Stardew Valley
2016-04-22,2016,星露谷物语Stardew Valley
2016-04-24,2016,心灵砒霜
2016-04-25,2016,星露谷物语Stardew Valley
2016-04-26,2016,星露谷物语Stardew Valley
2016-04-27,2016,星露谷物语Stardew Valley
2016-04-29,2016,黑魂3
2016-04-30,2016,心灵砒霜 | 黑魂3
2016-05-02,2016,黑魂3
2016-05-03,2016,黑魂3
2016-05-04,2016,黑魂3
2016-05-05,2016,黑魂3
2016-05-06,2016,黑魂3
2016-05-07,2016,黑魂3
2016-05-08,2016,心灵砒霜
2016-05-09,2016,黑魂3
2016-05-10,2016,DQ建造者
2016-05-11,2016,DQ建造者
2016-05-16,2016,DQ建造者
2016-05-17,2016,DQ建造者
2016-05-19,2016,DQ建造者
2016-05-20,2016,DQ建造者
2016-05-22,2016,心灵砒霜 | 玩胖子1
2016-05-23,2016,DQ建造者
2016-05-24,2016,DQ建造者
2016-05-25,2016,聊天 | 玩胖子2
2016-05-26,2016,DQ建造者 | 玩胖子3
2016-05-27,2016,DQ建造者 | 玩胖子4
2016-05-31,2016,逆袭之星光闪耀 | 玩胖子5
2016-06-01,2016,逆袭之星光闪耀 | 极限脱出 | 玩胖子6
2016-06-02,2016,跟炸鱼刘能联机桌游Tabletop Simulato | Lifeboats怒海求生 | Once Upon A Time | 小小地狱火 | 玩胖子7
2016-06-03,2016,小小地狱火Little Inferno | 玩胖子8
2016-06-04,2016,几何冲刺 | 盐与避难所Salt and Sanctuary | 玩胖子9
2016-06-05,2016,心灵砒霜 | 玩胖子10 | 高考专栏
2016-06-06,2016,几何冲刺 | 守望开包 | 玩胖子11
2016-06-07,2016,Poly Bridge | 玩胖子12
2016-06-08,2016,几何冲刺
2016-06-09,2016,几何冲刺 | 模拟人生 | 下午户外北京漫控潮流博览会
2016-06-10,2016,果壳网
2016-06-13,2016,LA户外
2016-06-14,2016,微软发布会
2016-06-16,2016,E3展台
2016-06-21,2016,LA见闻录
2016-06-24,2016,幽灵诡计Ghost Trick
2016-06-25,2016,幽灵诡计Ghost Trick
2016-06-26,2016,心灵砒霜 | JOJO01
2016-06-27,2016,幽灵诡计Ghost Trick | JOJO02 | 果壳网
2016-06-28,2016,幽灵诡计Ghost Trick | JOJO03
2016-06-29,2016,MC直播服 | JOJO04
2016-06-30,2016,MC直播服 | JOJO05
2016-07-03,2016,心灵砒霜
2016-07-04,2016,逆袭之星光闪耀 | JOJO06 | 第一帝宠
2016-07-05,2016,调试采集卡 | 试玩初音
2016-07-06,2016,初音FT | JOJO07
2016-07-07,2016,初音FT | JOJO08
2016-07-08,2016,MC直播服 | JOJO09
2016-07-09,2016,周六聊天 | JOJO10
2016-07-10,2016,心灵砒霜 | JOJO11
2016-07-11,2016,黎明杀机 | 单车/DC联机 | JOJO12
2016-07-12,2016,MC直播服 | JOJO13
2016-07-21,2016,双子传说 | JOJO14
2016-07-22,2016,传送门骑士Portal Knights | JOJO15
2016-07-23,2016,星界边境Starbound | JOJO16
2016-07-24,2016,心灵砒霜 | JOJO17
2016-07-25,2016,星界边境Starbound
2016-07-26,2016,星界边境Starbound
2016-07-27,2016,上海户外
2016-07-28,2016,香港索尼发布会
2016-07-29,2016,香港ACG
2016-08-04,2016,逆袭之星光闪耀、Replica | JOJO18
2016-08-05,2016,星界边境Starbound
2016-08-07,2016,心灵砒霜 | JOJO19
2016-08-08,2016,DOTA2
2016-08-09,2016,无人深空 No Man's Sky
2016-08-10,2016,逆转裁判6
2016-08-12,2016,逆转裁判6
2016-08-16,2016,逆转裁判6 | JOJO20
2016-08-17,2016,星界边境Starbound | 死难塔Tricky Towers | 守望先锋OW
2016-08-19,2016,挖石油Turmoil
2016-08-22,2016,心灵砒霜 | JOJO21 | 魂斗罗
2016-08-23,2016,魂斗罗 | 雪人兄弟
2016-08-24,2016,百战天虫
2016-08-25,2016,百战天虫
2016-08-26,2016,逆转裁判6
2016-08-28,2016,心灵砒霜 | JOJO22
2016-08-29,2016,逆转裁判6
2016-08-30,2016,沙罗曼蛇 | 逆转裁判6
2016-09-07,2016,聊天
2016-09-11,2016,心灵砒霜 | JOJO23
2016-09-12,2016,逆袭之星光闪耀 | 逆转裁判6 | JOJO24
2016-09-13,2016,逆转裁判6
2016-09-14,2016,逆转裁判6 | 飞翔的魔女01
2016-09-15,2016,MC建筑大赛 | 境界之轮回01
2016-09-16,2016,逆转裁判6 | 我的英雄学院01 | 加油向未来
2016-09-18,2016,心灵砒霜
2016-09-19,2016,百战天虫 | JOJO25
2016-09-21,2016,逆转裁判6
2016-09-22,2016,联通户外 | 逆转裁判6大结局
2016-09-23,2016,地平线草原行
2016-09-24,2016,影之刃2宣传照
2016-09-25,2016,对或错 | 心灵砒霜 | JOJO26
2016-09-26,2016,对或错 | 潮与虎01
2016-09-27,2016,急事下播
2016-09-28,2016,广州行
2016-10-03,2016,生日聊天看视频 | 对或错 | JOJO27 | 东北玩泥巴
2016-10-04,2016,壮壮代播klocki | 姐弟玩overcooked煮糊了 | 潮与虎02
2016-10-05,2016,猫狗大战 | 姐弟玩overcooked煮糊了 | 境界之轮回02
2016-10-06,2016,给弟弟化妆 | 姐弟overcooked煮糊了大结局 | 我的英雄学院02
2016-10-07,2016,维尼噗01 | 姐弟战斗方块剧场 | 我的英雄学院03
2016-10-09,2016,心灵砒霜 | 新家 | JOJO28
2016-10-10,2016,吐槽联通 | Lisa:The painful | 潮与虎03
2016-10-11,2016,聊搬家 | Lisa:The painful
2016-10-12,2016,Lisa:The painful
2016-10-13,2016,索尼VR发布会
2016-10-14,2016,仙剑奇侠传3D回合 | Lisa:The painful
2016-10-16,2016,姐弟心灵砒霜 | JOJO29
2016-10-17,2016,Lisa:The painful
2016-10-20,2016,划水半小时 | 直播染头发
2016-10-21,2016,生锈小湖Rusty Lake新章roots
2016-10-23,2016,心灵砒霜 | JOJO30
2016-10-24,2016,橙光游戏-后宫三千人
2016-10-25,2016,微博V影响力峰会
2016-10-26,2016,VR体验
2016-10-27,2016,橙光游戏-后宫三千人
2016-10-28,2016,百战天虫配音 | 橙光游戏-后宫三千人
2016-10-30,2016,姐弟心灵砒霜 | JOJO31
2016-11-06,2016,心灵砒霜 | JOJO32
2016-11-07,2016,手动的塞缪尔Manual Samuel | 几何冲刺11关 | 潮与虎04
2016-11-08,2016,我的电台Inside my radio | 姐弟连线雪人兄弟
2016-11-09,2016,姐弟松鼠大战1/2
2016-11-11,2016,姐弟战斗方块剧场
2016-11-12,2016,第二届贴吧歌会
2016-11-13,2016,心灵砒霜
2016-11-14,2016,英语教学 | JOJO33
2016-11-15,2016,看视频，聊天 | 姐弟连线百战天虫
2016-11-16,2016,聊天 | 大厦管理者Project Highrise | 潮与虎05
2016-11-17,2016,婚姻讨论 | 节奏天国
2016-11-18,2016,看视频，咱爸被封 | 这是警察This Is the Police
2016-11-19,2016,修电脑 | forza地平线3
2016-11-20,2016,心灵砒霜 | JOJO34
2016-11-21,2016,黑魂3DLC
2016-11-22,2016,黑魂3DLC | 影之刃2音乐会
2016-11-23,2016,黑魂3DLC | 集换英雄HEX
2016-11-24,2016,黑魂3DLC决战小姐姐
2016-11-25,2016,黑魂3DLC
2016-11-26,2016,姐弟战斗方块剧场 | 小姐姐降临
2016-11-27,2016,姐弟心灵砒霜 | JOJO35
2016-11-29,2016,京都游
2016-11-30,2016,京都游
2016-12-03,2016,王府井活动
2016-12-04,2016,心灵砒霜 | JOJO36
2016-12-05,2016,最终幻想15
2016-12-07,2016,最后的守护者
2016-12-08,2016,最后的守护者
2016-12-09,2016,最后的守护者
2016-12-10,2016,背古诗词 | 姐弟玩overcooked煮糊了 | 小姐姐指导健身
2016-12-11,2016,ZZ故事 | 姐弟心灵砒霜 | JOJO37
2016-12-12,2016,直播吃饭 | 大舅开箱 | 零号事件Event[0]
2016-12-14,2016,猴山一日游 | 打遍猴山无敌手
2016-12-15,2016,看视频 | 游戏Lisa：The Joyful
2016-12-16,2016,微软新品体验会
2016-12-17,2016,唱歌聊天 | 姐弟连线战斗方块剧场 | 小姐姐指导健身
2016-12-19,2016,心灵砒霜 | JOJO38
2016-12-21,2016,翻看旧视频，聊天 | 魔兽RPG 金字塔大逃亡 | 痛苦的聚会
2016-12-23,2016,聊天拆快递 | 猫头鹰男孩Owlboy
2016-12-24,2016,我的世界圣诞建筑大赛
2016-12-25,2016,心灵砒霜 | JOJO39
2016-12-27,2016,猫头鹰男孩Owlboy
2016-12-28,2016,猫头鹰男孩Owlboy | 小姐姐指导健身
2016-12-30,2016,拆快递 | 猫头鹰男孩Owlboy | 聊天看视频
2016-12-31,2016,聊天
2017-01-01,2017,七号、DC、西卡、李主任、壮壮联机LOL | 银魂001
2017-01-02,2017,心灵砒霜225 | 银魂002 | 邮件27
2017-01-03,2017,橙光游戏：盛世天下之媚娘篇 | 银魂003
2017-01-04,2017,橙光游戏：盛世天下之媚娘篇 | 银魂004
2017-01-05,2017,休息
2017-01-06,2017,请假
2017-01-07,2017,七号、李主任、壮壮联机LOL
2017-01-08,2017,到上海参加UCG2016年度大赏
2017-01-09,2017,休息
2017-01-10,2017,做饭吃饭聊天98 | 黑魂3二周目 | 银魂005
2017-01-11,2017,聊天 | 银魂006
2017-01-12,2017,壮壮、七号LOL | 黑魂3二周目 | 银魂007
2017-01-13,2017,A站年会
2017-01-14,2017,返校 | 银魂008
2017-01-15,2017,心灵砒霜223 | 银魂009 | 邮件33
2017-01-16,2017,Move or Die
2017-01-17,2017,战斗方块剧场 | 银魂010
2017-01-18,2017,姐弟几何冲刺 | 王权Reigns | 银魂011 | Ethan Carter
2017-01-19,2017,休息
2017-01-20,2017,周年彩排——唱歌 | 银魂012 | 最长的电影 | 解脱 | 想太多
2017-01-21,2017,两周年 | 壮壮LOL | 银魂013
2017-01-22,2017,心灵砒霜177 | 24封 | 银魂014
2017-01-23,2017,春节休假
2017-01-24,2017,春节休假
2017-01-25,2017,老家初次直播
2017-01-26,2017,深夜开播58分钟 | 维尼噗1/2 | 直播可乐鸡翅 | 羊肉丸子汤
2017-01-27,2017,年三十聊天
2017-01-28,2017,初一走亲戚
2017-01-29,2017,家暴现场
2017-01-30,2017,吃
2017-01-31,2017,饭
2017-02-01,2017,睡
2017-02-02,2017,觉
2017-02-03,2017,打豆豆
2017-02-04,2017,聊天
2017-02-05,2017,游宁城大明塔
2017-02-06,2017,科目二 | 二重奏Duet
2017-02-07,2017,
2017-02-08,2017,黑魂PVP | 小猫钓鱼 Cat Goes Fishing | 银魂015
2017-02-09,2017,小猫钓鱼 Cat Goes Fishing | 心灵砒霜 | 邮件25
2017-02-10,2017,小猫钓鱼 Cat Goes Fishing
2017-02-11,2017,小猫钓鱼 Cat Goes Fishing
2017-02-12,2017,
2017-02-13,2017,练车81 | 逛街38
2017-02-14,2017,练车53+122 | 练车170
2017-02-15,2017,科目二87 | 波折42
2017-02-16,2017,几何冲刺382
2017-02-17,2017,凌晨KALIMBA试玩、玩两把几何冲刺58 | 几何冲刺11通关
2017-02-18,2017,Kalimba | 伊森卡特的消失 The Vanishing of Ethan Carter | 银魂016
2017-02-19,2017,请假
2017-02-20,2017,不要停！八分音符酱 | 心灵砒霜252 | 41封 | 银魂017
2017-02-21,2017,逛A站67+98赶飞机
2017-02-22,2017,采访法鲨52 | 聊天57
2017-02-23,2017,直播剪发
2017-02-24,2017,收拾行李准备去朝鲜
2017-02-25,2017,朝鲜
2017-02-26,2017,朝鲜
2017-02-27,2017,朝鲜
2017-02-28,2017,朝鲜见闻录
2017-03-01,2017,朝鲜照片展 | 伊森卡特的消失 The Vanishing of Ethan Carter
2017-03-02,2017,休息
2017-03-03,2017,隐藏的人 Hidden Folks | 银魂018
2017-03-04,2017,姐弟热血物语：地下世界 River City Ransom: Underground | 银魂019
2017-03-05,2017,心灵砒霜181 | 银魂020 | 邮件26
2017-03-06,2017,起小点采访
2017-03-07,2017,塞尔达传说：荒野之息 | 直播做饭
2017-03-08,2017,LA
2017-03-09,2017,LA
2017-03-10,2017,LA
2017-03-11,2017,LA
2017-03-12,2017,LA
2017-03-13,2017,塞尔达传说：荒野之息 | 晚上开播
2017-03-14,2017,塞尔达传说：荒野之息299 | 晚上也播135
2017-03-15,2017,塞尔达传说：荒野之息364 | 晚上聊天119
2017-03-16,2017,和七号、壮壮联机LOL | 塞尔达传说：荒野之息
2017-03-17,2017,塞尔达传说：荒野之息
2017-03-18,2017,塞尔达传说：荒野之息 | 人马克星壮壮
2017-03-19,2017,姐弟玩NS游戏 1-2SWITCH
2017-03-20,2017,索尼两周年上海站
2017-03-21,2017,颜值区聊天
2017-03-22,2017,心灵砒霜154 | 13封 | 索尼两周年北京站 | 126.0
2017-03-23,2017,
2017-03-24,2017,生锈小湖新章Cave | 塞尔达传说：荒野之息
2017-03-25,2017,健身78 | 塞尔达传说：荒野之息 | 257.0
2017-03-26,2017,心灵砒霜185 | 15封 | 银魂021
2017-03-27,2017,
2017-03-28,2017,
2017-03-29,2017,黑魂3DLC
2017-03-30,2017,黑魂3DLC
2017-03-31,2017,
2017-04-01,2017,剪剪世界Snipperclip | 姐弟玩NS游戏 1-2SWITCH
2017-04-02,2017,噗呦噗呦 Tetris | 姐弟玩NS游戏 1-2SWITCH | 塞尔达传说：荒野之息
2017-04-03,2017,塞尔达传说：荒野之息 | 渣哥教学打人马
2017-04-04,2017,姐弟玩NS游戏 1-2SWITCH | 超级炸弹人R Super Bomberman R | 塞尔达传说：荒野之息 | 渣哥教学打人马
2017-04-05,2017,塞尔达传说：荒野之息
2017-04-06,2017,心灵砒霜275 | 冒险岛2 | 28封
2017-04-07,2017,
2017-04-08,2017,
2017-04-09,2017,
2017-04-10,2017,塞尔达传说：荒野之息
2017-04-11,2017,塞尔达传说：荒野之息
2017-04-12,2017,血源
2017-04-13,2017,
2017-04-14,2017,盛世天下～女帝篇
2017-04-15,2017,K歌 | 盛世天下～女帝篇 | 狼人杀
2017-04-16,2017,唱歌、砒霜穿插唱歌 | 心灵砒霜180 | 邮件10 | 盛世天下～女帝篇
2017-04-17,2017,TGP 星露谷物语
2017-04-18,2017,噗哟噗哟俄罗斯方块PuyoPuyoTetris | 神奇男孩3：龙之陷阱Wonder Boy: The Dragon’s Trap
2017-04-19,2017,姐弟玩NS游戏 1-2SWITCH | 神奇男孩3：龙之陷阱Wonder Boy: The Dragon’s Trap
2017-04-20,2017,
2017-04-21,2017,神奇男孩3：龙之陷阱Wonder Boy: The Dragon’s Trap | 唱歌解脱
2017-04-22,2017,
2017-04-23,2017,心灵砒霜 | 15封 | 唱歌
2017-04-24,2017,剪剪世界Snipperclip | 唱歌
2017-04-25,2017,日
2017-04-26,2017,本
2017-04-27,2017,旅
2017-04-28,2017,游
2017-04-29,2017,泡
2017-04-30,2017,温
2017-05-01,2017,泉
2017-05-02,2017,聊天吃饭玩威震天
2017-05-03,2017,猜谜游戏
2017-05-04,2017,聊天
2017-05-05,2017,马里奥赛车8
2017-05-06,2017,小小噩梦Little Nightmares
2017-05-07,2017,心灵砒霜194 | 26封 | 银魂22
2017-05-08,2017,
2017-05-09,2017,汐
2017-05-10,2017,毛毡手工课 | 嘟子小姐姐
2017-05-11,2017,
2017-05-12,2017,艾迪芬奇的记忆What Remains of Edith Finch | 有顶天家族01
2017-05-13,2017,终点站Final Station | 有顶天家族02
2017-05-14,2017,心灵砒霜188 | 有顶天家族03 | 14封
2017-05-15,2017,终点站Final Station | 有顶天家族04
2017-05-16,2017,终点站Final Station DLC：The Only Traitor | 有顶天家族05/06 | 唱歌
2017-05-17,2017,死亡细胞DeadCells | 有顶天家族07
2017-05-18,2017,
2017-05-19,2017,死亡细胞DeadCells | 有顶天家族08
2017-05-20,2017,机核网七周年
2017-05-21,2017,心灵砒霜231 | 有顶天家族09 | 21封
2017-05-22,2017,缺氧Oxygen not included
2017-05-23,2017,缺氧Oxygen not included | 有顶天家族10/11
2017-05-24,2017,见证者The Witness | 有顶天家族12
2017-05-25,2017,参加共青团“我的青春我的梦”讲座演讲
2017-05-26,2017,
2017-05-27,2017,
2017-05-28,2017,斗鱼武汉嘉年华
2017-05-29,2017,斗鱼武汉嘉年华
2017-05-30,2017,
2017-05-31,2017,
2017-06-01,2017,见证者The Witness
2017-06-02,2017,见证者The Witness
2017-06-03,2017,见证者The Witness 537 | 过12点
2017-06-04,2017,心灵砒霜 | 唱歌 | 15封
2017-06-05,2017,姐弟玩NS游戏 1-2SWITCH、PuyoPuyo Tetris | 2017中国非物质文化遗产服饰秀77
2017-06-06,2017,大周国庆 | 唱歌
2017-06-07,2017,
2017-06-08,2017,守望先锋
2017-06-09,2017,生病卧床尬聊
2017-06-10,2017,尬聊 | LOL七号联机
2017-06-11,2017,飞LA
2017-06-12,2017,LA酒店展前休整
2017-06-13,2017,育碧展前发布会161 | 索尼发布会后聊天144
2017-06-14,2017,任天堂聊聊100 | 逛E3见朋友229 | LA凌晨四点见过吗？49
2017-06-15,2017,逛E3 184 | 唱歌聊天 23
2017-06-16,2017,班师回朝
2017-06-17,2017,休息
2017-06-18,2017,心灵砒霜 | 邮件15 | 有顶天家族第二季01/02
2017-06-19,2017,聊天刷碗
2017-06-20,2017,北京广播电台录制节目 | 姐弟玩NS游戏：ARMS | 聊天
2017-06-21,2017,游戏：RiME | 有顶天家族第二季03/04
2017-06-22,2017,休息
2017-06-23,2017,时尚芭莎公益视频录制76 | 游戏：RiME 158
2017-06-24,2017,姐弟玩KALIMBA 217 | 有顶天家族第二季05/06
2017-06-25,2017,心灵砒霜 | 有顶天家族第二季07/08 | 邮件16
2017-06-26,2017,有顶天家族京都巡礼Day1 | 晚上尬聊
2017-06-27,2017,有顶天家族京都巡礼Day2 | 森见登美彦专访
2017-06-28,2017,有顶天家族京都巡礼Day3 | 游览下鸭神社、六道珍皇寺
2017-06-29,2017,有顶天家族京都巡礼Day4 | 星野比叡山罗特尔德饭店
2017-06-30,2017,有顶天家族京都巡礼Day5 | 理发
2017-07-01,2017,唱歌97 | 空洞骑士138
2017-07-02,2017,生病
2017-07-03,2017,生病
2017-07-04,2017,艾波与欧波ibb & obb
2017-07-05,2017,英伟达显卡拍摄
2017-07-06,2017,Move or Die
2017-07-07,2017,小小噩梦DLC/Little Nightmares DLC | The room 01
2017-07-08,2017,尬聊 | 唱歌
2017-07-09,2017,心灵砒霜 | 邮件29
2017-07-10,2017,组装架子
2017-07-11,2017,Night in the Woods | OW
2017-07-12,2017,幼儿园Kindergarten
2017-07-13,2017,休息
2017-07-14,2017,休息 | 换电脑
2017-07-15,2017,折腾摄像头 | 修电脑
2017-07-16,2017,参加霹雳中学 | 做饭
2017-07-17,2017,心灵砒霜 | 邮件18
2017-07-18,2017,我的世界第一天：开荒
2017-07-19,2017,我的世界第二天：做房子
2017-07-20,2017,休息
2017-07-21,2017,我的世界第三天：农业
2017-07-22,2017,我的世界第四天：畜牧业
2017-07-23,2017,心灵砒霜 | 姐弟猜字119 | 邮件24
2017-07-24,2017,陪父母
2017-07-25,2017,我的世界第五天：有没有邻居
2017-07-26,2017,索尼中国发布会
2017-07-27,2017,CJ
2017-07-28,2017,索尼展台
2017-07-29,2017,参加狼叔节目
2017-07-30,2017,休息
2017-07-31,2017,休息
2017-08-01,2017,我的世界第六天：法定节假日
2017-08-02,2017,我的世界第七天：末影龙
2017-08-03,2017,
2017-08-04,2017,我的世界第八天：末地之城
2017-08-05,2017,绝地救生116
2017-08-06,2017,心灵砒霜 | 邮件29封
2017-08-07,2017,我的世界第九天：建筑大赛
2017-08-08,2017,半夜修仙76 | MC国服264 | 我的世界第十天：国服上线
2017-08-09,2017,ibb&obb | 绝地求生
2017-08-10,2017,休息
2017-08-11,2017,几何冲刺 | 我的世界第十一天：国服小游戏
2017-08-12,2017,我的世界第十二天：竞选武状元
2017-08-13,2017,绝地救生 | 心灵砒霜22邮件 | 绝地救生
2017-08-14,2017,我的世界第十三天：大周好声音
2017-08-15,2017,
2017-08-16,2017,
2017-08-17,2017,
2017-08-18,2017,我的世界第十四天：美好回忆
2017-08-19,2017,尼德霍格2 Nidhgg2 | 绝地救生
2017-08-20,2017,太空化学SpaceChem | 心灵砒霜 | 22邮件
2017-08-21,2017,太空化学SpaceChem | 人力资源机器Human Resource Machine
2017-08-22,2017,绝地救生
2017-08-23,2017,百战天虫W.M.D
2017-08-24,2017,休息
2017-08-25,2017,缺氧Oxygen Not Included
2017-08-26,2017,缺氧Oxygen Not Included | 两刀
2017-08-27,2017,心灵砒霜 | 邮件25
2017-08-28,2017,请假
2017-08-29,2017,我的世界第十五天：七夕过后
2017-08-30,2017,相扑人Sumoman
2017-08-31,2017,休息
2017-09-01,2017,喜剧之夜ComedyNight | 相扑人Sumoman
2017-09-02,2017,啪嗒砰Patapon
2017-09-03,2017,上海活动准备
2017-09-04,2017,索尼中国影院派对-地平线零之曙光体验会
2017-09-05,2017,回程
2017-09-06,2017,啪嗒砰Patapon
2017-09-07,2017,绝地救生
2017-09-08,2017,啪嗒砰Patapon
2017-09-09,2017,尬聊 | 绝地救生
2017-09-10,2017,辣眼睛 | 心灵砒霜 | 邮件20
2017-09-11,2017,马里奥和疯狂兔子:王国大战 Mario + Rabbids Kingdom Battle
2017-09-12,2017,逛菜场买菜做饭
2017-09-13,2017,马里奥和疯狂兔子:王国大战 Mario + Rabbids Kingdom Battle
2017-09-14,2017,广州陶陶居吃饭
2017-09-15,2017,我的世界网易手游上线宣传
2017-09-16,2017,绝地求生 | 团队吃鸡
2017-09-17,2017,心灵砒霜 | 邮件31
2017-09-18,2017,"烹调,上菜,美味 Cook,Serve,Delicious"
2017-09-19,2017,"烹调,上菜,美味 Cook,Serve,Delicious"
2017-09-20,2017,尬聊 | 欧洲卡车模拟2 Euro Truck Simulator 2
2017-09-21,2017,尬聊141 | 马自达cx-5广告 | 149.0
2017-09-22,2017,欧洲卡车模拟2 Euro Truck Simulator 2 | 尬聊
2017-09-23,2017,尬聊 | 欧洲卡车模拟2 Euro Truck Simulator 2
2017-09-24,2017,请假
2017-09-25,2017,心灵砒霜 | 邮件30
2017-09-26,2017,休息
2017-09-27,2017,欧洲卡车模拟2 Euro Truck Simulator 2
2017-09-28,2017,绝地求生
2017-09-29,2017,休息
2017-09-30,2017,茶杯头 Cuphead
2017-10-01,2017,心灵砒霜197 | 邮件21 | 茶杯头 Cuphead
2017-10-02,2017,茶杯头 Cuphead
2017-10-03,2017,生日 | 大周歌会
2017-10-04,2017,中秋休息
2017-10-05,2017,跟豆豆逛街吃串
2017-10-06,2017,跟豆豆逛街唱K
2017-10-07,2017,在家cosplay
2017-10-08,2017,蒙古包吃饭
2017-10-09,2017,回京
2017-10-10,2017,神奇的青蛙 Amazing Frog
2017-10-11,2017,不要切到手 Don't cut your hand | 欧洲卡车模拟2 Euro Truck Simulator 2
2017-10-12,2017,休息
2017-10-13,2017,绝地求生
2017-10-14,2017,油管主播 Youtuer Life
2017-10-15,2017,心灵砒霜 | 邮件26
2017-10-16,2017,贴壁纸
2017-10-17,2017,光线Linelinght
2017-10-18,2017,GT sport线下活动 | 聊天唱歌
2017-10-19,2017,休息
2017-10-20,2017,坚持战斗 Stick Fight | 大周歌会
2017-10-21,2017,坚持战斗 Stick Fight
2017-10-22,2017,心灵砒霜 | 邮件27 | 斗地主
2017-10-23,2017,生锈小湖Rusty Lake 1-6章
2017-10-24,2017,生锈小湖Rusty Lake 连播
2017-10-25,2017,生锈小湖：根源 Rusty Lake：Roots 上
2017-10-26,2017,生锈小湖：根源 Rusty Lake：Roots 下
2017-10-27,2017,绝地求生 | 斗地主
2017-10-28,2017,宝藏世界
2017-10-29,2017,绝地求生 | 心灵砒霜 | 邮件19
2017-10-30,2017,聊天 | 斗地主
2017-10-31,2017,休息
2017-11-01,2017,休息
2017-11-02,2017,休息
2017-11-03,2017,小猫钓鱼 Cat Goes Fishing
2017-11-04,2017,小猫钓鱼 Cat Goes Fishing
2017-11-05,2017,心灵砒霜 | 邮件18 | 城堡毁灭者 Castle Crashers
2017-11-06,2017,绝地求生
2017-11-07,2017,Super Mario Odyssey 超级马里奥：奥德赛
2017-11-08,2017,Sonic Forces 索尼克：力量 | Super Mario Odyssey 超级马里奥：奥德赛
2017-11-09,2017,休息
2017-11-10,2017,绝地求生 | Super Mario Odyssey 超级马里奥：奥德赛
2017-11-11,2017,绝地求生 | Super Mario Odyssey 超级马里奥：奥德赛
2017-11-12,2017,心灵砒霜 | 邮件22
2017-11-13,2017,Super Mario Odyssey 超级马里奥：奥德赛
2017-11-14,2017,和班尼特福迪一起攻克难关 Getting Over It with Bennett Foddy
2017-11-15,2017,Super Mario Odyssey 超级马里奥：奥德赛
2017-11-16,2017,休息
2017-11-17,2017,和班尼特福迪一起攻克难关 Getting Over It with Bennett Foddy | Super Mario Odyssey 超级马里奥：奥德赛
2017-11-18,2017,Super Mario Odyssey 超级马里奥：奥德赛
2017-11-19,2017,心灵砒霜 | 邮件19 | 66说书
2017-11-20,2017,休息
2017-11-21,2017,Super Mario Odyssey 超级马里奥：奥德赛
2017-11-22,2017,兔宝宝 Tiny Toon | Super Mario Odyssey 超级马里奥：奥德赛
2017-11-23,2017,Super Mario Odyssey 超级马里奥：奥德赛
2017-11-24,2017,Super Mario Odyssey 超级马里奥：奥德赛
2017-11-25,2017,Super Mario Odyssey 超级马里奥：奥德赛
2017-11-26,2017,心灵砒霜 | 邮件18 | 66说书
2017-11-27,2017,电影客串
2017-11-28,2017,大周
2017-11-29,2017,放
2017-11-30,2017,长假
2017-12-01,2017,啊
2017-12-02,2017,冰湖 Ice Lakes
2017-12-03,2017,心灵砒霜 | 邮件26
2017-12-04,2017,冰湖 Ice Lakes
2017-12-05,2017,圣殿春秋之死灰复燃 Ken Follett's The Pillars of the Earth
2017-12-06,2017,绝地求生
2017-12-07,2017,微博V影响力峰会
2017-12-08,2017,Tracks - The Train Set | 绝地求生 | 66说书
2017-12-09,2017,王权2：女王陛下 Reigns: Her Majesty | 谋杀之谜
2017-12-10,2017,心灵砒霜 | 邮件10 | 66说书
2017-12-11,2017,桌游：卡坦岛、大富翁
2017-12-12,2017,200W关注唱歌
2017-12-13,2017,漫漫长夜 The Long Dark | 绝地求生
2017-12-14,2017,内蒙
2017-12-15,2017,画中世界 Gorogoa | 绝地求生
2017-12-16,2017,吃饭聊天唱歌 | 寻找天堂（去月球续作）  Finding Paradise
2017-12-17,2017,66说书
2017-12-18,2017,死神来了 Death Coming
2017-12-19,2017,休息 | 斗鱼关注丢失
2017-12-20,2017,MONOPOLY PLUS 大富翁
2017-12-21,2017,大周桌面展
2017-12-22,2017,请假
2017-12-23,2017,绝地求生
2017-12-24,2017,心灵砒霜 | 邮件19
2017-12-25,2017,MC圣诞建筑大赛
2017-12-26,2017,青蛙爆破者 Kero Blaster
2017-12-27,2017,青蛙爆破者 Kero Blaster
2017-12-28,2017,休息
2017-12-29,2017,聊天拼积木讲动画
2017-12-30,2017,绝地求生
2017-12-31,2017,心灵砒霜 | 邮件14
2018-01-01,2018,跨年颜值
2018-01-02,2018,传送门:桥梁构造者 Bridge Constructor Portal
2018-01-03,2018,传送门:桥梁构造者 Bridge Constructor Portal
2018-01-04,2018,休息
2018-01-05,2018,传送门:桥梁构造者 Bridge Constructor Portal
2018-01-06,2018,女流开年Party约战SHIELD马力欧 | 英伟达主机宣传
2018-01-07,2018,心灵砒霜 | 邮件12
2018-01-08,2018,人类:一败涂地 Human: Fall Flat
2018-01-09,2018,人类:一败涂地 Human: Fall Flat
2018-01-10,2018,传送门:桥梁构造者 Bridge Constructor Portal
2018-01-11,2018,休息
2018-01-12,2018,生锈小湖：天堂岛 Rusty Lake：Paradise Island
2018-01-13,2018,娱乐盛典
2018-01-14,2018,虎扑活动 | 回答发帖问题
2018-01-15,2018,生锈小湖：天堂岛 Rusty Lake：Paradise Island
2018-01-16,2018,绝地求生
2018-01-17,2018,赛博朋克酒保行动：VA-11HALL-A
2018-01-18,2018,休息
2018-01-19,2018,赛博朋克酒保行动：VA-11HALL-A
2018-01-20,2018,乞丐模拟器Hobo:Tough Life
2018-01-21,2018,直播三周年
2018-01-22,2018,乞丐模拟器Hobo:Tough Life
2018-01-23,2018,渣哥肾结石
2018-01-24,2018,渣哥碎石记 | 坚持战斗:游戏 Stick Fight: The Game
2018-01-25,2018,魅力主播奖
2018-01-26,2018,怪物猎人世界/MONSTER HUNTER WORLD
2018-01-27,2018,绝地求生节目录制
2018-01-28,2018,心灵砒霜 | 邮件22
2018-01-29,2018,真三国无双8 体验会
2018-01-30,2018,怪物猎人世界/MONSTER HUNTER WORLD
2018-01-31,2018,怪物猎人世界/MONSTER HUNTER WORLD
2018-02-01,2018,怪物猎人世界/MONSTER HUNTER WORLD
2018-02-02,2018,怪物猎人世界/MONSTER HUNTER WORLD
2018-02-03,2018,怪物猎人世界/MONSTER HUNTER WORLD
2018-02-04,2018,心灵砒霜 | 邮件17
2018-02-05,2018,怪物猎人世界/MONSTER HUNTER WORLD
2018-02-06,2018,旺达与巨像重制
2018-02-07,2018,旺达与巨像重制
2018-02-08,2018,休息
2018-02-09,2018,蜡烛人/Candle Man
2018-02-10,2018,杀戮尖塔/Slay the Spire
2018-02-11,2018,请假
2018-02-12,2018,心灵砒霜 | 邮件9
2018-02-13,2018,
2018-02-14,2018,
2018-02-15,2018,年前放风筝69 | 年前聊天52
2018-02-16,2018,
2018-02-17,2018,
2018-02-18,2018,绝地求生190 | 拼乐高206
2018-02-19,2018,橙光游戏亲爱的小鲜肉
2018-02-20,2018,
2018-02-21,2018,
2018-02-22,2018,骑马溜冰 | 壮壮落马
2018-02-23,2018,拼乐高
2018-02-24,2018,橙光游戏亲爱的小鲜肉
2018-02-25,2018,心灵砒霜 | 邮件19
2018-02-26,2018,橙光游戏亲爱的小鲜肉
2018-02-27,2018,橙光游戏亲爱的小鲜肉
2018-02-28,2018,绝地救生/PLAYERUNKNOWN’S BATTLEGROUNDS
2018-03-01,2018,休息
2018-03-02,2018,戏说红楼
2018-03-03,2018,弹丸论破 | 程序员升职记/7 Billion Humans
2018-03-04,2018,心灵砒霜 | 邮件20
2018-03-05,2018,弹丸论破
2018-03-06,2018,弹丸论破
2018-03-07,2018,弹丸论破
2018-03-08,2018,弹丸论破
2018-03-09,2018,弹丸论破
2018-03-10,2018,休息
2018-03-11,2018,心灵砒霜 | 邮件12
2018-03-12,2018,休息
2018-03-13,2018,休息
2018-03-14,2018,蔚蓝/Celeste | 光遇/Sky
2018-03-15,2018,休息
2018-03-16,2018,蔚蓝/Celeste
2018-03-17,2018,蔚蓝/Celeste
2018-03-18,2018,心灵砒霜 | 邮件12
2018-03-19,2018,超级情圣/Super Seducer
2018-03-20,2018,蔚蓝/Celeste | 废都物语
2018-03-21,2018,盗贼之海/Sea of Theives
2018-03-22,2018,盗贼之海/Sea of Theives | 绝地救生/PLAYERUNKNOWN’S BATTLEGROUNDS
2018-03-23,2018,休息
2018-03-24,2018,没人会被炸掉/Keep Talking and Nobody Explodes
2018-03-25,2018,66说书：聊斋志异 | 超级兔子人/Super Bunny Man
2018-03-26,2018,没人会被炸掉/Keep Talking and Nobody Explodes
2018-03-27,2018,没人会被炸掉/Keep Talking and Nobody Explodes
2018-03-28,2018,UNO牌
2018-03-29,2018,休息
2018-03-30,2018,星之卡比 | 游戏机被妈妈藏起来了
2018-03-31,2018,脸黑先生/Chuchel | 游戏机被妈妈藏起来了
2018-04-01,2018,聊斋两则 | 心灵砒霜 | 邮件13
2018-04-02,2018,PuyoPuyo Tetris
2018-04-03,2018,PuyoPuyo Tetris | 洞窟物语
2018-04-04,2018,动漫音乐赏析
2018-04-05,2018,休息
2018-04-06,2018,第五人格 | 豆豆来唱歌74
2018-04-07,2018,卡丁车
2018-04-08,2018,聊天
2018-04-09,2018,休息
2018-04-10,2018,休息
2018-04-11,2018,节奏天国
2018-04-12,2018,节目展示 | 心灵砒霜 | 超级兔子人/Super Bunny Man | 邮件4
2018-04-13,2018,老人之旅/ Old Man's Journey | 众生/ The Lives
2018-04-14,2018,逃出生天/ A Way Out
2018-04-15,2018,心灵砒霜 | 邮件13
2018-04-16,2018,逃出生天/ A Way Out | 冒险岛Online
2018-04-17,2018,聊斋 | 堡垒之夜
2018-04-18,2018,休息
2018-04-19,2018,休息
2018-04-20,2018,战神God of War
2018-04-21,2018,战神God of War
2018-04-22,2018,心灵砒霜 | 邮件9 | 冒险岛Online
2018-04-23,2018,战神God of War | 堡垒之夜
2018-04-24,2018,发布会彩排 | 搜狐视频发布
2018-04-25,2018,Playstation 媒体体验会 | 堡垒之夜
2018-04-26,2018,堡垒之夜
2018-04-27,2018,战神God of War
2018-04-28,2018,嘉年华红毯
2018-04-29,2018,嘉年华第一天
2018-04-30,2018,嘉年华主机区活动 | 粉丝见面会
2018-05-01,2018,长安福特翼博 | 主机区逛逛
2018-05-02,2018,休息
2018-05-03,2018,任天堂labo
2018-05-04,2018,任天堂labo
2018-05-05,2018,2018核聚变
2018-05-06,2018,心灵砒霜 | 邮件9
2018-05-07,2018,休息
2018-05-08,2018,杀戮尖塔/Slay the Spire
2018-05-09,2018,艾兰岛/ Ylands
2018-05-10,2018,VR游戏 | 节奏光剑、拆弹、冰湖钓鱼、Rec Room
2018-05-11,2018,Unity Beijing 2018 开发者大会
2018-05-12,2018,VR游戏 | 节奏光剑 | Tilt Brush
2018-05-13,2018,心灵砒霜 | 邮件15
2018-05-14,2018,聊斋 | 唱歌
2018-05-15,2018,
2018-05-16,2018,我们也在这里/ We Were Here Too+DLC
2018-05-17,2018,
2018-05-18,2018,传奇法师/ Wizard of Legend
2018-05-19,2018,急性肠胃炎，请假
2018-05-20,2018,生病卧床闲聊
2018-05-21,2018,传奇法师/ Wizard of Legend
2018-05-22,2018,房产达人/ House Flipper
2018-05-23,2018,探望依依
2018-05-24,2018,黑暗之魂重制/ Dark Souls Remastered
2018-05-25,2018,黑暗之魂重制/ Dark Souls Remastered
2018-05-26,2018,黑暗之魂重制/ Dark Souls Remastered
2018-05-27,2018,聊斋 | 心灵砒霜 | 邮件10
2018-05-28,2018,黑暗之魂重制/ Dark Souls Remastered
2018-05-29,2018,黑暗之魂重制/ Dark Souls Remastered
2018-05-30,2018,女巫来了/Witch It
2018-05-31,2018,木筏求生/ Raft
2018-06-01,2018,木筏求生/ Raft
2018-06-02,2018,观影：巴霍巴利王
2018-06-03,2018,聊斋 | 心灵砒霜 | 邮件26
2018-06-04,2018,休息
2018-06-05,2018,孤帆远航/ FAR：Lone Sails
2018-06-06,2018,大周庆典 | 跳舞弹钢琴
2018-06-07,2018,战斗厨师旅团/ Battle Chef Brigade
2018-06-08,2018,间谍派对/ Spy Party
2018-06-09,2018,Just Shapes & Beats
2018-06-10,2018,E3前准备
2018-06-11,2018,酒店闲聊
2018-06-12,2018,索尼展前发布会
2018-06-13,2018,E3
2018-06-14,2018,休息
2018-06-15,2018,回程
2018-06-16,2018,Golf With Your Friends
2018-06-17,2018,聊斋 | 心灵砒霜 | 邮件10
2018-06-18,2018,回家过节
2018-06-19,2018,休息
2018-06-20,2018,郡主上线
2018-06-21,2018,看日记
2018-06-22,2018,喜剧之夜/ Comedy Night | 手部模拟器/ Hand Simulator
2018-06-23,2018,VR游戏 | 节奏光剑 | Accounting | Job Simulator
2018-06-24,2018,聊斋 | 心灵砒霜 | 邮件14
2018-06-25,2018,一起玩农场/Farm Together
2018-06-26,2018,一起玩农场/Farm Together
2018-06-27,2018,一起玩农场/Farm Together | 唱歌
2018-06-28,2018,聊天
2018-06-29,2018,一起玩农场/Farm Together
2018-06-30,2018,一起玩农场/Farm Together | 逆水寒
2018-07-01,2018,聊斋 | 心灵砒霜 | 邮件13
2018-07-02,2018,VR游戏 | 乒乓球 | 聊天
2018-07-03,2018,休息
2018-07-04,2018,休息
2018-07-05,2018,休息
2018-07-06,2018,蒸汽世界/ SteamWorld Dig
2018-07-07,2018,蒸汽世界/ SteamWorld Dig | 极限巅峰/ Steep | 逆水寒
2018-07-08,2018,聊斋 | 心灵砒霜 | 邮件12
2018-07-09,2018,休息
2018-07-10,2018,极限巅峰/ Steep
2018-07-11,2018,我被男神捅死了
2018-07-12,2018,休息
2018-07-13,2018,我被男神捅死了
2018-07-14,2018,来访者/ Visitor
2018-07-15,2018,聊斋 | 心灵砒霜 | 邮件19
2018-07-16,2018,休息
2018-07-17,2018,八方旅人/ Octopath Traveler
2018-07-18,2018,八方旅人/ Octopath Traveler
2018-07-19,2018,八方旅人/ Octopath Traveler
2018-07-20,2018,八方旅人/ Octopath Traveler
2018-07-21,2018,八方旅人/ Octopath Traveler | 绝地救生/PLAYERUNKNOWN’S BATTLEGROUNDS
2018-07-22,2018,聊斋 | 心灵砒霜 | 邮件13
2018-07-23,2018,八方旅人/ Octopath Traveler
2018-07-24,2018,八方旅人/ Octopath Traveler
2018-07-25,2018,八方旅人/ Octopath Traveler
2018-07-26,2018,八方旅人/ Octopath Traveler
2018-07-27,2018,太鼓达人NS
2018-07-28,2018,炸弹鸡/Bomb Chicken
2018-07-29,2018,聊斋 | 心灵砒霜 | 邮件12
2018-07-30,2018,波西亚时光
2018-07-31,2018,炸弹鸡/Bomb Chicken | 逆水寒
2018-08-01,2018,
2018-08-02,2018,CJ展前索尼发布会
2018-08-03,2018,CJ索尼行
2018-08-04,2018,
2018-08-05,2018,
2018-08-06,2018,无人深空/ No Man's Sky
2018-08-07,2018,休息
2018-08-08,2018,煮糊了2 /Overcooked 2
2018-08-09,2018,煮糊了2 /Overcooked 2 | 声控大师/ One Hand Clapping
2018-08-10,2018,我的世界/MC 第一天
2018-08-11,2018,怪物猎人世界/MONSTER HUNTER WORLD 腾讯WG | 我的世界/MC 第二天
2018-08-12,2018,聊斋 | 心灵砒霜 | 邮件14
2018-08-13,2018,我的世界/MC 第三天
2018-08-14,2018,我的世界/MC 第四天
2018-08-15,2018,我的世界/MC 第五天 | 幸福列车关注留守儿童
2018-08-16,2018,休息
2018-08-17,2018,我的世界/MC 第六天 建筑比赛 | 无人深空/ No Man's Sky
2018-08-18,2018,我的世界/MC 第七天 MC歌会
2018-08-19,2018,聊斋 | 心灵砒霜 | 邮件21
2018-08-20,2018,星界边境/ Starbound
2018-08-21,2018,我的世界/MC 第八天
2018-08-22,2018,过山车之星/ Planet Coaster
2018-08-23,2018,休息
2018-08-24,2018,流星蝴蝶剑 | 我的世界/MC 第九天
2018-08-25,2018,我的世界/MC 第十天
2018-08-26,2018,心灵砒霜 | 邮件33
2018-08-27,2018,PS4 PRO 限定版开箱
2018-08-28,2018,休息
2018-08-29,2018,休息
2018-08-30,2018,休息
2018-08-31,2018,休息
2018-09-01,2018,休息
2018-09-02,2018,休息
2018-09-03,2018,休息
2018-09-04,2018,过山车之星/ Planet Coaster
2018-09-05,2018,双点医院/ Two Point Hospital
2018-09-06,2018,Dota 2
2018-09-07,2018,休息
2018-09-08,2018,甜甜圈都市/ DonutCounty | 双点医院/ Two Point Hospital
2018-09-09,2018,聊斋 | 心灵砒霜 | 邮件16
2018-09-10,2018,眩晕症
2018-09-11,2018,过山车之星/ Planet Coaster
2018-09-12,2018,极限巅峰/ Steep
2018-09-13,2018,奇异小队/ Strange Brigade
2018-09-14,2018,奇异小队/ Strange Brigade
2018-09-15,2018,奇异小队/ Strange Brigade | 超级情圣2 / Super Seducer 2
2018-09-16,2018,心灵砒霜 | 邮件30
2018-09-17,2018,女巫来了/ Witch It | 39天到火星/ 39 Days to Mars
2018-09-18,2018,武汉理工大学宣讲
2018-09-19,2018,
2018-09-20,2018,武汉大学宣讲
2018-09-21,2018,锈湖新章：悖论/ Rusty lake:Paradox
2018-09-22,2018,钓鱼模拟器/ Ultimate Fishing Simulator
2018-09-23,2018,心灵砒霜 | 邮件16
2018-09-24,2018,在家过中秋 | 晚上语音76
2018-09-25,2018,
2018-09-26,2018,钓鱼模拟器/ Ultimate Fishing Simulator
2018-09-27,2018,恐龙公园/ Parkasaurus
2018-09-28,2018,中国式家长
2018-09-29,2018,中国式家长
2018-09-30,2018,聊斋 | 心灵砒霜 | 邮件15
2018-10-01,2018,
2018-10-02,2018,老爷车/ Jalopy
2018-10-03,2018,生日Patty
2018-10-04,2018,
2018-10-05,2018,老爷车/ Jalopy
2018-10-06,2018,HUE
2018-10-07,2018,心灵砒霜 | 邮件19
2018-10-08,2018,拣·爱 | 老式音乐剧/ OldSchoolMusical
2018-10-09,2018,语音直播
2018-10-10,2018,超级马里奥派对/ SUPER MARIO PARTY
2018-10-11,2018,阳光路，关爱自闭儿童
2018-10-12,2018,超级马里奥派对/ SUPER MARIO PARTY
2018-10-13,2018,
2018-10-14,2018,心灵砒霜 | 邮件18
2018-10-15,2018,语音直播
2018-10-16,2018,超级马里奥派对/ SUPER MARIO PARTY
2018-10-17,2018,
2018-10-18,2018,
2018-10-19,2018,庇护所/ Sheltered
2018-10-20,2018,庇护所/ Sheltered
2018-10-21,2018,心灵砒霜 | 邮件17
2018-10-22,2018,请假
2018-10-23,2018,呼吸边缘/ Breathedge
2018-10-24,2018,冰火王权/ Regins
2018-10-25,2018,休息
2018-10-26,2018,荒野大镖客：救赎2/ Red Dead: RedemptionⅡ
2018-10-27,2018,荒野大镖客：救赎2/ Red Dead: RedemptionⅡ
2018-10-28,2018,荒野大镖客：救赎2/ Red Dead: RedemptionⅡ
2018-10-29,2018,荒野大镖客：救赎2/ Red Dead: RedemptionⅡ
2018-10-30,2018,荒野大镖客：救赎2/ Red Dead: RedemptionⅡ
2018-10-31,2018,荒野大镖客：救赎2/ Red Dead: RedemptionⅡ
2018-11-01,2018,
2018-11-02,2018,明日之后 | 荒野大镖客：救赎2/ Red Dead: RedemptionⅡ
2018-11-03,2018,
2018-11-04,2018,心灵砒霜 | 邮件20
2018-11-05,2018,荒野大镖客：救赎2/ Red Dead: RedemptionⅡ
2018-11-06,2018,荒野大镖客：救赎2/ Red Dead: RedemptionⅡ
2018-11-07,2018,
2018-11-08,2018,荒野大镖客：救赎2/ Red Dead: RedemptionⅡ | 唱个歌
2018-11-09,2018,荒野大镖客：救赎2/ Red Dead: RedemptionⅡ
2018-11-10,2018,半夜语音直播185 | 荒野大镖客：救赎2/ Red Dead: RedemptionⅡ | 224.0
2018-11-11,2018,广州核聚变
2018-11-12,2018,荒野大镖客：救赎2/ Red Dead: RedemptionⅡ | 新家首播
2018-11-13,2018,荒野大镖客：救赎2/ Red Dead: RedemptionⅡ
2018-11-14,2018,BBC采访 | 荒野大镖客：救赎2/ Red Dead: RedemptionⅡ
2018-11-15,2018,
2018-11-16,2018,超级马里奥派对/ SUPER MARIO PARTY | 荒野大镖客：救赎2/ Red Dead: RedemptionⅡ
2018-11-17,2018,蚯蚓/ Earthworms
2018-11-18,2018,心灵砒霜 | 邮件12
2018-11-19,2018,
2018-11-20,2018,不要喂养猴子/ Do Not Feed the Monkeys
2018-11-21,2018,不要喂养猴子/ Do Not Feed the Monkeys
2018-11-22,2018,半夜语音
2018-11-23,2018,中国青年好网民巡回演讲-贵阳站 | 斗鱼音乐盛典
2018-11-24,2018,沉默星球
2018-11-25,2018,心灵砒霜 | 邮件23
2018-11-26,2018,聊天 | 唱歌 | 古剑奇谭3
2018-11-27,2018,去配音路上
2018-11-28,2018,古剑奇谭3
2018-11-29,2018,古剑奇谭3 | 梦蝶101 | 古剑奇谭3 | 直播至1:04
2018-11-30,2018,
2018-12-01,2018,斗地主 | 古剑奇谭3
2018-12-02,2018,古剑奇谭3 | 心灵砒霜 | 邮件22
2018-12-03,2018,斗地主 | 古剑奇谭3
2018-12-04,2018,古剑奇谭3
2018-12-05,2018,
2018-12-06,2018,斗地主 | 古剑奇谭3
2018-12-07,2018,斗地主 | 古剑奇谭3
2018-12-08,2018,古剑奇谭3 | 任天堂大乱斗
2018-12-09,2018,心灵砒霜 | 邮件22
2018-12-10,2018,彩虹坠入/ Iris Fall
2018-12-11,2018,斗地主 | 任天堂大乱斗
2018-12-12,2018,休息
2018-12-13,2018,休息
2018-12-14,2018,模拟农场19 Farming Simulator 19 | 斗地主
2018-12-15,2018,模拟农场19 Farming Simulator 19
2018-12-16,2018,心灵砒霜 | 邮件27
2018-12-17,2018,斗地主 | 模拟农场19 Farming Simulator 19
2018-12-18,2018,节目：有请制作人96 | 幽林怪谈333
2018-12-19,2018,Gris
2018-12-20,2018,休息
2018-12-21,2018,宝藏猎人模拟器/Treasure Hunter Simulator
2018-12-22,2018,奥伯拉丁的回归/Return of the Obra Dinn
2018-12-23,2018,心灵砒霜 | 邮件22
2018-12-24,2018,奥伯拉丁的回归/Return of the Obra Dinn
2018-12-25,2018,王国保卫战起源/Kingdom Rush Origins
2018-12-26,2018,揍击派对/Pummel Party
2018-12-27,2018,休息
2018-12-28,2018,游乐园建造师/ Parkitect
2018-12-29,2018,生病请假
2018-12-30,2018,生病请假
2018-12-31,2018,跨年直播
2019-01-01,2019,跨年直播13 | 生生不息/Life Goes On
2019-01-02,2019,未上锁的房间3/ The Room Three
2019-01-03,2019,未上锁的房间3/ The Room Three
2019-01-04,2019,自然生态/ Equilinox
2019-01-05,2019,年度盛典
2019-01-06,2019,心灵砒霜 | 邮件19
2019-01-07,2019,人类:一败涂地/ Human: Fall Flat | 自然生态/ Equilinox
2019-01-08,2019,奇妙探险队/ The Curious Expedition
2019-01-09,2019,奇妙探险队/ The Curious Expedition
2019-01-10,2019,
2019-01-11,2019,了不起的修仙模拟器
2019-01-12,2019,了不起的修仙模拟器
2019-01-13,2019,心灵砒霜 | 邮件19
2019-01-14,2019,了不起的修仙模拟器
2019-01-15,2019,尤库的小岛速递/ Yoku’s Island Express
2019-01-16,2019,波西亚时光
2019-01-17,2019,休息
2019-01-18,2019,乐园/Rakuen
2019-01-19,2019,乐园/Rakuen
2019-01-20,2019,乐园/Rakuen | 心灵砒霜 | 邮件16
2019-01-21,2019,4周年庆 | 唱歌
2019-01-22,2019,请假
2019-01-23,2019,挖或死/ Dig or Die
2019-01-24,2019,DQ建造者2
2019-01-25,2019,勇者斗恶龙:创世小玩家2
2019-01-26,2019,勇者斗恶龙:创世小玩家2
2019-01-27,2019,The Invisible Guardian/隐形守护者 | 心灵砒霜 | 邮件24
2019-01-28,2019,
2019-01-29,2019,
2019-01-30,2019,勇者斗恶龙:创世小玩家2
2019-01-31,2019,勇者斗恶龙:创世小玩家2
2019-02-01,2019,DQ建造者2
2019-02-02,2019,DQ建造者2
2019-02-03,2019,DQ建造者2
2019-02-04,2019,除夕家庭
2019-02-05,2019,
2019-02-06,2019,
2019-02-07,2019,
2019-02-08,2019,
2019-02-09,2019,
2019-02-10,2019,
2019-02-11,2019,
2019-02-12,2019,勇者斗恶龙:创世小玩家2
2019-02-13,2019,勇者斗恶龙:创世小玩家2
2019-02-14,2019,勇者斗恶龙:创世小玩家2
2019-02-15,2019,勇者斗恶龙:创世小玩家2
2019-02-16,2019,勇者斗恶龙:创世小玩家2
2019-02-17,2019,心灵砒霜 | 邮件33
2019-02-18,2019,DQ建造者2
2019-02-19,2019,
2019-02-20,2019,还愿
2019-02-21,2019,DQ建造者2
2019-02-22,2019,
2019-02-23,2019,DQ建造者2
2019-02-24,2019,心灵砒霜147期 | 邮件24
2019-02-25,2019,唱歌
2019-02-26,2019,
2019-02-27,2019,奥秘法师/ Mages Of Mystralia
2019-02-28,2019,特技摩托:崛起/ Trials Rising
2019-03-01,2019,特技摩托:崛起/ Trials Rising | 奥秘法师/ Mages Of Mystralia
2019-03-02,2019,奥秘法师/ Mages Of Mystralia | 特技摩托:崛起/ Trials Rising
2019-03-03,2019,心灵砒霜148期 | 邮件25 | 特技摩托:崛起/ Trials Rising
2019-03-04,2019,嗜血印/Bloody Spell | 特技摩托:崛起/ Trials Rising
2019-03-05,2019,
2019-03-06,2019,只狼东京探班
2019-03-07,2019,鬼泣5发布会
2019-03-08,2019,
2019-03-09,2019,鬼泣5
2019-03-10,2019,心灵砒霜149期 | 邮件24
2019-03-11,2019,
2019-03-12,2019,鬼泣5
2019-03-13,2019,鬼泣5
2019-03-14,2019,特技摩托:崛起/ Trials Rising
2019-03-15,2019,爸爸是你/Baba Is You
2019-03-16,2019,只狼试玩 | 特技摩托:崛起/ Trials Rising
2019-03-17,2019,心灵砒霜150期 | 邮件23
2019-03-18,2019,特技摩托:崛起/ Trials Rising
2019-03-19,2019,猫里奥
2019-03-20,2019,
2019-03-21,2019,
2019-03-22,2019,只狼:影逝二度/ Sekiro:Shadows Die Twice
2019-03-23,2019,只狼:影逝二度/ Sekiro:Shadows Die Twice
2019-03-24,2019,只狼:影逝二度/ Sekiro:Shadows Die Twice
2019-03-25,2019,只狼:影逝二度/ Sekiro:Shadows Die Twice
2019-03-26,2019,索尼中国只狼媒体体验会
2019-03-27,2019,只狼:影逝二度/ Sekiro:Shadows Die Twice
2019-03-28,2019,只狼:影逝二度/ Sekiro:Shadows Die Twice
2019-03-29,2019,只狼:影逝二度/ Sekiro:Shadows Die Twice | 疑案追声/ Unheard
2019-03-30,2019,猫里奥
2019-03-31,2019,看电影：超体、雨中曲
2019-04-01,2019,
2019-04-02,2019,2018新浪游戏年度盛典
2019-04-03,2019,游请制作人
2019-04-04,2019,
2019-04-05,2019,雨中冒险2 /Risk of Rain 2
2019-04-06,2019,疑案追声/ Unheard | 雨中冒险2/ Risk of Rain 2
2019-04-07,2019,心灵砒霜151期 | 邮件26
2019-04-08,2019,
2019-04-09,2019,我恨这个游戏/ I hate this game
2019-04-10,2019,度假模拟器/ Vacation Simulator | 列车模拟/ Derail Valley | 节奏空间/ Beat Saber
2019-04-11,2019,休息
2019-04-12,2019,Supra land | 唱歌
2019-04-13,2019,Supra land
2019-04-14,2019,心灵砒霜152期 | 邮件18
2019-04-15,2019,请假
2019-04-16,2019,Supra land
2019-04-17,2019,狩猎模拟器/ Hunting Simulator
2019-04-18,2019,休息
2019-04-19,2019,浮岛物语/ Forager | 唱歌
2019-04-20,2019,浮岛物语/ Forager
2019-04-21,2019,封神演义Day1 | 心灵砒霜153期 | 邮件24
2019-04-22,2019,浮岛物语/ Forager
2019-04-23,2019,封神演义Day2 | 武士零/ Katana ZERO
2019-04-24,2019,火车山谷2/ Train Valley 2 | 红蓝
2019-04-25,2019,休息
2019-04-26,2019,封神演义Day3 | 硬件工程师/ HardwareEngineers
2019-04-27,2019,封神演义Day4 | 看电影：蝴蝶效应
2019-04-28,2019,心灵砒霜154期 | 邮件19
2019-04-29,2019,封神演义Day5 | Biped先行试玩
2019-04-30,2019,封神演义Day6 | 僵尸世界大战/ World War Z: Outlive the Dead
2019-05-01,2019,封神演义Day7 | 迷雾侦探/ Tales of the Neon Sea
2019-05-02,2019,休息
2019-05-03,2019,封神演义Day8 | 迷雾侦探/ Tales of the Neon Sea
2019-05-04,2019,封神演义Day9 | 迷雾侦探/ Tales of the Neon Sea
2019-05-05,2019,心灵砒霜155期 | 邮件24
2019-05-06,2019,封神演义Day10
2019-05-07,2019,录节目
2019-05-08,2019,封神演义Day11 | 迷雾侦探/ Tales of the Neon Sea | 大富翁
2019-05-09,2019,休息
2019-05-10,2019,封神演义Day12 | 迷雾侦探/ Tales of the Neon Sea | 地产巨头/ Rento Fortune | 看电影：一个叫欧维的男人
2019-05-11,2019,北京核聚变现场
2019-05-12,2019,封神演义Day12 | 心灵砒霜156期 | 邮件19
2019-05-13,2019,温克尔特:那家小店/ Winkeltje: The Little Shop
2019-05-14,2019,温克尔特:那家小店/ Winkeltje: The Little Shop | 唱歌
2019-05-15,2019,封神演义Day13 | 跟七号连线LOL
2019-05-16,2019,休息
2019-05-17,2019,封神演义Day14 | 瘟疫传说：无罪/ A Plague Tale: Innocence
2019-05-18,2019,语音连麦
2019-05-19,2019,心灵砒霜157期 | 邮件15
2019-05-20,2019,封神演义Day15 | 瘟疫传说：无罪/ A Plague Tale: Innocence
2019-05-21,2019,瘟疫传说：无罪/ A Plague Tale: Innocence
2019-05-22,2019,封神演义Day16 | 瘟疫传说：无罪/ A Plague Tale: Innocence
2019-05-23,2019,休息
2019-05-24,2019,童画车票，让爱回家 | 王国之心3/ Kingdom Hearts 3
2019-05-25,2019,请假
2019-05-26,2019,封神演义Day17 | 心灵砒霜158期 | 邮件18
2019-05-27,2019,盗贼之海/ Sea of Thieves
2019-05-28,2019,封神演义Day18 | 盗贼之海/ Sea of Thieves
2019-05-29,2019,盗贼之海/ Sea of Thieves
2019-05-30,2019,全面战争模拟器 / Totally Accurate Battle Simulator
2019-05-31,2019,聚餐
2019-06-01,2019,猫和老鼠
2019-06-02,2019,心灵砒霜159期 | 邮件17
2019-06-03,2019,盗贼之海/ Sea of Thieves
2019-06-04,2019,回家
2019-06-05,2019,
2019-06-06,2019,客厅户外
2019-06-07,2019,放假
2019-06-08,2019,料理模拟器/ Cooking Simulator
2019-06-09,2019,心灵砒霜160期 | 邮件11 | 料理模拟器/ Cooking Simulator
2019-06-10,2019,料理模拟器/ Cooking Simulator | 全面战争模拟器 / Totally Accurate Battle Simulator
2019-06-11,2019,E3
2019-06-12,2019,E3
2019-06-13,2019,E3
2019-06-14,2019,试玩怪物猎人世界DLC冰原 | 试玩无主之地3
2019-06-15,2019,
2019-06-16,2019,心灵砒霜161期 | 邮件17
2019-06-17,2019,作业疯了
2019-06-18,2019,封神演义Day19 | 疑案追声DLC/ Unheard DLC
2019-06-19,2019,揍击派对/ PummelParty
2019-06-20,2019,全面战争模拟器 / Totally Accurate Battle Simulator
2019-06-21,2019,东方驾考模拟器/ Chinese Driving License Test
2019-06-22,2019,光遇/Sky | 节奏海拉鲁/Cadence of Hyrule
2019-06-23,2019,心灵砒霜162期 | 邮件17
2019-06-24,2019,节奏海拉鲁/Cadence of Hyrule
2019-06-25,2019,唱歌 | 圣书物语/ Ray Bibbia
2019-06-26,2019,我的朋友佩德罗/ My Friend Pedro
2019-06-27,2019,
2019-06-28,2019,硬核机甲/ HARDCORE MECHA
2019-06-29,2019,非常英雄/ UnrulyHeroes
2019-06-30,2019,唱歌 | 心灵砒霜163期 | 邮件14
2019-07-01,2019,请假
2019-07-02,2019,BOSSGARD
2019-07-03,2019,我的朋友佩德罗/ My Friend Pedro | 风暴追逐者/ Storm Chasers | 节奏乒乓/ Lofi Ping Pong
2019-07-04,2019,唱歌 | 人类:一败涂地 MOD / Human: Fall Flat | 辐射:避难所Online
2019-07-05,2019,荒野潜伏者/ Stay Silent VR | 百战天虫W.M.D
2019-07-06,2019,请假
2019-07-07,2019,封神演义Day20 | 心灵砒霜164期 | 邮件20
2019-07-08,2019,看动画 | 游戏：拣爱 | 小林正雪复仇之密室
2019-07-09,2019,八面体/ Octahedron | 斗歌大会
2019-07-10,2019,中午的天空/ Sky Noon | 人类:一败涂地 MOD / Human: Fall Flat | 权利的游戏-凛冬将至
2019-07-11,2019,
2019-07-12,2019,北境之地/ Northgard
2019-07-13,2019,请假
2019-07-14,2019,心灵砒霜165期 | 邮件28
2019-07-15,2019,请假
2019-07-16,2019,请假
2019-07-17,2019,斗鱼上市
2019-07-18,2019,请假
2019-07-19,2019,请假
2019-07-20,2019,斗歌大会
2019-07-21,2019,斗歌大会
2019-07-22,2019,心灵砒霜166期 | 邮件21
2019-07-23,2019,地痞街区/ Streets of Rogue
2019-07-24,2019,2020东京奥运会/ Olympic Games Tokyo 2020 The Official Video Game
2019-07-25,2019,休息
2019-07-26,2019,2020东京奥运会/ Olympic Games Tokyo 2020 The Official Video Game
2019-07-27,2019,唱歌 | 月圆之夜/ Night of Full Moon | 哆啦A梦：大雄的牧场物语/ Doraemon Nobita no Bokujou Monogatari
2019-07-28,2019,心灵砒霜167期 | 邮件24
2019-07-29,2019,斗歌大会
2019-07-30,2019,哆啦A梦：大雄的牧场物语/ Doraemon Nobita no Bokujou Monogatari
2019-07-31,2019,
2019-08-01,2019,ChinaJoy索尼展前发布会-转播
2019-08-02,2019,ChinaJoy展
2019-08-03,2019,
2019-08-04,2019,心灵砒霜168期 | 邮件23
2019-08-05,2019,哆啦A梦：大雄的牧场物语/ Doraemon Nobita no Bokujou Monogatari
2019-08-06,2019,哆啦A梦：大雄的牧场物语/ Doraemon Nobita no Bokujou Monogatari
2019-08-07,2019,跳跃之王/ Jump King
2019-08-08,2019,游敦煌
2019-08-09,2019,
2019-08-10,2019,观看回收火箭发射
2019-08-11,2019,
2019-08-12,2019,挑战麦迪篮球活动
2019-08-13,2019,哆啦A梦：大雄的牧场物语/ Doraemon Nobita no Bokujou Monogatari | 斗歌大会
2019-08-14,2019,跳跃之王/ Jump King
2019-08-15,2019,疑案追声中元节特别篇/ Unheard DLC 2 | 哆啦A梦：大雄的牧场物语/ Doraemon Nobita no Bokujou Monogatari
2019-08-16,2019,唱歌 | 跳跃之王/ Jump King
2019-08-17,2019,DARQ | 哆啦A梦：大雄的牧场物语/ Doraemon Nobita no Bokujou Monogatari
2019-08-18,2019,心灵砒霜169期 | 邮件31
2019-08-19,2019,哆啦A梦：大雄的牧场物语/ Doraemon Nobita no Bokujou Monogatari
2019-08-20,2019,哆啦A梦：大雄的牧场物语/ Doraemon Nobita no Bokujou Monogatari
2019-08-21,2019,遗迹:灰烬重生/ Remnant: From the Ashes
2019-08-22,2019,休息
2019-08-23,2019,遗迹:灰烬重生/ Remnant: From the Ashes
2019-08-24,2019,遗迹:灰烬重生/ Remnant: From the Ashes
2019-08-25,2019,心灵砒霜170期 | 邮件17
2019-08-26,2019,控制/ Control
2019-08-27,2019,控制/ Control
2019-08-28,2019,遗迹:灰烬重生/ Remnant: From the Ashes
2019-08-29,2019,Heave Ho | 境界灵压对决
2019-08-30,2019,休假
2019-08-31,2019,休假
2019-09-01,2019,休假
2019-09-02,2019,休假
2019-09-03,2019,Heave Ho
2019-09-04,2019,哆啦A梦：大雄的牧场物语/ Doraemon Nobita no Bokujou Monogatari
2019-09-05,2019,哆啦A梦：大雄的牧场物语/ Doraemon Nobita no Bokujou Monogatari
2019-09-06,2019,魔兽世界怀旧服156 | 骰子地下城/ dicey dungeon | 口袋服装店/ Pocket Clothier
2019-09-07,2019,
2019-09-08,2019,
2019-09-09,2019,心灵砒霜171期 | 邮件21
2019-09-10,2019,怪物猎人世界DLC冰原
2019-09-11,2019,怪物猎人世界DLC冰原
2019-09-12,2019,怪物猎人世界DLC冰原
2019-09-13,2019,怪物猎人世界DLC冰原
2019-09-14,2019,怪物猎人世界DLC冰原
2019-09-15,2019,心灵砒霜172期 | 邮件22
2019-09-16,2019,怪物猎人世界DLC冰原
2019-09-17,2019,怪物猎人世界DLC冰原
2019-09-18,2019,怪物猎人世界DLC冰原 | 被囚禁的掌心
2019-09-19,2019,休息
2019-09-20,2019,塞尔达传说：织梦岛/ The Legend of Zelda: Link's Awakening | ゼルダの伝说 梦をみる岛
2019-09-21,2019,塞尔达传说：织梦岛/ The Legend of Zelda: Link's Awakening
2019-09-22,2019,心灵砒霜173期 | 邮件21
2019-09-23,2019,塞尔达传说：织梦岛/ The Legend of Zelda: Link's Awakening
2019-09-24,2019,唱歌 | 塞尔达传说：织梦岛/ The Legend of Zelda: Link's Awakening
2019-09-25,2019,短途徒步旅行/ A Short Hike
2019-09-26,2019,休息
2019-09-27,2019,动物园之星/ Planet Zoo
2019-09-28,2019,丛林地狱/ Green Hell
2019-09-29,2019,丛林地狱/ Green Hell
2019-09-30,2019,丛林地狱/ Green Hell
2019-10-01,2019,丛林地狱/ Green Hell
2019-10-02,2019,休息
2019-10-03,2019,动物园之星/ Planet Zoo
2019-10-04,2019,动物园之星/ Planet Zoo
2019-10-05,2019,休息
2019-10-06,2019,心灵砒霜174期 | 邮件25
2019-10-07,2019,动物园之星/ Planet Zoo
2019-10-08,2019,
2019-10-09,2019,三位一体 4:梦魇王子/ Trine 4: The Nightmare Prince | 朝圣者/ Pilgrims
2019-10-10,2019,三位一体 4:梦魇王子/ Trine 4: The Nightmare Prince
2019-10-11,2019,三位一体 4:梦魇王子/ Trine 4: The Nightmare Prince
2019-10-12,2019,第三只眼/ 3rdeye
2019-10-13,2019,心灵砒霜175期 | 邮件20
2019-10-14,2019,
2019-10-15,2019,骑士之旅/ A Knight’s Quest | 时光之帽/ A Hat in Time
2019-10-16,2019,大圣归来首发
2019-10-17,2019,牧场物语-重聚矿石镇
2019-10-18,2019,健身环大冒险/ Ring Fit Adventure | 牧场物语-重聚矿石镇 | 魔法门英雄无敌：王朝
2019-10-19,2019,牧场物语-重聚矿石镇
2019-10-20,2019,牧场物语-重聚矿石镇
2019-10-21,2019,牧场物语-重聚矿石镇
2019-10-22,2019,牧场物语-重聚矿石镇
2019-10-23,2019,牧场物语-重聚矿石镇 | 第二银河
2019-10-24,2019,休息
2019-10-25,2019,牧场物语-重聚矿石镇
2019-10-26,2019,大富翁10
2019-10-27,2019,心灵砒霜176期 | 邮件15
2019-10-28,2019,请假
2019-10-29,2019,请假
2019-10-30,2019,请假
2019-10-31,2019,路易吉洋馆3/ Luigi’s Mansion 3
2019-11-01,2019,马里奥和索尼克在东京奥运会 | 多多自走棋
2019-11-02,2019,搬家
2019-11-03,2019,心灵砒霜177期 | 邮件13
2019-11-04,2019,路易吉洋馆3/ Luigi’s Mansion 3
2019-11-05,2019,路易吉洋馆3/ Luigi’s Mansion 3
2019-11-06,2019,路易吉洋馆3/ Luigi’s Mansion 3
2019-11-07,2019,明日之后第二季 | 左边
2019-11-08,2019,死亡搁浅/ Death Stranding | 失落城堡
2019-11-09,2019,明日之后第二季122 | 死亡搁浅/ Death Stranding
2019-11-10,2019,心灵砒霜178期 | 邮件14 | 魔兽世界
2019-11-11,2019,死亡搁浅/ Death Stranding
2019-11-12,2019,死亡搁浅/ Death Stranding
2019-11-13,2019,死亡搁浅/ Death Stranding
2019-11-14,2019,
2019-11-15,2019,死亡搁浅/ Death Stranding
2019-11-16,2019,回家喝喜酒
2019-11-17,2019,心灵砒霜179期 | 邮件19
2019-11-18,2019,
2019-11-19,2019,死亡搁浅/ Death Stranding
2019-11-20,2019,我们一起来过/ We Were Here Together
2019-11-21,2019,我们一起来过/ We Were Here Together | 人类:一败涂地/ Human: Fall Flat | 魔兽RPG地图：面包罐头
2019-11-22,2019,缠结塔/ Tangle Tower
2019-11-23,2019,
2019-11-24,2019,怪物猎人狩猎季比赛
2019-11-25,2019,
2019-11-26,2019,缠结塔/ Tangle Tower
2019-11-27,2019,
2019-11-28,2019,
2019-11-29,2019,农夫王朝/ Farmer's Dynasty
2019-11-30,2019,壁中精灵/ Concrete Genie
2019-12-01,2019,心灵砒霜180期 | 邮件24
2019-12-02,2019,担架拍档/ The Stretchers
2019-12-03,2019,姐弟聊天
2019-12-04,2019,任天堂NS国行发布会
2019-12-05,2019,莫塔之子/ Children of Morta
2019-12-06,2019,莫塔之子/ Children of Morta
2019-12-07,2019,
2019-12-08,2019,心灵砒霜181期 | 邮件19
2019-12-09,2019,唱歌 | 最长的电影
2019-12-10,2019,飞向月球:财富/ Deliver Us The Moon: Fortuna | 安静
2019-12-11,2019,木筏/ Raft | 梦一场
2019-12-12,2019,流星
2019-12-13,2019,木筏/ Raft
2019-12-14,2019,
2019-12-15,2019,心灵砒霜182期 | 邮件15
2019-12-16,2019,跳跃之王番外/Jump King DLC
2019-12-17,2019,跳跃之王番外/Jump King DLC
2019-12-18,2019,木筏/ Raft
2019-12-19,2019,
2019-12-20,2019,感受冬季/ FeelTheSnow | Ashen
2019-12-21,2019,Ashen
2019-12-22,2019,心灵砒霜183期 | 邮件22 | 梦幻西游三维版
2019-12-23,2019,
2019-12-24,2019,Ashen
2019-12-25,2019,动物园之星/ Planet Zoo
2019-12-26,2019,
2019-12-27,2019,脑锻炼Switch
2019-12-28,2019,《魔兽争霸3》RPG：矿洞生存
2019-12-29,2019,心灵砒霜184期 | 邮件14
2019-12-30,2019,
2019-12-31,2019,跨年
