rank,tier,archive_entry,date,type,title,surviving_sources,source_status,full_recording_exists,archive_has_only_fragment,historical_value,loss_risk,recommended_action
1,A1,2010-05-10-video-01,2010-05-10,video,【女流】小游戏也可以很暴力。。。第一弹,v.youku.com/v_show/id_XMTcxNzY2Mjg4.html（original/dead）,来源全部失效,否,—,她最早的原创视频（2010～2014 优酷时代）,已失,无公开录像：网盘与征集线索见 lost-recordings-inventory.csv；不再在已枚举的账号里重复找
2,A1,2013-09-04-video-01,2013-09-04,video,【女流】进击的巨人同人游戏【巨人の猎手】试玩解说,v.youku.com/v_show/id_XNjA1MDcxMTQ0.html（original/dead）,来源全部失效,否,—,她最早的原创视频（2010～2014 优酷时代）,已失,无公开录像：网盘与征集线索见 lost-recordings-inventory.csv；不再在已枚举的账号里重复找
3,A1,2015-01-26-live-01,2015-01-26,live,I Wanna（版本未定）,—,无任何公开来源,否,—,斗鱼首年（2015）,已失,无公开录像：网盘与征集线索见 lost-recordings-inventory.csv；不再在已枚举的账号里重复找
4,A1,2015-02-11-live-01,2015-02-11,live,水友赛+2点半Braid时空幻境,—,无任何公开来源,否,—,斗鱼首年（2015）,已失,无公开录像：网盘与征集线索见 lost-recordings-inventory.csv；不再在已枚举的账号里重复找
5,A1,2015-03-19-live-01,2015-03-19,live,我是谁？,—,无任何公开来源,否,—,斗鱼首年（2015）,已失,无公开录像：网盘与征集线索见 lost-recordings-inventory.csv；不再在已枚举的账号里重复找
6,A1,2015-03-20-live-01,2015-03-20,live,我是谁？,—,无任何公开来源,否,—,斗鱼首年（2015）,已失,无公开录像：网盘与征集线索见 lost-recordings-inventory.csv；不再在已枚举的账号里重复找
7,A1,2015-03-23-live-01,2015-03-23,live,我是谁？,—,无任何公开来源,否,—,斗鱼首年（2015）,已失,无公开录像：网盘与征集线索见 lost-recordings-inventory.csv；不再在已枚举的账号里重复找
8,A1,2015-03-30-live-01,2015-03-30,live,GTA5,—,无任何公开来源,否,—,斗鱼首年（2015）,已失,无公开录像：网盘与征集线索见 lost-recordings-inventory.csv；不再在已枚举的账号里重复找
9,A1,2015-04-10-live-01,2015-04-10,live,霸道间谍爱上。。我,—,无任何公开来源,否,—,斗鱼首年（2015）,已失,无公开录像：网盘与征集线索见 lost-recordings-inventory.csv；不再在已枚举的账号里重复找
10,A1,2015-04-20-live-01,2015-04-20,live,小游戏大合集,—,无任何公开来源,否,—,斗鱼首年（2015）,已失,无公开录像：网盘与征集线索见 lost-recordings-inventory.csv；不再在已枚举的账号里重复找
11,A1,2015-04-23-live-01,2015-04-23,live,传送门1,—,无任何公开来源,否,—,斗鱼首年（2015）,已失,无公开录像：网盘与征集线索见 lost-recordings-inventory.csv；不再在已枚举的账号里重复找
12,A1,2015-04-28-live-01,2015-04-28,live,FEZ是一个神奇的游戏,—,无任何公开来源,否,—,斗鱼首年（2015）,已失,无公开录像：网盘与征集线索见 lost-recordings-inventory.csv；不再在已枚举的账号里重复找
13,A1,2015-05-14-live-01,2015-05-14,live,雷曼传奇,—,无任何公开来源,否,—,斗鱼首年（2015）,已失,无公开录像：网盘与征集线索见 lost-recordings-inventory.csv；不再在已枚举的账号里重复找
14,A1,2015-05-21-live-01,2015-05-21,live,直播标题已遗失,—,无任何公开来源,否,—,斗鱼首年（2015）,已失,无公开录像：网盘与征集线索见 lost-recordings-inventory.csv；不再在已枚举的账号里重复找
15,A1,2015-06-04-live-01,2015-06-04,live,直播标题已遗失,—,无任何公开来源,否,—,斗鱼首年（2015）,已失,无公开录像：网盘与征集线索见 lost-recordings-inventory.csv；不再在已枚举的账号里重复找
16,A1,2015-07-09-live-01,2015-07-09,live,肚子还有点儿疼,—,无任何公开来源,否,—,斗鱼首年（2015）,已失,无公开录像：网盘与征集线索见 lost-recordings-inventory.csv；不再在已枚举的账号里重复找
17,A1,2015-07-10-live-01,2015-07-10,live,今天就是要找一只狗,—,无任何公开来源,否,—,斗鱼首年（2015）,已失,无公开录像：网盘与征集线索见 lost-recordings-inventory.csv；不再在已枚举的账号里重复找
18,A1,2015-07-13-live-01,2015-07-13,live,交出你手上的钻石镐,—,无任何公开来源,否,—,斗鱼首年（2015）,已失,无公开录像：网盘与征集线索见 lost-recordings-inventory.csv；不再在已枚举的账号里重复找
19,A1,2015-07-17-live-01,2015-07-17,live,我活着回来了,—,无任何公开来源,否,—,斗鱼首年（2015）,已失,无公开录像：网盘与征集线索见 lost-recordings-inventory.csv；不再在已枚举的账号里重复找
20,A1,2015-08-03-live-01,2015-08-03,live,大周还认不认我这个王,—,无任何公开来源,否,—,斗鱼首年（2015）,已失,无公开录像：网盘与征集线索见 lost-recordings-inventory.csv；不再在已枚举的账号里重复找
21,A1,2015-08-14-live-01,2015-08-14,live,反恐精英Online与我的世界,—,无任何公开来源,否,—,斗鱼首年（2015）,已失,无公开录像：网盘与征集线索见 lost-recordings-inventory.csv；不再在已枚举的账号里重复找
22,A1,2015-08-17-live-01,2015-08-17,live,我想的美,—,无任何公开来源,否,—,斗鱼首年（2015）,已失,无公开录像：网盘与征集线索见 lost-recordings-inventory.csv；不再在已枚举的账号里重复找
23,A1,2015-08-19-live-01,2015-08-19,live,感觉不是很妙,—,无任何公开来源,否,—,斗鱼首年（2015）,已失,无公开录像：网盘与征集线索见 lost-recordings-inventory.csv；不再在已枚举的账号里重复找
24,A1,2015-08-21-live-01,2015-08-21,live,土木工程专业错失人才,—,无任何公开来源,否,—,斗鱼首年（2015）,已失,无公开录像：网盘与征集线索见 lost-recordings-inventory.csv；不再在已枚举的账号里重复找
25,A1,2015-08-27-live-01,2015-08-27,live,PT寂静岭,—,无任何公开来源,否,—,斗鱼首年（2015）,已失,无公开录像：网盘与征集线索见 lost-recordings-inventory.csv；不再在已枚举的账号里重复找
26,A1,2015-08-30-live-01,2015-08-30,live,心灵砒霜,—,无任何公开来源,否,—,斗鱼首年（2015）,已失,无公开录像：网盘与征集线索见 lost-recordings-inventory.csv；不再在已枚举的账号里重复找
27,A1,2015-08-31-live-01,2015-08-31,live,我的世界,—,无任何公开来源,否,—,斗鱼首年（2015）,已失,无公开录像：网盘与征集线索见 lost-recordings-inventory.csv；不再在已枚举的账号里重复找
28,A1,2015-09-02-live-01,2015-09-02,live,药是甜的,—,无任何公开来源,否,—,斗鱼首年（2015）,已失,无公开录像：网盘与征集线索见 lost-recordings-inventory.csv；不再在已枚举的账号里重复找
29,A1,2015-09-03-live-01,2015-09-03,live,我的世界,—,无任何公开来源,否,—,斗鱼首年（2015）,已失,无公开录像：网盘与征集线索见 lost-recordings-inventory.csv；不再在已枚举的账号里重复找
30,A1,2015-09-11-live-01,2015-09-11,live,新作到手：折纸世界,—,无任何公开来源,否,—,斗鱼首年（2015）,已失,无公开录像：网盘与征集线索见 lost-recordings-inventory.csv；不再在已枚举的账号里重复找
31,A1,2015-09-14-live-01,2015-09-14,live,打包行李,—,无任何公开来源,否,—,斗鱼首年（2015）,已失,无公开录像：网盘与征集线索见 lost-recordings-inventory.csv；不再在已枚举的账号里重复找
32,A1,2015-09-16-live-01,2015-09-16,live,户外信号不好直播推迟,—,无任何公开来源,否,—,斗鱼首年（2015）,已失,无公开录像：网盘与征集线索见 lost-recordings-inventory.csv；不再在已枚举的账号里重复找
33,A1,2015-09-21-live-01,2015-09-21,live,公园,—,无任何公开来源,否,—,斗鱼首年（2015）,已失,无公开录像：网盘与征集线索见 lost-recordings-inventory.csv；不再在已枚举的账号里重复找
34,A1,2015-09-27-live-01,2015-09-27,live,心灵砒霜,v.youku.com/v_show/id_XMTM1MDQ1NDE4OA==.html（clip/dead）,来源全部失效,否,—,斗鱼首年（2015）,已失,无公开录像：网盘与征集线索见 lost-recordings-inventory.csv；不再在已枚举的账号里重复找
35,A1,2015-09-28-live-01,2015-09-28,live,直播标题已遗失,—,无任何公开来源,否,—,斗鱼首年（2015）,已失,无公开录像：网盘与征集线索见 lost-recordings-inventory.csv；不再在已枚举的账号里重复找
36,A1,2015-09-29-live-01,2015-09-29,live,旅游照片未整理,—,无任何公开来源,否,—,斗鱼首年（2015）,已失,无公开录像：网盘与征集线索见 lost-recordings-inventory.csv；不再在已枚举的账号里重复找
37,A1,2015-10-03-live-01,2015-10-03,live,18888888888888888888,—,无任何公开来源,否,—,斗鱼首年（2015）,已失,无公开录像：网盘与征集线索见 lost-recordings-inventory.csv；不再在已枚举的账号里重复找
38,A1,2015-10-15-live-01,2015-10-15,live,三娃子拯救世界：dropsy,—,无任何公开来源,否,—,斗鱼首年（2015）,已失,无公开录像：网盘与征集线索见 lost-recordings-inventory.csv；不再在已枚举的账号里重复找
39,A1,2015-10-16-live-01,2015-10-16,live,刚录视频迟到了,—,无任何公开来源,否,—,斗鱼首年（2015）,已失,无公开录像：网盘与征集线索见 lost-recordings-inventory.csv；不再在已枚举的账号里重复找
40,A1,2015-10-19-live-01,2015-10-19,live,以后直播间名就叫66,—,无任何公开来源,否,—,斗鱼首年（2015）,已失,无公开录像：网盘与征集线索见 lost-recordings-inventory.csv；不再在已枚举的账号里重复找
41,A1,2015-10-21-live-01,2015-10-21,live,这是一个伟大的游戏,—,无任何公开来源,否,—,斗鱼首年（2015）,已失,无公开录像：网盘与征集线索见 lost-recordings-inventory.csv；不再在已枚举的账号里重复找
42,A1,2015-10-22-live-01,2015-10-22,live,我的世界,—,无任何公开来源,否,—,斗鱼首年（2015）,已失,无公开录像：网盘与征集线索见 lost-recordings-inventory.csv；不再在已枚举的账号里重复找
43,A1,2015-11-02-live-01,2015-11-02,live,直播标题已遗失,—,无任何公开来源,否,—,斗鱼首年（2015）,已失,无公开录像：网盘与征集线索见 lost-recordings-inventory.csv；不再在已枚举的账号里重复找
44,A1,2015-11-04-live-01,2015-11-04,live,poly bridge更新关卡,—,无任何公开来源,否,—,斗鱼首年（2015）,已失,无公开录像：网盘与征集线索见 lost-recordings-inventory.csv；不再在已枚举的账号里重复找
45,A1,2015-11-05-live-01,2015-11-05,live,我的世界,—,无任何公开来源,否,—,斗鱼首年（2015）,已失,无公开录像：网盘与征集线索见 lost-recordings-inventory.csv；不再在已枚举的账号里重复找
46,A1,2015-11-06-live-01,2015-11-06,live,试玩：不机械城,—,无任何公开来源,否,—,斗鱼首年（2015）,已失,无公开录像：网盘与征集线索见 lost-recordings-inventory.csv；不再在已枚举的账号里重复找
47,A1,2015-11-10-live-01,2015-11-10,live,提醒我每天两关小象露露,—,无任何公开来源,否,—,斗鱼首年（2015）,已失,无公开录像：网盘与征集线索见 lost-recordings-inventory.csv；不再在已枚举的账号里重复找
48,A1,2015-11-11-live-01,2015-11-11,live,直播标题已遗失,—,无任何公开来源,否,—,斗鱼首年（2015）,已失,无公开录像：网盘与征集线索见 lost-recordings-inventory.csv；不再在已枚举的账号里重复找
49,A1,2015-11-12-live-01,2015-11-12,live,直播标题已遗失,—,无任何公开来源,否,—,斗鱼首年（2015）,已失,无公开录像：网盘与征集线索见 lost-recordings-inventory.csv；不再在已枚举的账号里重复找
50,A1,2015-11-17-live-01,2015-11-17,live,直播标题已遗失,—,无任何公开来源,否,—,斗鱼首年（2015）,已失,无公开录像：网盘与征集线索见 lost-recordings-inventory.csv；不再在已枚举的账号里重复找
51,A1,2015-11-18-live-01,2015-11-18,live,距离搬家结束还有十二小时,—,无任何公开来源,否,—,斗鱼首年（2015）,已失,无公开录像：网盘与征集线索见 lost-recordings-inventory.csv；不再在已枚举的账号里重复找
52,A1,2015-11-30-live-01,2015-11-30,live,聊一个小时睡觉,—,无任何公开来源,否,—,斗鱼首年（2015）,已失,无公开录像：网盘与征集线索见 lost-recordings-inventory.csv；不再在已枚举的账号里重复找
53,A1,2015-12-03-live-01,2015-12-03,live,3ds节奏天国,—,无任何公开来源,否,—,斗鱼首年（2015）,已失,无公开录像：网盘与征集线索见 lost-recordings-inventory.csv；不再在已枚举的账号里重复找
54,A1,2015-12-04-live-01,2015-12-04,live,节奏天国,—,无任何公开来源,否,—,斗鱼首年（2015）,已失,无公开录像：网盘与征集线索见 lost-recordings-inventory.csv；不再在已枚举的账号里重复找
55,A1,2015-12-06-live-01,2015-12-06,live,今天会早点下,—,无任何公开来源,否,—,斗鱼首年（2015）,已失,无公开录像：网盘与征集线索见 lost-recordings-inventory.csv；不再在已枚举的账号里重复找
56,A1,2015-12-08-live-01,2015-12-08,live,节奏天国,—,无任何公开来源,否,—,斗鱼首年（2015）,已失,无公开录像：网盘与征集线索见 lost-recordings-inventory.csv；不再在已枚举的账号里重复找
57,A1,2015-12-11-live-01,2015-12-11,live,女流发姐逛故宫,v.youku.com/v_show/id_XMTQxMDA0ODQ1Ng==.html（reupload/dead）,来源全部失效,否,—,斗鱼首年（2015）,已失,无公开录像：网盘与征集线索见 lost-recordings-inventory.csv；不再在已枚举的账号里重复找
58,A1,2015-12-15-live-01,2015-12-15,live,路易鬼屋是个好游戏,—,无任何公开来源,否,—,斗鱼首年（2015）,已失,无公开录像：网盘与征集线索见 lost-recordings-inventory.csv；不再在已枚举的账号里重复找
59,A1,2015-12-17-live-01,2015-12-17,live,今天下午4点播,—,无任何公开来源,否,—,斗鱼首年（2015）,已失,无公开录像：网盘与征集线索见 lost-recordings-inventory.csv；不再在已枚举的账号里重复找
60,A1,2015-12-23-live-01,2015-12-23,live,任天堂3ds路易鬼屋,—,无任何公开来源,否,—,斗鱼首年（2015）,已失,无公开录像：网盘与征集线索见 lost-recordings-inventory.csv；不再在已枚举的账号里重复找
61,A1,2015-12-25-live-01,2015-12-25,live,圣诞节直播（模仿各主播）,—,无任何公开来源,否,—,斗鱼首年（2015）,已失,无公开录像：网盘与征集线索见 lost-recordings-inventory.csv；不再在已枚举的账号里重复找
62,A1,2015-12-29-live-01,2015-12-29,live,直播标题已遗失,—,无任何公开来源,否,—,斗鱼首年（2015）,已失,无公开录像：网盘与征集线索见 lost-recordings-inventory.csv；不再在已枚举的账号里重复找
63,A2,2010-05-08-video-01,2010-05-08,video,【女流】小型单机游戏之迷画之塔,v.youku.com/v_show/id_XMTcxMzcyMjAw.html（original/dead）；bilibili.com/video/BV1rW411y7cc（clip/alive）,只有片段,否,是,她最早的原创视频（2010～2014 优酷时代）,高,只有片段：完整录像只可能在失效网盘或私人存档，列入征集
64,A2,2010-05-09-video-01,2010-05-09,video,【女流】迷你单机游戏之 阿扎达经典系列第二部,v.youku.com/v_show/id_XMTcxNjU2Mzk2.html（original/alive）,只剩一个易失来源,是（仅单一来源）,否,她最早的原创视频（2010～2014 优酷时代）,高,只在她本人优酷号：优酷已对首作加密、随时可能下架——给页面做 Wayback 存档，在 B站/A站 找搬运镜像，元数据已入库
65,A2,2010-05-10-video-02,2010-05-10,video,【女流】小游戏也可以很暴力。。。第二弹,v.youku.com/v_show/id_XMTcxOTM5NzEy.html（original/alive）,只剩一个易失来源,是（仅单一来源）,否,她最早的原创视频（2010～2014 优酷时代）,高,只在她本人优酷号：优酷已对首作加密、随时可能下架——给页面做 Wayback 存档，在 B站/A站 找搬运镜像，元数据已入库
66,A2,2010-05-11-video-01,2010-05-11,video,【星探】系列1攻略视频,v.youku.com/v_show/id_XMTcyMTI2MDU2.html（original/alive）,只剩一个易失来源,是（仅单一来源）,否,她最早的原创视频（2010～2014 优酷时代）,高,只在她本人优酷号：优酷已对首作加密、随时可能下架——给页面做 Wayback 存档，在 B站/A站 找搬运镜像，元数据已入库
67,A2,2010-05-11-video-02,2010-05-11,video,【星探】系列2攻略视频,v.youku.com/v_show/id_XMTcyMTU5NzYw.html（original/alive）,只剩一个易失来源,是（仅单一来源）,否,她最早的原创视频（2010～2014 优酷时代）,高,只在她本人优酷号：优酷已对首作加密、随时可能下架——给页面做 Wayback 存档，在 B站/A站 找搬运镜像，元数据已入库
68,A2,2010-05-11-video-03,2010-05-11,video,【星探】系列5攻略视频,v.youku.com/v_show/id_XMTcyMTY2MTky.html（original/alive）,只剩一个易失来源,是（仅单一来源）,否,她最早的原创视频（2010～2014 优酷时代）,高,只在她本人优酷号：优酷已对首作加密、随时可能下架——给页面做 Wayback 存档，在 B站/A站 找搬运镜像，元数据已入库
69,A2,2010-05-12-video-01,2010-05-12,video,【星探】系列3攻略视频,v.youku.com/v_show/id_XMTcyMzA2NTY4.html（original/alive）,只剩一个易失来源,是（仅单一来源）,否,她最早的原创视频（2010～2014 优酷时代）,高,只在她本人优酷号：优酷已对首作加密、随时可能下架——给页面做 Wayback 存档，在 B站/A站 找搬运镜像，元数据已入库
70,A2,2010-05-12-video-02,2010-05-12,video,【星探】系列4攻略视频,v.youku.com/v_show/id_XMTcyMzIzNDQ0.html（original/alive）,只剩一个易失来源,是（仅单一来源）,否,她最早的原创视频（2010～2014 优酷时代）,高,只在她本人优酷号：优酷已对首作加密、随时可能下架——给页面做 Wayback 存档，在 B站/A站 找搬运镜像，元数据已入库
71,A2,2010-05-12-video-03,2010-05-12,video,解谜类【Full Pipe】又名管道冒险通关攻略讲解Part 1,v.youku.com/v_show/id_XMTcyMzgyODk2.html（original/alive）,只剩一个易失来源,是（仅单一来源）,否,她最早的原创视频（2010～2014 优酷时代）,高,只在她本人优酷号：优酷已对首作加密、随时可能下架——给页面做 Wayback 存档，在 B站/A站 找搬运镜像，元数据已入库
72,A2,2010-05-12-video-04,2010-05-12,video,解谜类【Full Pipe】（又名管道冒险）通关攻略讲解Part2,v.youku.com/v_show/id_XMTcyNDEyNzky.html（original/alive）,只剩一个易失来源,是（仅单一来源）,否,她最早的原创视频（2010～2014 优酷时代）,高,只在她本人优酷号：优酷已对首作加密、随时可能下架——给页面做 Wayback 存档，在 B站/A站 找搬运镜像，元数据已入库
73,A2,2010-05-12-video-05,2010-05-12,video,解密类【Full Pipe】又名管道冒险通关攻略Part 3,v.youku.com/v_show/id_XMTcyNDQ2ODE2.html（original/alive）,只剩一个易失来源,是（仅单一来源）,否,她最早的原创视频（2010～2014 优酷时代）,高,只在她本人优酷号：优酷已对首作加密、随时可能下架——给页面做 Wayback 存档，在 B站/A站 找搬运镜像，元数据已入库
74,A2,2010-05-12-video-06,2010-05-12,video,解谜类【Full Pipe】又名管道冒险通关攻略视频Part4,v.youku.com/v_show/id_XMTcyNDYzMzY4.html（original/alive）,只剩一个易失来源,是（仅单一来源）,否,她最早的原创视频（2010～2014 优酷时代）,高,只在她本人优酷号：优酷已对首作加密、随时可能下架——给页面做 Wayback 存档，在 B站/A站 找搬运镜像，元数据已入库
75,A2,2010-05-13-video-01,2010-05-13,video,【女流】Music in Motion ，音乐害死人呀。。,v.youku.com/v_show/id_XMTcyNjIxNDMy.html（original/alive）,只剩一个易失来源,是（仅单一来源）,否,她最早的原创视频（2010～2014 优酷时代）,高,只在她本人优酷号：优酷已对首作加密、随时可能下架——给页面做 Wayback 存档，在 B站/A站 找搬运镜像，元数据已入库
76,A2,2010-05-13-video-02,2010-05-13,video,【女流】只有一关的过关游戏，This is The Only Level 攻略,v.youku.com/v_show/id_XMTcyNjc3NTEy.html（original/alive）,只剩一个易失来源,是（仅单一来源）,否,她最早的原创视频（2010～2014 优酷时代）,高,只在她本人优酷号：优酷已对首作加密、随时可能下架——给页面做 Wayback 存档，在 B站/A站 找搬运镜像，元数据已入库
77,A2,2010-05-14-video-01,2010-05-14,video,【女流】还是只有这一关，This is the only level too 攻略,v.youku.com/v_show/id_XMTcyODY3MDQw.html（original/alive）,只剩一个易失来源,是（仅单一来源）,否,她最早的原创视频（2010～2014 优酷时代）,高,只在她本人优酷号：优酷已对首作加密、随时可能下架——给页面做 Wayback 存档，在 B站/A站 找搬运镜像，元数据已入库
78,A2,2010-05-16-video-01,2010-05-16,video,【女流】动作类游戏女流也可以通关，奇迹,v.youku.com/v_show/id_XMTczMzM2NTYw.html（original/alive）,只剩一个易失来源,是（仅单一来源）,否,她最早的原创视频（2010～2014 优酷时代）,高,只在她本人优酷号：优酷已对首作加密、随时可能下架——给页面做 Wayback 存档，在 B站/A站 找搬运镜像，元数据已入库
79,A2,2010-05-18-video-01,2010-05-18,video,【女流】十大雷人小游戏排行榜,v.youku.com/v_show/id_XMTc0MDYwMjY4.html（original/alive）,只剩一个易失来源,是（仅单一来源）,否,她最早的原创视频（2010～2014 优酷时代）,高,只在她本人优酷号：优酷已对首作加密、随时可能下架——给页面做 Wayback 存档，在 B站/A站 找搬运镜像，元数据已入库
80,A2,2010-05-29-video-01,2010-05-29,video,【女流】有只鸡，叫舞优,v.youku.com/v_show/id_XMTc2Nzk5NzQ4.html（original/alive）,只剩一个易失来源,是（仅单一来源）,否,她最早的原创视频（2010～2014 优酷时代）,高,只在她本人优酷号：优酷已对首作加密、随时可能下架——给页面做 Wayback 存档，在 B站/A站 找搬运镜像，元数据已入库
81,A2,2010-06-01-video-01,2010-06-01,video,认认真真解说小游戏【测试类日本篇】,v.youku.com/v_show/id_XMTc3ODY4OTAw.html（original/alive）,只剩一个易失来源,是（仅单一来源）,否,她最早的原创视频（2010～2014 优酷时代）,高,只在她本人优酷号：优酷已对首作加密、随时可能下架——给页面做 Wayback 存档，在 B站/A站 找搬运镜像，元数据已入库
82,A2,2010-06-05-video-01,2010-06-05,video,【女流】超级玛丽在小游戏界的各种遭遇,v.youku.com/v_show/id_XMTc5MDY3MzI4.html（original/alive）,只剩一个易失来源,是（仅单一来源）,否,她最早的原创视频（2010～2014 优酷时代）,高,只在她本人优酷号：优酷已对首作加密、随时可能下架——给页面做 Wayback 存档，在 B站/A站 找搬运镜像，元数据已入库
83,A2,2010-06-09-video-01,2010-06-09,video,《安琪拉之歌》全剧情流程解说Part 1,v.youku.com/v_show/id_XMTgwMjA1Nzg0.html（original/alive）,只剩一个易失来源,是（仅单一来源）,否,她最早的原创视频（2010～2014 优酷时代）,高,只在她本人优酷号：优酷已对首作加密、随时可能下架——给页面做 Wayback 存档，在 B站/A站 找搬运镜像，元数据已入库
84,A2,2010-06-13-video-01,2010-06-13,video,群星璀璨，怒骂怒骂,v.youku.com/v_show/id_XMTgxMjgyODcy.html（original/alive）,只剩一个易失来源,是（仅单一来源）,否,她最早的原创视频（2010～2014 优酷时代）,高,只在她本人优酷号：优酷已对首作加密、随时可能下架——给页面做 Wayback 存档，在 B站/A站 找搬运镜像，元数据已入库
85,A2,2010-06-16-video-01,2010-06-16,video,《安琪拉之歌》全剧情流程解说Part 2（Boss2Boss3）,v.youku.com/v_show/id_XMTgyMDcxMzU2.html（original/alive）,只剩一个易失来源,是（仅单一来源）,否,她最早的原创视频（2010～2014 优酷时代）,高,只在她本人优酷号：优酷已对首作加密、随时可能下架——给页面做 Wayback 存档，在 B站/A站 找搬运镜像，元数据已入库
86,A2,2010-06-21-video-01,2010-06-21,video,女流忠告！心脏不好的千万别看。。。。,v.youku.com/v_show/id_XMTgzMzQ5MTcy.html（original/alive）,只剩一个易失来源,是（仅单一来源）,否,她最早的原创视频（2010～2014 优酷时代）,高,只在她本人优酷号：优酷已对首作加密、随时可能下架——给页面做 Wayback 存档，在 B站/A站 找搬运镜像，元数据已入库
87,A2,2010-06-27-video-02,2010-06-27,video,应景世界杯----足球小游戏三部曲,v.youku.com/v_show/id_XMTg0OTYwMzYw.html（original/alive）,只剩一个易失来源,是（仅单一来源）,否,她最早的原创视频（2010～2014 优酷时代）,高,只在她本人优酷号：优酷已对首作加密、随时可能下架——给页面做 Wayback 存档，在 B站/A站 找搬运镜像，元数据已入库
88,A2,2010-06-27-video-01,2010-06-27,video,欢乐呀欢乐！欧洲超人气在线合作小游戏试玩解说,v.youku.com/v_show/id_XMTg1MTAwMjI0.html（original/alive）,只剩一个易失来源,是（仅单一来源）,否,她最早的原创视频（2010～2014 优酷时代）,高,只在她本人优酷号：优酷已对首作加密、随时可能下架——给页面做 Wayback 存档，在 B站/A站 找搬运镜像，元数据已入库
89,A2,2010-06-29-video-01,2010-06-29,video,【女流】囧死人的破游戏---向无数以分享乐趣为动力的小游戏制作者致敬,v.youku.com/v_show/id_XMTg1MzkwMzc2.html（original/alive）,只剩一个易失来源,是（仅单一来源）,否,她最早的原创视频（2010～2014 优酷时代）,高,只在她本人优酷号：优酷已对首作加密、随时可能下架——给页面做 Wayback 存档，在 B站/A站 找搬运镜像，元数据已入库
90,A2,2010-06-30-video-01,2010-06-30,video,【女流】变态人生大冒险,v.youku.com/v_show/id_XMTg1ODIxMjM2.html（original/alive）,只剩一个易失来源,是（仅单一来源）,否,她最早的原创视频（2010～2014 优酷时代）,高,只在她本人优酷号：优酷已对首作加密、随时可能下架——给页面做 Wayback 存档，在 B站/A站 找搬运镜像，元数据已入库
91,A2,2010-07-03-video-01,2010-07-03,video,【女流】想知道他的长相吗？来输入名字吧！,v.youku.com/v_show/id_XMTg2NjU5NzEy.html（original/alive）,只剩一个易失来源,是（仅单一来源）,否,她最早的原创视频（2010～2014 优酷时代）,高,只在她本人优酷号：优酷已对首作加密、随时可能下架——给页面做 Wayback 存档，在 B站/A站 找搬运镜像，元数据已入库
92,A2,2010-07-07-video-01,2010-07-07,video,【女流】国内多人在线小游戏----我画你猜,v.youku.com/v_show/id_XMTg3NzIzNTc2.html（original/alive）,只剩一个易失来源,是（仅单一来源）,否,她最早的原创视频（2010～2014 优酷时代）,高,只在她本人优酷号：优酷已对首作加密、随时可能下架——给页面做 Wayback 存档，在 B站/A站 找搬运镜像，元数据已入库
93,A2,2010-07-09-video-01,2010-07-09,video,是时候发泄怨念了,v.youku.com/v_show/id_XMTg4MzczNDAw.html（original/alive）,只剩一个易失来源,是（仅单一来源）,否,她最早的原创视频（2010～2014 优酷时代）,高,只在她本人优酷号：优酷已对首作加密、随时可能下架——给页面做 Wayback 存档，在 B站/A站 找搬运镜像，元数据已入库
94,A2,2010-07-11-video-01,2010-07-11,video,GBA晚期神作之一【节奏天国A版】试玩解说,v.youku.com/v_show/id_XMTg4ODQxMzcy.html（original/alive）,只剩一个易失来源,是（仅单一来源）,否,她最早的原创视频（2010～2014 优酷时代）,高,只在她本人优酷号：优酷已对首作加密、随时可能下架——给页面做 Wayback 存档，在 B站/A站 找搬运镜像，元数据已入库
95,A2,2010-07-15-video-01,2010-07-15,video,【女流】心灵故事【灵魂魔术师】（又名独自为伴） 解说,v.youku.com/v_show/id_XMTg5OTYwNTE2.html（original/alive）,只剩一个易失来源,是（仅单一来源）,否,她最早的原创视频（2010～2014 优酷时代）,高,只在她本人优酷号：优酷已对首作加密、随时可能下架——给页面做 Wayback 存档，在 B站/A站 找搬运镜像，元数据已入库
96,A2,2010-07-22-video-01,2010-07-22,video,【经典回顾】小婴儿逃脱系列2解说,v.youku.com/v_show/id_XMTkxNjU0NDMy.html（original/alive）,只剩一个易失来源,是（仅单一来源）,否,她最早的原创视频（2010～2014 优酷时代）,高,只在她本人优酷号：优酷已对首作加密、随时可能下架——给页面做 Wayback 存档，在 B站/A站 找搬运镜像，元数据已入库
97,A2,2010-07-24-video-01,2010-07-24,video,女流小游戏视频录制教学,v.youku.com/v_show/id_XMTkyMTkyNDE2.html（original/alive）,只剩一个易失来源,是（仅单一来源）,否,她最早的原创视频（2010～2014 优酷时代）,高,只在她本人优酷号：优酷已对首作加密、随时可能下架——给页面做 Wayback 存档，在 B站/A站 找搬运镜像，元数据已入库
98,A2,2010-07-29-video-01,2010-07-29,video,【女流】真伪笑容大判断,v.youku.com/v_show/id_XMTkzNTk2OTM2.html（original/alive）,只剩一个易失来源,是（仅单一来源）,否,她最早的原创视频（2010～2014 优酷时代）,高,只在她本人优酷号：优酷已对首作加密、随时可能下架——给页面做 Wayback 存档，在 B站/A站 找搬运镜像，元数据已入库
99,A2,2010-08-03-video-01,2010-08-03,video,【女流】魔术师之梦（The Illusionist's Dream）解说,v.youku.com/v_show/id_XMTk0ODI1MDEy.html（original/alive）,只剩一个易失来源,是（仅单一来源）,否,她最早的原创视频（2010～2014 优酷时代）,高,只在她本人优酷号：优酷已对首作加密、随时可能下架——给页面做 Wayback 存档，在 B站/A站 找搬运镜像，元数据已入库
100,A2,2010-09-09-video-01,2010-09-09,video,萝卜白菜，各有所爱,v.youku.com/v_show/id_XMjA0OTMwOTk2.html（original/alive）,只剩一个易失来源,是（仅单一来源）,否,她最早的原创视频（2010～2014 优酷时代）,高,只在她本人优酷号：优酷已对首作加密、随时可能下架——给页面做 Wayback 存档，在 B站/A站 找搬运镜像，元数据已入库
101,A2,2010-09-19-video-01,2010-09-19,video,【女流】爱丽丝之死全系列解说,v.youku.com/v_show/id_XMjA3NjU0NDE2.html（original/alive）,只剩一个易失来源,是（仅单一来源）,否,她最早的原创视频（2010～2014 优酷时代）,高,只在她本人优酷号：优酷已对首作加密、随时可能下架——给页面做 Wayback 存档，在 B站/A站 找搬运镜像，元数据已入库
102,A2,2010-10-05-video-01,2010-10-05,video,【女流】不择手段【唤醒盒子2】试玩,v.youku.com/v_show/id_XMjExOTQ1NDY4.html（original/alive）,只剩一个易失来源,是（仅单一来源）,否,她最早的原创视频（2010～2014 优酷时代）,高,只在她本人优酷号：优酷已对首作加密、随时可能下架——给页面做 Wayback 存档，在 B站/A站 找搬运镜像，元数据已入库
103,A2,2010-12-02-video-01,2010-12-02,video,【特别剪辑】纪念那些没能跟大家见面的小游戏录像,v.youku.com/v_show/id_XMjI2NzA4Njc2.html（original/alive）,只剩一个易失来源,是（仅单一来源）,否,她最早的原创视频（2010～2014 优酷时代）,高,只在她本人优酷号：优酷已对首作加密、随时可能下架——给页面做 Wayback 存档，在 B站/A站 找搬运镜像，元数据已入库
104,A2,2012-05-20-video-01,2012-05-20,video,【女流】我来小填个坑儿【安琪拉之歌】全剧情流程3（Boss4）,v.youku.com/v_show/id_XMzk5NjE3NjI0.html（original/alive）,只剩一个易失来源,是（仅单一来源）,否,她最早的原创视频（2010～2014 优酷时代）,高,只在她本人优酷号：优酷已对首作加密、随时可能下架——给页面做 Wayback 存档，在 B站/A站 找搬运镜像，元数据已入库
105,A2,2012-05-24-video-01,2012-05-24,video,【hyun310＆女流】安琪拉之歌全剧情流程解说4（3宝物）,v.youku.com/v_show/id_XNDAxNzU1MzE2.html（original/alive）,只剩一个易失来源,是（仅单一来源）,否,她最早的原创视频（2010～2014 优酷时代）,高,只在她本人优酷号：优酷已对首作加密、随时可能下架——给页面做 Wayback 存档，在 B站/A站 找搬运镜像，元数据已入库
106,A2,2012-05-31-video-01,2012-05-31,video,【女流】儿童节送小羊回家,v.youku.com/v_show/id_XNDA1NzE4OTA0.html（original/alive）,只剩一个易失来源,是（仅单一来源）,否,她最早的原创视频（2010～2014 优酷时代）,高,只在她本人优酷号：优酷已对首作加密、随时可能下架——给页面做 Wayback 存档，在 B站/A站 找搬运镜像，元数据已入库
107,A2,2012-08-26-video-01,2012-08-26,video,【女流】唤醒盒子4试玩解说,v.youku.com/v_show/id_XNDQzNTY0MDky.html（original/alive）,只剩一个易失来源,是（仅单一来源）,否,她最早的原创视频（2010～2014 优酷时代）,高,只在她本人优酷号：优酷已对首作加密、随时可能下架——给页面做 Wayback 存档，在 B站/A站 找搬运镜像，元数据已入库
108,A2,2013-07-16-video-01,2013-07-16,video,【女流】大叔的末日骑行,v.youku.com/v_show/id_XNTgzNzcxNTcy.html（original/alive）,只剩一个易失来源,是（仅单一来源）,否,她最早的原创视频（2010～2014 优酷时代）,高,只在她本人优酷号：优酷已对首作加密、随时可能下架——给页面做 Wayback 存档，在 B站/A站 找搬运镜像，元数据已入库
109,A2,2013-08-29-video-01,2013-08-29,video,【女流】拆！系列拆键盘攻略解说,v.youku.com/v_show/id_XNjAyNTgwODU2.html（original/alive）,只剩一个易失来源,是（仅单一来源）,否,她最早的原创视频（2010～2014 优酷时代）,高,只在她本人优酷号：优酷已对首作加密、随时可能下架——给页面做 Wayback 存档，在 B站/A站 找搬运镜像，元数据已入库
110,A2,2013-09-13-video-01,2013-09-13,video,【女流】Journey 风之旅人全流程赏析Part 1,v.youku.com/v_show/id_XNjA4NDc0Mzg0.html（original/alive）,只剩一个易失来源,是（仅单一来源）,否,她最早的原创视频（2010～2014 优酷时代）,高,只在她本人优酷号：优酷已对首作加密、随时可能下架——给页面做 Wayback 存档，在 B站/A站 找搬运镜像，元数据已入库
111,A2,2013-09-25-video-01,2013-09-25,video,【女流】Journey 风之旅人全流程赏析Part 2,v.youku.com/v_show/id_XNjEzMjI2ODI0.html（original/alive）,只剩一个易失来源,是（仅单一来源）,否,她最早的原创视频（2010～2014 优酷时代）,高,只在她本人优酷号：优酷已对首作加密、随时可能下架——给页面做 Wayback 存档，在 B站/A站 找搬运镜像，元数据已入库
112,A2,2013-09-30-video-01,2013-09-30,video,【女流】Journey 风之旅人全流程赏析Part 3大结局,v.youku.com/v_show/id_XNjE1Mzg2OTMy.html（original/alive）,只剩一个易失来源,是（仅单一来源）,否,她最早的原创视频（2010～2014 优酷时代）,高,只在她本人优酷号：优酷已对首作加密、随时可能下架——给页面做 Wayback 存档，在 B站/A站 找搬运镜像，元数据已入库
113,A2,2013-10-18-video-01,2013-10-18,video,【女流】自从玩了小游戏，妈妈再也不用担心我的厨艺（误）！,v.youku.com/v_show/id_XNjIzMTYxMTY0.html（original/alive）,只剩一个易失来源,是（仅单一来源）,否,她最早的原创视频（2010～2014 优酷时代）,高,只在她本人优酷号：优酷已对首作加密、随时可能下架——给页面做 Wayback 存档，在 B站/A站 找搬运镜像，元数据已入库
114,A2,2013-10-20-video-01,2013-10-20,video,【女流】小游戏实况：小红球闯关RedBall4,v.youku.com/v_show/id_XNjIzNzgwNzUy.html（original/alive）,只剩一个易失来源,是（仅单一来源）,否,她最早的原创视频（2010～2014 优酷时代）,高,只在她本人优酷号：优酷已对首作加密、随时可能下架——给页面做 Wayback 存档，在 B站/A站 找搬运镜像，元数据已入库
115,A2,2013-11-02-video-01,2013-11-02,video,【女流】Enough Plumbers 2很多马里奥试玩解说,v.youku.com/v_show/id_XNjI5Mjk1NDgw.html（original/alive）,只剩一个易失来源,是（仅单一来源）,否,她最早的原创视频（2010～2014 优酷时代）,高,只在她本人优酷号：优酷已对首作加密、随时可能下架——给页面做 Wayback 存档，在 B站/A站 找搬运镜像，元数据已入库
116,A2,2013-11-09-video-01,2013-11-09,video,【女流】不可信的肉眼：Naya's Quest试玩解说,v.youku.com/v_show/id_XNjMyMzc3Nzg0.html（original/alive）,只剩一个易失来源,是（仅单一来源）,否,她最早的原创视频（2010～2014 优酷时代）,高,只在她本人优酷号：优酷已对首作加密、随时可能下架——给页面做 Wayback 存档，在 B站/A站 找搬运镜像，元数据已入库
117,A2,2013-11-18-video-01,2013-11-18,video,【女流】被这款游戏彻底打败了,v.youku.com/v_show/id_XNjM2NDM4NDY0.html（original/alive）,只剩一个易失来源,是（仅单一来源）,否,她最早的原创视频（2010～2014 优酷时代）,高,只在她本人优酷号：优酷已对首作加密、随时可能下架——给页面做 Wayback 存档，在 B站/A站 找搬运镜像，元数据已入库
118,A2,2013-11-22-video-01,2013-11-22,video,【女流】又送小羊回家Home Sheep Home 2,v.youku.com/v_show/id_XNjM4Mjc3ODg4.html（original/alive）,只剩一个易失来源,是（仅单一来源）,否,她最早的原创视频（2010～2014 优酷时代）,高,只在她本人优酷号：优酷已对首作加密、随时可能下架——给页面做 Wayback 存档，在 B站/A站 找搬运镜像，元数据已入库
119,A2,2013-11-30-video-01,2013-11-30,video,【女流】遇上话痨就要开外挂【危险的蝎子】The Scorpion Box解说,v.youku.com/v_show/id_XNjQxNzMxNzMy.html（original/alive）,只剩一个易失来源,是（仅单一来源）,否,她最早的原创视频（2010～2014 优酷时代）,高,只在她本人优酷号：优酷已对首作加密、随时可能下架——给页面做 Wayback 存档，在 B站/A站 找搬运镜像，元数据已入库
120,A2,2013-12-09-video-01,2013-12-09,video,【女流】下海做贼难自弃-the very organized thief解说,v.youku.com/v_show/id_XNjQ1OTY2MTI0.html（original/alive）,只剩一个易失来源,是（仅单一来源）,否,她最早的原创视频（2010～2014 优酷时代）,高,只在她本人优酷号：优酷已对首作加密、随时可能下架——给页面做 Wayback 存档，在 B站/A站 找搬运镜像，元数据已入库
121,A2,2013-12-13-video-01,2013-12-13,video,【女流】关于救赎Persist【坚持】解说,v.youku.com/v_show/id_XNjQ3NjI5MjYw.html（original/alive）,只剩一个易失来源,是（仅单一来源）,否,她最早的原创视频（2010～2014 优酷时代）,高,只在她本人优酷号：优酷已对首作加密、随时可能下架——给页面做 Wayback 存档，在 B站/A站 找搬运镜像，元数据已入库
122,A2,2013-12-19-video-01,2013-12-19,video,【女流】圣诞夜跑酷SANTA RUN 2试玩解说,v.youku.com/v_show/id_XNjUwNDcyMTQw.html（original/alive）,只剩一个易失来源,是（仅单一来源）,否,她最早的原创视频（2010～2014 优酷时代）,高,只在她本人优酷号：优酷已对首作加密、随时可能下架——给页面做 Wayback 存档，在 B站/A站 找搬运镜像，元数据已入库
123,A2,2014-01-06-video-01,2014-01-06,video,【女流】玩了这个整个人都不好了The Impossible Quiz 2,v.youku.com/v_show/id_XNjU4MzM5MTM2.html（original/alive）,只剩一个易失来源,是（仅单一来源）,否,她最早的原创视频（2010～2014 优酷时代）,高,只在她本人优酷号：优酷已对首作加密、随时可能下架——给页面做 Wayback 存档，在 B站/A站 找搬运镜像，元数据已入库
124,A2,2014-01-23-video-01,2014-01-23,video,【女流】世界名画知多少？Famous Painting Parodies 2 解说,v.youku.com/v_show/id_XNjY1MTkwOTAw.html（original/alive）,只剩一个易失来源,是（仅单一来源）,否,她最早的原创视频（2010～2014 优酷时代）,高,只在她本人优酷号：优酷已对首作加密、随时可能下架——给页面做 Wayback 存档，在 B站/A站 找搬运镜像，元数据已入库
125,A2,2014-02-25-video-01,2014-02-25,video,【女流】被玩坏了的FLAPPY BIRD,v.youku.com/v_show/id_XNjc3Njk1NTE2.html（original/alive）,只剩一个易失来源,是（仅单一来源）,否,她最早的原创视频（2010～2014 优酷时代）,高,只在她本人优酷号：优酷已对首作加密、随时可能下架——给页面做 Wayback 存档，在 B站/A站 找搬运镜像，元数据已入库
126,A2,2014-07-27-video-01,2014-07-27,video,【女流】CSonline机甲斗兽模式试玩解说,v.youku.com/v_show/id_XNzQ3MDE3OTcy.html（original/alive）,只剩一个易失来源,是（仅单一来源）,否,她最早的原创视频（2010～2014 优酷时代）,高,只在她本人优酷号：优酷已对首作加密、随时可能下架——给页面做 Wayback 存档，在 B站/A站 找搬运镜像，元数据已入库
127,A2,2014-09-10-video-01,2014-09-10,video,【女流】安琪拉之歌全剧情流程Part5,v.youku.com/v_show/id_XNzc4NTY1ODM2.html（original/alive）,只剩一个易失来源,是（仅单一来源）,否,她最早的原创视频（2010～2014 优酷时代）,高,只在她本人优酷号：优酷已对首作加密、随时可能下架——给页面做 Wayback 存档，在 B站/A站 找搬运镜像，元数据已入库
128,A2,2014-09-12-video-01,2014-09-12,video,【女流】升职加薪也是分分钟的事儿[Corporate Climber]解说,v.youku.com/v_show/id_XNzgwNDUzMDYw.html（original/alive）,只剩一个易失来源,是（仅单一来源）,否,她最早的原创视频（2010～2014 优酷时代）,高,只在她本人优酷号：优酷已对首作加密、随时可能下架——给页面做 Wayback 存档，在 B站/A站 找搬运镜像，元数据已入库
129,A2,2014-09-19-video-01,2014-09-19,video,[游戏新作]奇幻大陆的勇士Phoenitopia试玩Part1,v.youku.com/v_show/id_XNzg1ODQ4ODIw.html（original/alive）,只剩一个易失来源,是（仅单一来源）,否,她最早的原创视频（2010～2014 优酷时代）,高,只在她本人优酷号：优酷已对首作加密、随时可能下架——给页面做 Wayback 存档，在 B站/A站 找搬运镜像，元数据已入库
130,A2,2014-10-09-video-01,2014-10-09,video,【女流】不玩也爱看：挑战RAP植物大战僵尸,v.youku.com/v_show/id_XODAwMDQwMTg4.html（original/alive）,只剩一个易失来源,是（仅单一来源）,否,她最早的原创视频（2010～2014 优酷时代）,高,只在她本人优酷号：优酷已对首作加密、随时可能下架——给页面做 Wayback 存档，在 B站/A站 找搬运镜像，元数据已入库
131,A2,2014-10-17-video-01,2014-10-17,video,【不玩也爱看】女流：愤怒的小鸟背后感人至深的秘密,v.youku.com/v_show/id_XODA1MTQyMDE2.html（original/alive）,只剩一个易失来源,是（仅单一来源）,否,她最早的原创视频（2010～2014 优酷时代）,高,只在她本人优酷号：优酷已对首作加密、随时可能下架——给页面做 Wayback 存档，在 B站/A站 找搬运镜像，元数据已入库
132,A2,2014-10-24-video-01,2014-10-24,video,[女流]我的世界漂流记-不玩也爱看,v.youku.com/v_show/id_XODEwMzQyNDYw.html（original/alive）,只剩一个易失来源,是（仅单一来源）,否,她最早的原创视频（2010～2014 优酷时代）,高,只在她本人优酷号：优酷已对首作加密、随时可能下架——给页面做 Wayback 存档，在 B站/A站 找搬运镜像，元数据已入库
133,A2,2014-11-02-video-01,2014-11-02,video,【不玩也爱看】女流给这个游戏跪了,v.youku.com/v_show/id_XODE2OTgzMTI4.html（original/alive）,只剩一个易失来源,是（仅单一来源）,否,她最早的原创视频（2010～2014 优酷时代）,高,只在她本人优酷号：优酷已对首作加密、随时可能下架——给页面做 Wayback 存档，在 B站/A站 找搬运镜像，元数据已入库
134,A2,2014-11-08-video-01,2014-11-08,video,[不玩也爱看]还原魂斗罗剧情 年代记实况part1,v.youku.com/v_show/id_XODIyNTU3MzU2.html（original/alive）,只剩一个易失来源,是（仅单一来源）,否,她最早的原创视频（2010～2014 优酷时代）,高,只在她本人优酷号：优酷已对首作加密、随时可能下架——给页面做 Wayback 存档，在 B站/A站 找搬运镜像，元数据已入库
135,A2,2014-11-14-video-01,2014-11-14,video,【女流】不玩也爱看第10期：忍者神龟大挑战 年代记Part 2,v.youku.com/v_show/id_XODI2Njg3MzIw.html（original/alive）,只剩一个易失来源,是（仅单一来源）,否,她最早的原创视频（2010～2014 优酷时代）,高,只在她本人优酷号：优酷已对首作加密、随时可能下架——给页面做 Wayback 存档，在 B站/A站 找搬运镜像，元数据已入库
136,A2,2014-11-21-video-01,2014-11-21,video,【优质电玩】*光之子*全剧情流程解说Part1,v.youku.com/v_show/id_XODMxODY5ODEy.html（original/alive）,只剩一个易失来源,是（仅单一来源）,否,她最早的原创视频（2010～2014 优酷时代）,高,只在她本人优酷号：优酷已对首作加密、随时可能下架——给页面做 Wayback 存档，在 B站/A站 找搬运镜像，元数据已入库
137,A2,2014-11-26-video-01,2014-11-26,video,《不玩也爱看》第14期：女流解说光之子全剧情流程Part2,v.youku.com/v_show/id_XODM1Mjg4MTA4.html（original/alive）,只剩一个易失来源,是（仅单一来源）,否,她最早的原创视频（2010～2014 优酷时代）,高,只在她本人优酷号：优酷已对首作加密、随时可能下架——给页面做 Wayback 存档，在 B站/A站 找搬运镜像，元数据已入库
138,A2,2014-11-26-video-02,2014-11-26,video,【女流】Perdition*灭亡*试玩解说,v.youku.com/v_show/id_XODM1MTMyMTM2.html（original/alive）,只剩一个易失来源,是（仅单一来源）,否,她最早的原创视频（2010～2014 优酷时代）,高,只在她本人优酷号：优酷已对首作加密、随时可能下架——给页面做 Wayback 存档，在 B站/A站 找搬运镜像，元数据已入库
139,A2,2014-12-01-video-01,2014-12-01,video,【女流】谋杀篡位之后的安稳生活,v.youku.com/v_show/id_XODM5MTgyNjM2.html（original/alive）,只剩一个易失来源,是（仅单一来源）,否,她最早的原创视频（2010～2014 优酷时代）,高,只在她本人优酷号：优酷已对首作加密、随时可能下架——给页面做 Wayback 存档，在 B站/A站 找搬运镜像，元数据已入库
140,A2,2014-12-06-video-01,2014-12-06,video,【女流】光之子全剧情解说Part4,v.youku.com/v_show/id_XODQyNzY5NzQ4.html（original/alive）,只剩一个易失来源,是（仅单一来源）,否,她最早的原创视频（2010～2014 优酷时代）,高,只在她本人优酷号：优酷已对首作加密、随时可能下架——给页面做 Wayback 存档，在 B站/A站 找搬运镜像，元数据已入库
141,A2,2014-12-08-video-01,2014-12-08,video,【萨曼莎赢了】那些根本走不出的伤痛,v.youku.com/v_show/id_XODQ0MTA5OTQ4.html（original/alive）,只剩一个易失来源,是（仅单一来源）,否,她最早的原创视频（2010～2014 优酷时代）,高,只在她本人优酷号：优酷已对首作加密、随时可能下架——给页面做 Wayback 存档，在 B站/A站 找搬运镜像，元数据已入库
142,A2,2014-12-10-video-01,2014-12-10,video,【女流】光之子全剧情流程Part 3,v.youku.com/v_show/id_XODQ1Nzc5NjA4.html（original/alive）,只剩一个易失来源,是（仅单一来源）,否,她最早的原创视频（2010～2014 优酷时代）,高,只在她本人优酷号：优酷已对首作加密、随时可能下架——给页面做 Wayback 存档，在 B站/A站 找搬运镜像，元数据已入库
143,A2,2014-12-14-video-01,2014-12-14,video,权力斗争下的童话世界---光之子全流程Part5,v.youku.com/v_show/id_XODQ4NDkzNTQ4.html（original/alive）,只剩一个易失来源,是（仅单一来源）,否,她最早的原创视频（2010～2014 优酷时代）,高,只在她本人优酷号：优酷已对首作加密、随时可能下架——给页面做 Wayback 存档，在 B站/A站 找搬运镜像，元数据已入库
144,A2,2014-12-16-video-01,2014-12-16,video,【女流】光之子全剧情流程解说Part6,v.youku.com/v_show/id_XODUwMDAwODcy.html（original/alive）,只剩一个易失来源,是（仅单一来源）,否,她最早的原创视频（2010～2014 优酷时代）,高,只在她本人优酷号：优酷已对首作加密、随时可能下架——给页面做 Wayback 存档，在 B站/A站 找搬运镜像，元数据已入库
145,A2,2014-12-16-video-02,2014-12-16,video,【女流】黑客是怎样炼成的[Mu Complex]解说,v.youku.com/v_show/id_XODQ5NzYyMjMy.html（original/alive）,只剩一个易失来源,是（仅单一来源）,否,她最早的原创视频（2010～2014 优酷时代）,高,只在她本人优酷号：优酷已对首作加密、随时可能下架——给页面做 Wayback 存档，在 B站/A站 找搬运镜像，元数据已入库
146,A2,2014-12-24-video-01,2014-12-24,video,【女流】圣诞斗元首,v.youku.com/v_show/id_XODU1ODQ2MTky.html（original/alive）,只剩一个易失来源,是（仅单一来源）,否,她最早的原创视频（2010～2014 优酷时代）,高,只在她本人优酷号：优酷已对首作加密、随时可能下架——给页面做 Wayback 存档，在 B站/A站 找搬运镜像，元数据已入库
147,A2,2014-12-25-video-01,2014-12-25,video,【女流】光之子全剧情流程解说大结局,v.youku.com/v_show/id_XODU2Mzg1NDE2.html（original/alive）,只剩一个易失来源,是（仅单一来源）,否,她最早的原创视频（2010～2014 优酷时代）,高,只在她本人优酷号：优酷已对首作加密、随时可能下架——给页面做 Wayback 存档，在 B站/A站 找搬运镜像，元数据已入库
148,A2,2015-01-09-video-01,2015-01-09,video,【女流】小小大星球试玩解说,v.youku.com/v_show/id_XODcxODczNjI4.html（original/alive）,只剩一个易失来源,是（仅单一来源）,否,斗鱼首年（2015）,高,只在她本人优酷号：优酷已对首作加密、随时可能下架——给页面做 Wayback 存档，在 B站/A站 找搬运镜像，元数据已入库
149,A2,2015-01-18-video-01,2015-01-18,video,【女流】小小大星球3探索之旅,v.youku.com/v_show/id_XODc3MTM3Nzc2.html（original/alive）,只剩一个易失来源,是（仅单一来源）,否,斗鱼首年（2015）,高,只在她本人优酷号：优酷已对首作加密、随时可能下架——给页面做 Wayback 存档，在 B站/A站 找搬运镜像，元数据已入库
150,A2,2015-01-22-live-01,2015-01-22,live,女流的小游戏时间,acfun.cn/v/ac1694027（replay/alive/acfun-douyu-recordhall）,只剩一个易失来源,是（仅单一来源）,否,斗鱼首年（2015）,高,只剩 A站：找 B站 镜像
151,A2,2015-01-23-video-01,2015-01-23,video,【女流】大金刚热带雨林勇斗马达加斯加企鹅,v.youku.com/v_show/id_XODc4ODM0NDY4.html（original/alive）,只剩一个易失来源,是（仅单一来源）,否,斗鱼首年（2015）,高,只在她本人优酷号：优酷已对首作加密、随时可能下架——给页面做 Wayback 存档，在 B站/A站 找搬运镜像，元数据已入库
152,A2,2015-01-23-live-01,2015-01-23,live,女流之萌音加节奏,acfun.cn/v/ac1696480（replay/alive/acfun-douyu-recordhall）,只剩一个易失来源,是（仅单一来源）,否,斗鱼首年（2015）,高,只剩 A站：找 B站 镜像
153,A2,2015-01-30-live-01,2015-01-30,live,直播标题已遗失,v.youku.com/v_show/id_XODgzNzgxNzky.html（replay/alive）,只剩一个易失来源,是（仅单一来源）,否,斗鱼首年（2015）,高,只在她本人优酷号：优酷已对首作加密、随时可能下架——给页面做 Wayback 存档，在 B站/A站 找搬运镜像，元数据已入库
154,A2,2015-02-02-live-01,2015-02-02,live,女流的第一千次死亡,acfun.cn/v/ac1719337（replay/alive/acfun-douyu-recordhall）,只剩一个易失来源,是（仅单一来源）,否,斗鱼首年（2015）,高,只剩 A站：找 B站 镜像
155,A2,2015-02-10-live-01,2015-02-10,live,女流又来直播跳舞了,acfun.cn/v/ac1762715（replay/alive/acfun-douyu-recordhall）,只剩一个易失来源,是（仅单一来源）,否,斗鱼首年（2015）,高,只剩 A站：找 B站 镜像
156,A2,2015-03-25-live-01,2015-03-25,live,港版PS4开箱,acfun.cn/v/ac1816049（replay/alive/acfun-douyu-recordhall）,只剩一个易失来源,是（仅单一来源）,否,斗鱼首年（2015）,高,只剩 A站：找 B站 镜像
157,A2,2015-06-26-live-01,2015-06-26,live,蝙蝠侠：阿卡姆骑士（开局）,acfun.cn/v/ac2007546（replay/alive/acfun-douyu-recordhall）,只剩一个易失来源,是（仅单一来源）,否,斗鱼首年（2015）,高,只剩 A站：找 B站 镜像
158,A2,2015-06-27-live-01,2015-06-27,live,蝙蝠侠：阿卡姆骑士,bilibili.com/video/BV1vZ4y1c7ND（replay/alive）,只剩一个易失来源,是（仅单一来源）,否,斗鱼首年（2015）,高,只剩单个非官方搬运：找第二个镜像
159,A2,2015-06-29-live-01,2015-06-29,live,逃脱方块：哈维的盒子,acfun.cn/v/ac1996935（replay/alive/acfun-douyu-recordhall）,只剩一个易失来源,是（仅单一来源）,否,斗鱼首年（2015）,高,只剩 A站：找 B站 镜像
160,A2,2015-07-04-live-01,2015-07-04,live,鱼塘星音乐 第三轮第三场 女流&超级小桀,acfun.cn/v/ac2012193（replay/alive/acfun-douyu-recordhall）,只剩一个易失来源,是（仅单一来源）,否,斗鱼首年（2015）,高,只剩 A站：找 B站 镜像
161,A2,2015-07-06-live-01,2015-07-06,live,造完飞机去找狗,acfun.cn/v/ac2010055（clip/alive）,只有片段,否,是,斗鱼首年（2015）,高,只有片段：完整录像只可能在失效网盘或私人存档，列入征集
162,A2,2015-07-28-live-01,2015-07-28,live,第一届女流杯建筑大赛,v.youku.com/v_show/id_XMTI5NzY4MjU4NA==.html（replay/alive/youku-official）,只剩一个易失来源,是（仅单一来源）,否,斗鱼首年（2015）,高,只在她本人优酷号：优酷已对首作加密、随时可能下架——给页面做 Wayback 存档，在 B站/A站 找搬运镜像，元数据已入库
163,A2,2015-08-04-live-01,2015-08-04,live,科隆游戏展 微软发布会,acfun.cn/v/ac2074580（replay/alive/acfun-douyu-recordhall）,只剩一个易失来源,是（仅单一来源）,否,斗鱼首年（2015）,高,只剩 A站：找 B站 镜像
164,A2,2015-08-12-live-01,2015-08-12,live,物理满分 不服来辩 Poly Bridge,acfun.cn/v/ac2095682（replay/alive/acfun-douyu-recordhall）,只剩一个易失来源,是（仅单一来源）,否,斗鱼首年（2015）,高,只剩 A站：找 B站 镜像
165,A2,2015-08-18-video-01,2015-08-18,video,【女流】HER STORY ★她的故事★全剧情流程赏析Part 2,v.youku.com/v_show/id_XMTMxMjc1NDcwNA==.html（original/alive）,只剩一个易失来源,是（仅单一来源）,否,斗鱼首年（2015）,高,只在她本人优酷号：优酷已对首作加密、随时可能下架——给页面做 Wayback 存档，在 B站/A站 找搬运镜像，元数据已入库
166,A2,2015-09-07-video-01,2015-09-07,video,【女流】HER STORY ★她的故事★全剧情流程赏析Part 4（完结）,v.youku.com/v_show/id_XMTMyOTg0NjgxNg==.html（original/alive）,只剩一个易失来源,是（仅单一来源）,否,斗鱼首年（2015）,高,只在她本人优酷号：优酷已对首作加密、随时可能下架——给页面做 Wayback 存档，在 B站/A站 找搬运镜像，元数据已入库
167,A2,2015-09-09-live-02,2015-09-09,live,锈湖：磨坊、橙光小游戏,acfun.cn/v/ac2188498（replay/alive）,只剩一个易失来源,是（仅单一来源）,否,斗鱼首年（2015）,高,只剩 A站：找 B站 镜像
168,A2,2015-10-09-live-01,2015-10-09,live,第五届女流杯建筑大赛,v.youku.com/v_show/id_XMTM2NTYxODQ2MA==.html（replay/alive/youku-official）,只剩一个易失来源,是（仅单一来源）,否,斗鱼首年（2015）,高,只在她本人优酷号：优酷已对首作加密、随时可能下架——给页面做 Wayback 存档，在 B站/A站 找搬运镜像，元数据已入库
169,A2,2015-11-16-live-01,2015-11-16,live,女流贴吧歌友会,acfun.cn/v/ac2368861（replay/alive/acfun-douyu-recordhall）,只剩一个易失来源,是（仅单一来源）,否,斗鱼首年（2015）,高,只剩 A站：找 B站 镜像
170,A2,2015-11-25-live-01,2015-11-25,live,古墓丽影10：崛起,acfun.cn/v/ac2353769（replay/alive/acfun-douyu-recordhall）,只剩一个易失来源,是（仅单一来源）,否,斗鱼首年（2015）,高,只剩 A站：找 B站 镜像
171,A2,2015-12-07-live-01,2015-12-07,live,《节奏天国》治好多年颈椎病,v.youku.com/v_show/id_XMTQwNzczOTk2MA==.html（replay/alive/youku-official）,只剩一个易失来源,是（仅单一来源）,否,斗鱼首年（2015）,高,只在她本人优酷号：优酷已对首作加密、随时可能下架——给页面做 Wayback 存档，在 B站/A站 找搬运镜像，元数据已入库
172,A2,2015-12-24-live-01,2015-12-24,live,MC圣诞建筑大赛（女流作品打分视角）,acfun.cn/v/ac2434832（replay/alive/acfun-douyu-recordhall）,只剩一个易失来源,是（仅单一来源）,否,斗鱼首年（2015）,高,只剩 A站：找 B站 镜像
173,B1,2016-01-06-live-01,2016-01-06,live,来吧来吧撸一棵树,—,无任何公开来源,否,—,斗鱼早期（2016～2017）,已失,无公开录像：网盘与征集线索见 lost-recordings-inventory.csv；不再在已枚举的账号里重复找
174,B1,2016-01-07-live-01,2016-01-07,live,Besiege 12月更新版,—,无任何公开来源,否,—,斗鱼早期（2016～2017）,已失,无公开录像：网盘与征集线索见 lost-recordings-inventory.csv；不再在已枚举的账号里重复找
175,B1,2016-01-08-live-01,2016-01-08,live,逆转裁判,—,无任何公开来源,否,—,斗鱼早期（2016～2017）,已失,无公开录像：网盘与征集线索见 lost-recordings-inventory.csv；不再在已枚举的账号里重复找
176,B1,2016-01-12-live-01,2016-01-12,live,Poly Bridge,—,无任何公开来源,否,—,斗鱼早期（2016～2017）,已失,无公开录像：网盘与征集线索见 lost-recordings-inventory.csv；不再在已枚举的账号里重复找
177,B1,2016-01-19-live-01,2016-01-19,live,Poly Bridge 最终关,—,无任何公开来源,否,—,斗鱼早期（2016～2017）,已失,无公开录像：网盘与征集线索见 lost-recordings-inventory.csv；不再在已枚举的账号里重复找
178,B1,2016-01-22-live-01,2016-01-22,live,Slime Rancher,—,无任何公开来源,否,—,斗鱼早期（2016～2017）,已失,无公开录像：网盘与征集线索见 lost-recordings-inventory.csv；不再在已枚举的账号里重复找
179,B1,2016-01-26-live-01,2016-01-26,live,Poly Bridge,—,无任何公开来源,否,—,斗鱼早期（2016～2017）,已失,无公开录像：网盘与征集线索见 lost-recordings-inventory.csv；不再在已枚举的账号里重复找
180,B1,2016-01-27-live-01,2016-01-27,live,BOXBOY!,—,无任何公开来源,否,—,斗鱼早期（2016～2017）,已失,无公开录像：网盘与征集线索见 lost-recordings-inventory.csv；不再在已枚举的账号里重复找
181,B1,2016-02-01-live-01,2016-02-01,live,塞尔达三角力量试水,—,无任何公开来源,否,—,斗鱼早期（2016～2017）,已失,无公开录像：网盘与征集线索见 lost-recordings-inventory.csv；不再在已枚举的账号里重复找
182,B1,2016-02-17-live-01,2016-02-17,live,火影忍者究极风暴4,—,无任何公开来源,否,—,斗鱼早期（2016～2017）,已失,无公开录像：网盘与征集线索见 lost-recordings-inventory.csv；不再在已枚举的账号里重复找
183,B1,2016-02-18-live-01,2016-02-18,live,火影忍者究极风暴4,—,无任何公开来源,否,—,斗鱼早期（2016～2017）,已失,无公开录像：网盘与征集线索见 lost-recordings-inventory.csv；不再在已枚举的账号里重复找
184,B1,2016-02-23-live-01,2016-02-23,live,Minecraft 水星生存日记,—,无任何公开来源,否,—,斗鱼早期（2016～2017）,已失,无公开录像：网盘与征集线索见 lost-recordings-inventory.csv；不再在已枚举的账号里重复找
185,B1,2016-02-25-live-01,2016-02-25,live,极地战嚎：野蛮纪源,—,无任何公开来源,否,—,斗鱼早期（2016～2017）,已失,无公开录像：网盘与征集线索见 lost-recordings-inventory.csv；不再在已枚举的账号里重复找
186,B1,2016-02-26-live-01,2016-02-26,live,休息一下。。。。,—,无任何公开来源,否,—,斗鱼早期（2016～2017）,已失,无公开录像：网盘与征集线索见 lost-recordings-inventory.csv；不再在已枚举的账号里重复找
187,B1,2016-02-28-live-01,2016-02-28,live,休息一下。。。。,—,无任何公开来源,否,—,斗鱼早期（2016～2017）,已失,无公开录像：网盘与征集线索见 lost-recordings-inventory.csv；不再在已枚举的账号里重复找
188,B1,2016-03-02-live-01,2016-03-02,live,逆袭之星途闪耀 3月1号更新章,—,无任何公开来源,否,—,斗鱼早期（2016～2017）,已失,无公开录像：网盘与征集线索见 lost-recordings-inventory.csv；不再在已枚举的账号里重复找
189,B1,2016-03-04-live-01,2016-03-04,live,Minecraft 1.8.8（B站 MC 主题建筑擂台赛）,—,无任何公开来源,否,—,斗鱼早期（2016～2017）,已失,无公开录像：网盘与征集线索见 lost-recordings-inventory.csv；不再在已枚举的账号里重复找
190,B1,2016-04-04-live-01,2016-04-04,live,异星工厂 & SUPERHOT,—,无任何公开来源,否,—,斗鱼早期（2016～2017）,已失,无公开录像：网盘与征集线索见 lost-recordings-inventory.csv；不再在已枚举的账号里重复找
191,B1,2016-04-05-live-01,2016-04-05,live,HunieCam Studio,—,无任何公开来源,否,—,斗鱼早期（2016～2017）,已失,无公开录像：网盘与征集线索见 lost-recordings-inventory.csv；不再在已枚举的账号里重复找
192,B1,2016-04-06-live-01,2016-04-06,live,逆转裁判5,—,无任何公开来源,否,—,斗鱼早期（2016～2017）,已失,无公开录像：网盘与征集线索见 lost-recordings-inventory.csv；不再在已枚举的账号里重复找
193,B1,2016-04-07-live-01,2016-04-07,live,逆转裁判5,—,无任何公开来源,否,—,斗鱼早期（2016～2017）,已失,无公开录像：网盘与征集线索见 lost-recordings-inventory.csv；不再在已枚举的账号里重复找
194,B1,2016-04-08-live-01,2016-04-08,live,逆转裁判5 第二章结局,—,无任何公开来源,否,—,斗鱼早期（2016～2017）,已失,无公开录像：网盘与征集线索见 lost-recordings-inventory.csv；不再在已枚举的账号里重复找
195,B1,2016-04-11-live-01,2016-04-11,live,传送门2,—,无任何公开来源,否,—,斗鱼早期（2016～2017）,已失,无公开录像：网盘与征集线索见 lost-recordings-inventory.csv；不再在已枚举的账号里重复找
196,B1,2016-04-12-live-01,2016-04-12,live,锈湖：剧院（Rusty Lake Theatre）,—,无任何公开来源,否,—,斗鱼早期（2016～2017）,已失,无公开录像：网盘与征集线索见 lost-recordings-inventory.csv；不再在已枚举的账号里重复找
197,B1,2016-04-18-live-01,2016-04-18,live,逆转裁判5（3DS）,—,无任何公开来源,否,—,斗鱼早期（2016～2017）,已失,无公开录像：网盘与征集线索见 lost-recordings-inventory.csv；不再在已枚举的账号里重复找
198,B1,2016-04-19-live-01,2016-04-19,live,逆转裁判5,—,无任何公开来源,否,—,斗鱼早期（2016～2017）,已失,无公开录像：网盘与征集线索见 lost-recordings-inventory.csv；不再在已枚举的账号里重复找
199,B1,2016-07-11-live-01,2016-07-11,live,黎明杀机,—,无任何公开来源,否,—,斗鱼早期（2016～2017）,已失,无公开录像：网盘与征集线索见 lost-recordings-inventory.csv；不再在已枚举的账号里重复找
200,B1,2016-10-10-live-01,2016-10-10,live,LISA,—,无任何公开来源,否,—,斗鱼早期（2016～2017）,已失,无公开录像：网盘与征集线索见 lost-recordings-inventory.csv；不再在已枚举的账号里重复找
201,B1,2016-10-11-live-01,2016-10-11,live,LISA,—,无任何公开来源,否,—,斗鱼早期（2016～2017）,已失,无公开录像：网盘与征集线索见 lost-recordings-inventory.csv；不再在已枚举的账号里重复找
202,B1,2016-12-15-live-01,2016-12-15,live,LISA 第三部 The Joyful,—,无任何公开来源,否,—,斗鱼早期（2016～2017）,已失,无公开录像：网盘与征集线索见 lost-recordings-inventory.csv；不再在已枚举的账号里重复找
203,B1,2017-01-14-live-01,2017-01-14,live,返校,—,无任何公开来源,否,—,斗鱼早期（2016～2017）,已失,无公开录像：网盘与征集线索见 lost-recordings-inventory.csv；不再在已枚举的账号里重复找
204,B1,2017-07-14-live-01,2017-07-14,live,幼儿园 Kindergarten,—,无任何公开来源,否,—,斗鱼早期（2016～2017）,已失,无公开录像：网盘与征集线索见 lost-recordings-inventory.csv；不再在已枚举的账号里重复找
205,B1,2017-08-18-live-01,2017-08-18,live,我的世界 minecraft 1.12,—,无任何公开来源,否,—,斗鱼早期（2016～2017）,已失,无公开录像：网盘与征集线索见 lost-recordings-inventory.csv；不再在已枚举的账号里重复找
206,B2,2016-01-11-live-01,2016-01-11,live,Poly Bridge 11月更新最新关卡,acfun.cn/v/ac2454741（replay/alive/acfun-douyu-recordhall）,只剩一个易失来源,是（仅单一来源）,否,斗鱼早期（2016～2017）,高,只剩 A站：找 B站 镜像
207,B2,2016-01-28-live-02,2016-01-28,live,潜伏之赤途 2-3,bilibili.com/video/BV1Kp421D7vF/?p=3（replay/alive）；v.youku.com/v_show/id_XMTQ1OTY4MjgwMA==.html?f=5（replay/dead）；v.youku.com/v_show/id_XMTQ1OTcyMjU5Mg==.html?f=5（replay/dead）,只剩一个易失来源,是（仅单一来源）,否,斗鱼早期（2016～2017）,高,只剩单个非官方搬运：找第二个镜像
208,B2,2016-01-29-live-01,2016-01-29,live,潜伏之赤途 大结局,bilibili.com/video/BV1Kp421D7vF/?p=4（replay/alive）,只剩一个易失来源,是（仅单一来源）,否,斗鱼早期（2016～2017）,高,只剩单个非官方搬运：找第二个镜像
209,B2,2016-02-02-live-01,2016-02-02,live,勇者斗恶龙：建造者,acfun.cn/v/ac2533334（replay/alive/acfun-douyu-recordhall）,只剩一个易失来源,是（仅单一来源）,否,斗鱼早期（2016～2017）,高,只剩 A站：找 B站 镜像
210,B2,2016-02-20-live-01,2016-02-20,live,街霸5 & 生锈小湖新章 Birthday,acfun.cn/v/ac2553531（replay/alive/acfun-douyu-recordhall）,只剩一个易失来源,是（仅单一来源）,否,斗鱼早期（2016～2017）,高,只剩 A站：找 B站 镜像
211,B2,2016-07-27-live-01,2016-07-27,live,上海户外,bilibili.com/video/BV1cs411C7QV（clip/alive/bili-fan-record-house）,只有片段,否,是,斗鱼早期（2016～2017）,高,只有片段：完整录像只可能在失效网盘或私人存档，列入征集
212,B2,2017-07-23-live-02,2017-07-23,live,"【心灵砒霜】十年之后你未婚我未娶,我们就在一起~",acfun.cn/v/ac3873035（replay/alive/acfun-fan-record-house）,只剩一个易失来源,是（仅单一来源）,否,斗鱼早期（2016～2017）,高,只剩 A站：找 B站 镜像
213,B2,2017-07-25-live-01,2017-07-25,live,大周建国史 第5天,v.youku.com/v_show/id_XMjkyNTc2NzQ1Ng==.html（replay/alive/youku-official）；v.youku.com/v_show/id_XMjkyNTc2ODc4OA==.html（replay/alive/youku-official）,来源都在易失平台,是（仅单一来源）,否,斗鱼早期（2016～2017）,高,只在她本人优酷号：优酷已对首作加密、随时可能下架——给页面做 Wayback 存档，在 B站/A站 找搬运镜像，元数据已入库
214,B2,2017-11-07-live-01,2017-11-07,live,超级马里奥,acfun.cn/v/ac4072119（replay/alive/acfun-fan-record-house）,只剩一个易失来源,是（仅单一来源）,否,斗鱼早期（2016～2017）,高,只剩 A站：找 B站 镜像
215,B2,2017-12-21-live-01,2017-12-21,live,大周桌面展,acfun.cn/v/ac4150104（replay/alive/acfun-fan-record-house）,只剩一个易失来源,是（仅单一来源）,否,斗鱼早期（2016～2017）,高,只剩 A站：找 B站 镜像
216,C1,2018-06-02-live-01,2018-06-02,live,看电影,—,无任何公开来源,否,—,2018～2019,已失,无公开录像：网盘与征集线索见 lost-recordings-inventory.csv；不再在已枚举的账号里重复找
217,C1,2018-08-13-live-01,2018-08-13,live,大周MC第四目：第三天,—,无任何公开来源,否,—,2018～2019,已失,无公开录像：网盘与征集线索见 lost-recordings-inventory.csv；不再在已枚举的账号里重复找
218,C1,2018-10-09-live-01,2018-10-09,live,语音直播,—,无任何公开来源,否,—,2018～2019,已失,无公开录像：网盘与征集线索见 lost-recordings-inventory.csv；不再在已枚举的账号里重复找
219,C1,2018-11-22-live-01,2018-11-22,live,语音直播,—,无任何公开来源,否,—,2018～2019,已失,无公开录像：网盘与征集线索见 lost-recordings-inventory.csv；不再在已枚举的账号里重复找
220,C1,2019-03-31-live-01,2019-03-31,live,看电影：超体、雨中曲,—,无任何公开来源,否,—,2018～2019,已失,无公开录像：网盘与征集线索见 lost-recordings-inventory.csv；不再在已枚举的账号里重复找
221,C1,2019-07-03-live-01,2019-07-03,live,我的朋友佩德罗 & 风暴追逐者 & 节奏乒乓,—,无任何公开来源,否,—,2018～2019,已失,无公开录像：网盘与征集线索见 lost-recordings-inventory.csv；不再在已枚举的账号里重复找
222,C1,2019-07-04-live-01,2019-07-04,live,唱歌 & 人类一败涂地 MOD & 辐射：避难所 Online,—,无任何公开来源,否,—,2018～2019,已失,无公开录像：网盘与征集线索见 lost-recordings-inventory.csv；不再在已枚举的账号里重复找
223,C1,2019-07-05-live-01,2019-07-05,live,荒野潜伏者 Stay Silent VR & 百战天虫,—,无任何公开来源,否,—,2018～2019,已失,无公开录像：网盘与征集线索见 lost-recordings-inventory.csv；不再在已枚举的账号里重复找
224,C1,2019-07-08-live-01,2019-07-08,live,拣爱 & 小林正雪复仇之密室,—,无任何公开来源,否,—,2018～2019,已失,无公开录像：网盘与征集线索见 lost-recordings-inventory.csv；不再在已枚举的账号里重复找
225,C1,2019-08-28-live-01,2019-08-28,live,遗迹：灰烬重生,—,无任何公开来源,否,—,2018～2019,已失,无公开录像：网盘与征集线索见 lost-recordings-inventory.csv；不再在已枚举的账号里重复找
226,C2,2018-03-26-live-01,2018-03-26,live,戏说聊斋,acfun.cn/v/ac4281402（replay/alive/acfun-fan-record-house）,只剩一个易失来源,是（仅单一来源）,否,2018～2019,高,只剩 A站：找 B站 镜像
227,C2,2018-04-08-live-01,2018-04-08,live,到底怎么了,acfun.cn/v/ac4300876（replay/alive/acfun-fan-record-house）,只剩一个易失来源,是（仅单一来源）,否,2018～2019,高,只剩 A站：找 B站 镜像
228,C2,2018-08-10-live-01,2018-08-10,live,大周MC第四目：第一天,bilibili.com/video/BV1ps411T77E（clip/alive）；bilibili.com/video/BV1dW41197kd（clip/alive）,只有片段,否,是,2018～2019,高,只有片段：完整录像只可能在失效网盘或私人存档，列入征集
229,C2,2018-08-17-video-01,2018-08-17,video,大周MC第四季：第一、二集补档（010陈）,bilibili.com/video/BV1GW411R7d4（clip/alive）；t.cn/RkZjJkE（clip/unchecked）,只有片段,否,是,2018～2019,高,只有片段：完整录像只可能在失效网盘或私人存档，列入征集
230,C2,2018-08-26-video-01,2018-08-26,video,女流大周月报·八月篇：大周MC,bilibili.com/video/BV16W411D75z（clip/alive）；t.cn/Rk3euZS（clip/unchecked）,只有片段,否,是,2018～2019,高,只有片段：完整录像只可能在失效网盘或私人存档，列入征集
231,C2,2018-10-11-live-01,2018-10-11,live,阳光路，关爱自闭症儿童,acfun.cn/v/ac4634790（replay/alive/acfun-fan-record-house）,只剩一个易失来源,是（仅单一来源）,否,2018～2019,高,只剩 A站：找 B站 镜像
232,C2,2019-04-23-live-01,2019-04-23,live,心灵砒霜,acfun.cn/v/ac10150917（replay/alive/acfun-fan-record-house）,只剩一个易失来源,是（仅单一来源）,否,2018～2019,高,只剩 A站：找 B站 镜像
233,C2,2019-06-14-live-01,2019-06-14,live,【女流直播】 E3游戏展现场 P4 2019.6.14,v.douyu.com/show/8pa9v5OKmLqMVrqA（replay/alive）,只剩一个易失来源,是（仅单一来源）,否,2018～2019,高,只剩斗鱼官方回看：平台可能清理旧回看——优先找 B站/A站 镜像，至少给 v.douyu.com/show 页存档
234,C2,2019-07-23-live-01,2019-07-23,live,【女流直播】 地痞街区 P1 2019.7.23,v.douyu.com/show/JmbBMkG3N6KM40XA（replay/alive）,只剩一个易失来源,是（仅单一来源）,否,2018～2019,高,只剩斗鱼官方回看：平台可能清理旧回看——优先找 B站/A站 镜像，至少给 v.douyu.com/show 页存档
235,C2,2019-07-24-live-01,2019-07-24,live,【女流直播】《2020东京奥运》 P1 2019.7.24,v.douyu.com/show/1LDR7QDkYy8vJzx8（replay/alive）,只剩一个易失来源,是（仅单一来源）,否,2018～2019,高,只剩斗鱼官方回看：平台可能清理旧回看——优先找 B站/A站 镜像，至少给 v.douyu.com/show 页存档
236,C2,2019-07-27-live-01,2019-07-27,live,【女流直播】 月圆之夜  P1 2019.7.27,v.douyu.com/show/mPyq7okmyE571gLY（replay/alive）,只剩一个易失来源,是（仅单一来源）,否,2018～2019,高,只剩斗鱼官方回看：平台可能清理旧回看——优先找 B站/A站 镜像，至少给 v.douyu.com/show 页存档
237,C2,2019-08-01-live-01,2019-08-01,live,【女流直播】2019PS中国线上发布会 P12019.8.1,v.douyu.com/show/X3JzMaJyY0lWPQro（replay/alive）,只剩一个易失来源,是（仅单一来源）,否,2018～2019,高,只剩斗鱼官方回看：平台可能清理旧回看——优先找 B站/A站 镜像，至少给 v.douyu.com/show 页存档
238,C2,2019-08-02-live-01,2019-08-02,live,女流带你走进2019ChinaJoy现场,acfun.cn/v/ac10659369（replay/alive/acfun-fan-record-house）,只剩一个易失来源,是（仅单一来源）,否,2018～2019,高,只剩 A站：找 B站 镜像
239,C2,2019-08-08-live-01,2019-08-08,live,【女流直播】 女流带你走进敦煌 P1 2019.8.8,v.douyu.com/show/X3JzMaJobkAWPQro（replay/alive）,只剩一个易失来源,是（仅单一来源）,否,2018～2019,高,只剩斗鱼官方回看：平台可能清理旧回看——优先找 B站/A站 镜像，至少给 v.douyu.com/show 页存档
240,C2,2019-08-10-live-01,2019-08-10,live,【女流直播】 斗鱼超级火箭计划 P1 2019.8.11,v.douyu.com/show/XqeO74p1Bne7xywG（replay/alive）,只剩一个易失来源,是（仅单一来源）,否,2018～2019,高,只剩斗鱼官方回看：平台可能清理旧回看——优先找 B站/A站 镜像，至少给 v.douyu.com/show 页存档
241,C2,2019-08-14-live-01,2019-08-14,live,【女流直播】牧场物语 P1 2019.8.14,v.douyu.com/show/8pa9v5OdZYpMVrqA（replay/alive）,只剩一个易失来源,是（仅单一来源）,否,2018～2019,高,只剩斗鱼官方回看：平台可能清理旧回看——优先找 B站/A站 镜像，至少给 v.douyu.com/show 页存档
242,C2,2019-08-16-live-01,2019-08-16,live,jump king见证奇迹 2019-08-16 15点场,v.douyu.com/show/3rob7jDB0KjWgkZl（replay/alive）,只剩一个易失来源,是（仅单一来源）,否,2018～2019,高,只剩斗鱼官方回看：平台可能清理旧回看——优先找 B站/A站 镜像，至少给 v.douyu.com/show 页存档
243,C2,2019-08-17-live-01,2019-08-17,live,【女流直播】牧场物语 P1 2019.8.17,v.douyu.com/show/aRbBv3pdrmy76PYV（replay/alive）,只剩一个易失来源,是（仅单一来源）,否,2018～2019,高,只剩斗鱼官方回看：平台可能清理旧回看——优先找 B站/A站 镜像，至少给 v.douyu.com/show 页存档
244,C2,2019-08-19-live-01,2019-08-19,live,【女流直播】 牧场物语 P1 2019.8.19,v.douyu.com/show/Bjq4MewRQekv5Ea8（replay/alive）,只剩一个易失来源,是（仅单一来源）,否,2018～2019,高,只剩斗鱼官方回看：平台可能清理旧回看——优先找 B站/A站 镜像，至少给 v.douyu.com/show 页存档
245,C2,2019-08-21-live-01,2019-08-21,live,【女流直播】 遗迹灰烬重生 P1 2019.8.21,v.douyu.com/show/6Aw87OpA28DMYGkg（replay/alive）,只剩一个易失来源,是（仅单一来源）,否,2018～2019,高,只剩斗鱼官方回看：平台可能清理旧回看——优先找 B站/A站 镜像，至少给 v.douyu.com/show 页存档
246,C2,2019-08-26-live-01,2019-08-26,live,【女流直播】 控制control P1 2019.8.26,v.douyu.com/show/Kg1VWRGgLOrvGbNA（replay/alive）,只剩一个易失来源,是（仅单一来源）,否,2018～2019,高,只剩斗鱼官方回看：平台可能清理旧回看——优先找 B站/A站 镜像，至少给 v.douyu.com/show 页存档
247,C2,2019-09-04-live-01,2019-09-04,live,【女流直播】 好久不见大雄 P1 2019.9.4,v.douyu.com/show/yVY8WwAJPqV7LOz9（replay/alive）,只剩一个易失来源,是（仅单一来源）,否,2018～2019,高,只剩斗鱼官方回看：平台可能清理旧回看——优先找 B站/A站 镜像，至少给 v.douyu.com/show 页存档
248,C2,2019-09-06-live-02,2019-09-06,live,Dicey dungeons试试运气,v.douyu.com/show/jNBdvn2nDx0vE2yw（replay/alive）,只剩一个易失来源,是（仅单一来源）,否,2018～2019,高,只剩斗鱼官方回看：平台可能清理旧回看——优先找 B站/A站 镜像，至少给 v.douyu.com/show 页存档
249,C2,2019-09-06-live-01,2019-09-06,live,【女流直播】 挤进服务器可太难了P1 2019.9.6,v.douyu.com/show/ZB5Kv9L1jm9Wa93x（replay/alive）,只剩一个易失来源,是（仅单一来源）,否,2018～2019,高,只剩斗鱼官方回看：平台可能清理旧回看——优先找 B站/A站 镜像，至少给 v.douyu.com/show 页存档
250,C2,2019-09-11-live-01,2019-09-11,live,【女流直播】 怪物猎人：世界 冰原 P1 2019.9.11,v.douyu.com/show/aRbBv3p9J0476PYV（replay/alive）,只剩一个易失来源,是（仅单一来源）,否,2018～2019,高,只剩斗鱼官方回看：平台可能清理旧回看——优先找 B站/A站 镜像，至少给 v.douyu.com/show 页存档
251,C2,2019-09-12-live-01,2019-09-12,live,【女流直播】 怪物猎人：世界 冰原 P1 2019.9.12,v.douyu.com/show/ERALvEgY3b5M1Vw0（replay/alive）,只剩一个易失来源,是（仅单一来源）,否,2018～2019,高,只剩斗鱼官方回看：平台可能清理旧回看——优先找 B站/A站 镜像，至少给 v.douyu.com/show 页存档
252,C2,2019-09-13-live-01,2019-09-13,live,【女流直播】 怪物猎人：世界 冰原 P1 2019.9.13,v.douyu.com/show/EO0XvN5XVJxWDrBd（replay/alive）,只剩一个易失来源,是（仅单一来源）,否,2018～2019,高,只剩斗鱼官方回看：平台可能清理旧回看——优先找 B站/A站 镜像，至少给 v.douyu.com/show 页存档
253,C2,2019-09-16-live-01,2019-09-16,live,【女流直播】 怪物猎人：世界 冰原 P1 2019.9.16,v.douyu.com/show/DrwnvzAnnQjWPNaX（replay/alive）,只剩一个易失来源,是（仅单一来源）,否,2018～2019,高,只剩斗鱼官方回看：平台可能清理旧回看——优先找 B站/A站 镜像，至少给 v.douyu.com/show 页存档
254,C2,2019-09-17-live-01,2019-09-17,live,【女流直播】 怪物猎人：世界 冰原 P1 2019.9.17,v.douyu.com/show/Aox276gP8AoMVz8Z（replay/alive）,只剩一个易失来源,是（仅单一来源）,否,2018～2019,高,只剩斗鱼官方回看：平台可能清理旧回看——优先找 B站/A站 镜像，至少给 v.douyu.com/show 页存档
255,C2,2019-09-18-live-01,2019-09-18,live,【女流直播】 被囚禁的掌心 P1 2019.9.18,v.douyu.com/show/r90XWgw1ql2Wgk25（replay/alive）,只剩一个易失来源,是（仅单一来源）,否,2018～2019,高,只剩斗鱼官方回看：平台可能清理旧回看——优先找 B站/A站 镜像，至少给 v.douyu.com/show 页存档
256,C2,2019-09-21-live-01,2019-09-21,live,【女流直播】塞尔达传说 织梦岛 P1 2019.9.21,v.douyu.com/show/wLjGvLpnR0pvmO90（replay/alive）,只剩一个易失来源,是（仅单一来源）,否,2018～2019,高,只剩斗鱼官方回看：平台可能清理旧回看——优先找 B站/A站 镜像，至少给 v.douyu.com/show 页存档
257,C2,2019-09-24-live-01,2019-09-24,live,【女流直播】 塞尔达传说 织梦岛 P1 2019.9.24,v.douyu.com/show/a4Jj7llmVVj7Dk01（replay/alive）,只剩一个易失来源,是（仅单一来源）,否,2018～2019,高,只剩斗鱼官方回看：平台可能清理旧回看——优先找 B站/A站 镜像，至少给 v.douyu.com/show 页存档
258,C2,2019-09-27-live-01,2019-09-27,live,【女流直播】 A Short Hi P1 2019.9.27,v.douyu.com/show/ERALvEgOElAM1Vw0（replay/alive）,只剩一个易失来源,是（仅单一来源）,否,2018～2019,高,只剩斗鱼官方回看：平台可能清理旧回看——优先找 B站/A站 镜像，至少给 v.douyu.com/show 页存档
259,C2,2019-09-29-live-01,2019-09-29,live,【女流直播】 Green Hell P1 2019.9.29,v.douyu.com/show/2V0JMVaEpyD7RY5k（replay/alive）,只剩一个易失来源,是（仅单一来源）,否,2018～2019,高,只剩斗鱼官方回看：平台可能清理旧回看——优先找 B站/A站 镜像，至少给 v.douyu.com/show 页存档
260,C2,2019-10-01-live-01,2019-10-01,live,【女流直播】Green Hell P1 2019.10.1,v.douyu.com/show/X3JzMaJ1mylWPQro（replay/alive）,只剩一个易失来源,是（仅单一来源）,否,2018～2019,高,只剩斗鱼官方回看：平台可能清理旧回看——优先找 B站/A站 镜像，至少给 v.douyu.com/show 页存档
261,C2,2019-10-04-live-01,2019-10-04,live,牛牛山动物园赚大钱了,v.douyu.com/show/a2JEMJ5R9027Nxml（replay/alive）,只剩一个易失来源,是（仅单一来源）,否,2018～2019,高,只剩斗鱼官方回看：平台可能清理旧回看——优先找 B站/A站 镜像，至少给 v.douyu.com/show 页存档
262,C2,2019-10-22-live-01,2019-10-22,live,【女流直播】 牧场物语：重聚矿石镇P1 2019.10.22,v.douyu.com/show/DrwnvzbAZ2lvPNaX（replay/alive）,只剩一个易失来源,是（仅单一来源）,否,2018～2019,高,只剩斗鱼官方回看：平台可能清理旧回看——优先找 B站/A站 镜像，至少给 v.douyu.com/show 页存档
263,C2,2019-10-26-live-01,2019-10-26,live,【女流直播】 牧场物语 重聚矿石镇 P1 19.10.26,v.douyu.com/show/1LDR7QND5XVMJzx8（replay/alive）,只剩一个易失来源,是（仅单一来源）,否,2018～2019,高,只剩斗鱼官方回看：平台可能清理旧回看——优先找 B站/A站 镜像，至少给 v.douyu.com/show 页存档
264,C2,2019-11-04-live-01,2019-11-04,live,【女流直播】 路易基鬼屋3 P1 2019.11.4,v.douyu.com/show/0Q8mMYk1KDkv49Ad（replay/alive）,只剩一个易失来源,是（仅单一来源）,否,2018～2019,高,只剩斗鱼官方回看：平台可能清理旧回看——优先找 B站/A站 镜像，至少给 v.douyu.com/show 页存档
265,C2,2019-11-06-live-01,2019-11-06,live,【女流直播】路易吉鬼屋 P1 2019.11.6,v.douyu.com/show/NVm0WKnxrxPMJeBP（replay/alive）,只剩一个易失来源,是（仅单一来源）,否,2018～2019,高,只剩斗鱼官方回看：平台可能清理旧回看——优先找 B站/A站 镜像，至少给 v.douyu.com/show 页存档
266,C2,2019-11-09-live-02,2019-11-09,live,明日之后第二季~~,v.douyu.com/show/wLjGvLQ5g6p7mO90（replay/alive）,只剩一个易失来源,是（仅单一来源）,否,2018～2019,高,只剩斗鱼官方回看：平台可能清理旧回看——优先找 B站/A站 镜像，至少给 v.douyu.com/show 页存档
267,C2,2019-11-11-live-01,2019-11-11,live,【女流直播】 死亡搁浅 P1 2019.11.11,v.douyu.com/show/6Aw87Oaq6jgWYGkg（replay/alive）,只剩一个易失来源,是（仅单一来源）,否,2018～2019,高,只剩斗鱼官方回看：平台可能清理旧回看——优先找 B站/A站 镜像，至少给 v.douyu.com/show 页存档
268,C2,2019-11-12-live-01,2019-11-12,live,【女流直播】 死亡搁浅 P1 2019.11.12,v.douyu.com/show/ZB5Kv95bB0Kva93x（replay/alive）,只剩一个易失来源,是（仅单一来源）,否,2018～2019,高,只剩斗鱼官方回看：平台可能清理旧回看——优先找 B站/A站 镜像，至少给 v.douyu.com/show 页存档
269,C2,2019-11-15-live-01,2019-11-15,live,【女流直播】 死亡搁浅 P1 2019.11.15,v.douyu.com/show/ZB5Kv95bJAjva93x（replay/alive）,只剩一个易失来源,是（仅单一来源）,否,2018～2019,高,只剩斗鱼官方回看：平台可能清理旧回看——优先找 B站/A站 镜像，至少给 v.douyu.com/show 页存档
270,C2,2019-11-19-live-01,2019-11-19,live,【女流直播】 死亡搁浅 P1 2019.11.19,v.douyu.com/show/qJgOWx2P9Kr7kVzL（replay/alive）,只剩一个易失来源,是（仅单一来源）,否,2018～2019,高,只剩斗鱼官方回看：平台可能清理旧回看——优先找 B站/A站 镜像，至少给 v.douyu.com/show 页存档
271,C2,2019-11-21-live-01,2019-11-21,live,【女流直播】We were here together P1,v.douyu.com/show/n8GzMXl0J6DM6qyP（replay/alive）,只剩一个易失来源,是（仅单一来源）,否,2018～2019,高,只剩斗鱼官方回看：平台可能清理旧回看——优先找 B站/A站 镜像，至少给 v.douyu.com/show 页存档
272,C2,2019-11-30-live-01,2019-11-30,live,【女流直播】Concrete Genie P1 11.30,v.douyu.com/show/n8GzMXlzOqbM6qyP（replay/alive）,只剩一个易失来源,是（仅单一来源）,否,2018～2019,高,只剩斗鱼官方回看：平台可能清理旧回看——优先找 B站/A站 镜像，至少给 v.douyu.com/show 页存档
273,C2,2019-12-05-live-01,2019-12-05,live,Children of Morta,bilibili.com/video/BV1pJ411i7nm（replay/alive/bili-fan-secret-house）,只剩一个易失来源,是（仅单一来源）,否,2018～2019,高,只剩秘密录像屋（上传账号已注销）：找录像小屋或 A站 镜像
274,D1,2021-05-24-live-01,2021-05-24,live,深海迷航,—,无任何公开来源,否,—,2020 以后,已失,无公开录像：网盘与征集线索见 lost-recordings-inventory.csv；不再在已枚举的账号里重复找
275,D1,2021-06-23-live-01,2021-06-23,live,永劫无间,—,无任何公开来源,否,—,2020 以后,已失,无公开录像：网盘与征集线索见 lost-recordings-inventory.csv；不再在已枚举的账号里重复找
276,D1,2021-08-11-live-01,2021-08-11,live,高铁站语音直播,—,无任何公开来源,否,—,2020 以后,已失,无公开录像：网盘与征集线索见 lost-recordings-inventory.csv；不再在已枚举的账号里重复找
277,D1,2021-09-07-live-01,2021-09-07,live,天义镇户外,—,无任何公开来源,否,—,2020 以后,已失,无公开录像：网盘与征集线索见 lost-recordings-inventory.csv；不再在已枚举的账号里重复找
278,D1,2021-10-08-live-01,2021-10-08,live,喋血复仇 Back 4 Blood,—,无任何公开来源,否,—,2020 以后,已失,无公开录像：网盘与征集线索见 lost-recordings-inventory.csv；不再在已枚举的账号里重复找
279,D1,2022-10-13-live-01,2022-10-13,live,Coral Island,—,无任何公开来源,否,—,2020 以后,已失,无公开录像：网盘与征集线索见 lost-recordings-inventory.csv；不再在已枚举的账号里重复找
280,D2,2020-01-01-live-02,2020-01-01,live,莎木3,acfun.cn/v/ac12228285（replay/alive/acfun-fan-record-house）,只剩一个易失来源,是（仅单一来源）,否,2020 以后,高,只剩 A站：找 B站 镜像
281,D2,2020-02-12-live-01,2020-02-12,live,符文工坊4模拟经营,acfun.cn/v/ac12855194（replay/alive/acfun-fan-record-house）,只剩一个易失来源,是（仅单一来源）,否,2020 以后,高,只剩 A站：找 B站 镜像
282,D2,2020-03-05-live-01,2020-03-05,live,聊天,bilibili.com/video/BV1CE411W7Nk（replay/alive/bili-fan-secret-house）,只剩一个易失来源,是（仅单一来源）,否,2020 以后,高,只剩秘密录像屋（上传账号已注销）：找录像小屋或 A站 镜像
283,D2,2020-03-08-live-01,2020-03-08,live,吟诵者,bilibili.com/video/BV1QE411M7aw（replay/alive/bili-fan-secret-house）,只剩一个易失来源,是（仅单一来源）,否,2020 以后,高,只剩秘密录像屋（上传账号已注销）：找录像小屋或 A站 镜像
284,D2,2020-03-11-live-01,2020-03-11,live,奥日2,acfun.cn/v/ac13667371（replay/alive/acfun-fan-record-house）,只剩一个易失来源,是（仅单一来源）,否,2020 以后,高,只剩 A站：找 B站 镜像
285,D2,2020-03-16-live-01,2020-03-16,live,仁王2,acfun.cn/v/ac13922064（replay/alive/acfun-fan-record-house）,只剩一个易失来源,是（仅单一来源）,否,2020 以后,高,只剩 A站：找 B站 镜像
286,D2,2020-04-02-live-01,2020-04-02,live,集合啦！动物森友会&察言观色,acfun.cn/v/ac14432591（replay/alive/acfun-fan-record-house）,只剩一个易失来源,是（仅单一来源）,否,2020 以后,高,只剩 A站：找 B站 镜像
287,D2,2020-04-12-live-01,2020-04-12,live,逆转裁判3 异议,acfun.cn/v/ac14686496（replay/alive/acfun-fan-record-house）,只剩一个易失来源,是（仅单一来源）,否,2020 以后,高,只剩 A站：找 B站 镜像
288,D2,2020-06-02-live-02,2020-06-02,live,《硬核机甲》训练营~~（20:01场）,v.douyu.com/show/0zZVvPRJDaqMO4E2（replay/alive）,只剩一个易失来源,是（仅单一来源）,否,2020 以后,高,只剩斗鱼官方回看：平台可能清理旧回看——优先找 B站/A站 镜像，至少给 v.douyu.com/show 页存档
289,D2,2020-09-21-live-01,2020-09-21,live,唱歌 / 佩奇九月首亮相,bilibili.com/video/BV1Wk4y1175c（replay/alive/bili-fan-secret-house）,只剩一个易失来源,是（仅单一来源）,否,2020 以后,高,只剩秘密录像屋（上传账号已注销）：找录像小屋或 A站 镜像
290,D2,2020-11-25-live-01,2020-11-25,live,恶魔之魂,bilibili.com/video/BV1PK4y1776Q（replay/alive/bili-fan-secret-house）,只剩一个易失来源,是（仅单一来源）,否,2020 以后,高,只剩秘密录像屋（上传账号已注销）：找录像小屋或 A站 镜像
291,D2,2021-01-07-live-01,2021-01-07,live,星露谷物语联机版,acfun.cn/v/ac21551022（replay/alive/acfun-fan-record-house）,只剩一个易失来源,是（仅单一来源）,否,2020 以后,高,只剩 A站：找 B站 镜像
292,D2,2021-02-13-live-02,2021-02-13,live,雀魂麻將,v.douyu.com/show/3rob7jK2z6eMgkZl（replay/alive）,只剩一个易失来源,是（仅单一来源）,否,2020 以后,高,只剩斗鱼官方回看：平台可能清理旧回看——优先找 B站/A站 镜像，至少给 v.douyu.com/show 页存档
293,D2,2021-04-19-live-01,2021-04-19,live,佩奇的快乐你想象不到,bilibili.com/video/BV1dh41127zZ（replay/alive/bili-fan-secret-house）,只剩一个易失来源,是（仅单一来源）,否,2020 以后,高,只剩秘密录像屋（上传账号已注销）：找录像小屋或 A站 镜像
294,D2,2021-05-05-live-01,2021-05-05,live,【2021-05-05 15点场】女流66：五一派对游戏周假期快乐,v.douyu.com/show/85BAvqRp2qw7G4Lm（replay/alive）,只剩一个易失来源,是（仅单一来源）,否,2020 以后,高,只剩斗鱼官方回看：平台可能清理旧回看——优先找 B站/A站 镜像，至少给 v.douyu.com/show 页存档
295,D2,2021-07-15-live-01,2021-07-15,live,【女流直播】 P1 2021.7.15 怪物猎人物语2破灭之翼,v.douyu.com/show/kDe0W2QRKGXMA4Bz（replay/alive）,只剩一个易失来源,是（仅单一来源）,否,2020 以后,高,只剩斗鱼官方回看：平台可能清理旧回看——优先找 B站/A站 镜像，至少给 v.douyu.com/show 页存档
296,D2,2021-07-27-live-01,2021-07-27,live,永劫无间,acfun.cn/v/ac30412901（replay/alive/acfun-fan-record-house）,只剩一个易失来源,是（仅单一来源）,否,2020 以后,高,只剩 A站：找 B站 镜像
297,D2,2021-08-12-live-01,2021-08-12,live,【女流直播】 P1 2021.8.12 六六回家遛遛,v.douyu.com/show/r90XWg2og1wMgk25（replay/alive）,只剩一个易失来源,是（仅单一来源）,否,2020 以后,高,只剩斗鱼官方回看：平台可能清理旧回看——优先找 B站/A站 镜像，至少给 v.douyu.com/show 页存档
298,D2,2021-08-14-live-01,2021-08-14,live,【2021-08-14 14点场】女流66：今儿七夕，在《梦幻西游》手游约个会,v.douyu.com/show/Yo4evy8G0yNW8L62（replay/alive）,只剩一个易失来源,是（仅单一来源）,否,2020 以后,高,只剩斗鱼官方回看：平台可能清理旧回看——优先找 B站/A站 镜像，至少给 v.douyu.com/show 页存档
299,D2,2021-08-15-live-01,2021-08-15,live,【2021-08-15 15点场】女流66：整点送主机400w福利,v.douyu.com/show/a4Jj7lVxR46WDk01（replay/alive）,只剩一个易失来源,是（仅单一来源）,否,2020 以后,高,只剩斗鱼官方回看：平台可能清理旧回看——优先找 B站/A站 镜像，至少给 v.douyu.com/show 页存档
300,D2,2021-08-21-live-01,2021-08-21,live,【2021-08-21 15点场】女流66：周六躺着看直播吧,v.douyu.com/show/ZB5Kv9XB6G2Wa93x（replay/alive）,只剩一个易失来源,是（仅单一来源）,否,2020 以后,高,只剩斗鱼官方回看：平台可能清理旧回看——优先找 B站/A站 镜像，至少给 v.douyu.com/show 页存档
301,D2,2021-08-24-live-01,2021-08-24,live,【2021-08-24 15点场】女流66：周二双倍亲密度已开启,v.douyu.com/show/DO84vrBpAq0vedGr（replay/alive）,只剩一个易失来源,是（仅单一来源）,否,2020 以后,高,只剩斗鱼官方回看：平台可能清理旧回看——优先找 B站/A站 镜像，至少给 v.douyu.com/show 页存档
302,D2,2021-08-31-live-01,2021-08-31,live,【2021-08-31 19点场】女流66：晚间二台~~~~~~~,v.douyu.com/show/Bjq4MeZdogJW5Ea8（replay/alive）,只剩一个易失来源,是（仅单一来源）,否,2020 以后,高,只剩斗鱼官方回看：平台可能清理旧回看——优先找 B站/A站 镜像，至少给 v.douyu.com/show 页存档
303,D2,2021-09-03-live-02,2021-09-03,live,晚间二台~~~~~~,v.douyu.com/show/1LDR7Q8VjzrvJzx8（replay/alive）,只剩一个易失来源,是（仅单一来源）,否,2020 以后,高,只剩斗鱼官方回看：平台可能清理旧回看——优先找 B站/A站 镜像，至少给 v.douyu.com/show 页存档
304,D2,2021-09-15-live-01,2021-09-15,live,【2021-09-15 15点场】女流66：哈哈哈哈哈哈哈哈 156277,v.douyu.com/show/0Q8mMYKoLmNv49Ad（replay/alive）；v.douyu.com/show/jwzOvpQDKJE7ZVRm（replay/alive）,来源都在易失平台,是（仅单一来源）,否,2020 以后,高,只剩斗鱼官方回看：平台可能清理旧回看——优先找 B站/A站 镜像，至少给 v.douyu.com/show 页存档
305,D2,2021-09-21-live-01,2021-09-21,live,【2021-09-21 15点场】女流66：周一全体双倍亲密度,v.douyu.com/show/yVY8WwPm9n8vLOz9（replay/alive）,只剩一个易失来源,是（仅单一来源）,否,2020 以后,高,只剩斗鱼官方回看：平台可能清理旧回看——优先找 B站/A站 镜像，至少给 v.douyu.com/show 页存档
306,D2,2021-09-24-live-01,2021-09-24,live,【2021-09-24 14点场】女流66：出差参加活动最近随缘见,v.douyu.com/show/Kg1VWRb1mDPWGbNA（replay/alive）,只剩一个易失来源,是（仅单一来源）,否,2020 以后,高,只剩斗鱼官方回看：平台可能清理旧回看——优先找 B站/A站 镜像，至少给 v.douyu.com/show 页存档
307,D2,2021-09-26-live-01,2021-09-26,live,【2021-09-26 14点场】女流66：出差参加活动最近随缘见,v.douyu.com/show/brN0MmmLQn5MpyxA（replay/alive）,只剩一个易失来源,是（仅单一来源）,否,2020 以后,高,只剩斗鱼官方回看：平台可能清理旧回看——优先找 B站/A站 镜像，至少给 v.douyu.com/show 页存档
308,D2,2021-09-27-live-01,2021-09-27,live,【2021-09-27 14点场】女流66：出差参加活动最近随缘见,v.douyu.com/show/yVY8WwPLNg8vLOz9（replay/alive）,只剩一个易失来源,是（仅单一来源）,否,2020 以后,高,只剩斗鱼官方回看：平台可能清理旧回看——优先找 B站/A站 镜像，至少给 v.douyu.com/show 页存档
309,D2,2021-10-06-live-01,2021-10-06,live,【2021-10-06 15点场】女流66：审判之逝继续探索,v.douyu.com/show/Bjq4MeZed8JW5Ea8（replay/alive）,只剩一个易失来源,是（仅单一来源）,否,2020 以后,高,只剩斗鱼官方回看：平台可能清理旧回看——优先找 B站/A站 镜像，至少给 v.douyu.com/show 页存档
310,D2,2021-10-19-live-01,2021-10-19,live,【2021-10-19 14点场】女流66：【女流】仙剑7玩玩看,v.douyu.com/show/jwzOvpQyoQQ7ZVRm（replay/alive）,只剩一个易失来源,是（仅单一来源）,否,2020 以后,高,只剩斗鱼官方回看：平台可能清理旧回看——优先找 B站/A站 镜像，至少给 v.douyu.com/show 页存档
311,D2,2021-10-22-live-02,2021-10-22,live,【2021-10-22 15点场】女流66：【女流】正在直播,v.douyu.com/show/XqeO74gqLBXvxywG（replay/alive）,只剩一个易失来源,是（仅单一来源）,否,2020 以后,高,只剩斗鱼官方回看：平台可能清理旧回看——优先找 B站/A站 镜像，至少给 v.douyu.com/show 页存档
312,D2,2021-10-23-live-01,2021-10-23,live,【2021-10-23 15点场】女流66：【女流】周六双倍已开启,v.douyu.com/show/0Q8mMYKLk8mv49Ad（replay/alive）,只剩一个易失来源,是（仅单一来源）,否,2020 以后,高,只剩斗鱼官方回看：平台可能清理旧回看——优先找 B站/A站 镜像，至少给 v.douyu.com/show 页存档
313,D2,2021-10-28-live-01,2021-10-28,live,【2021-10-28 13点场】女流66：【女流】瓦西子赤木都给我来,v.douyu.com/show/ERALvE9dZ2xv1Vw0（replay/alive）,只剩一个易失来源,是（仅单一来源）,否,2020 以后,高,只剩斗鱼官方回看：平台可能清理旧回看——优先找 B站/A站 镜像，至少给 v.douyu.com/show 页存档
314,D2,2021-11-04-live-01,2021-11-04,live,【2021-11-04 17点场】女流66：【女流】potion craft玩玩看,v.douyu.com/show/2Bj8vGxnyQQ7Obnd（replay/alive）,只剩一个易失来源,是（仅单一来源）,否,2020 以后,高,只剩斗鱼官方回看：平台可能清理旧回看——优先找 B站/A站 镜像，至少给 v.douyu.com/show 页存档
315,D2,2021-11-19-live-01,2021-11-19,live,【2021-11-19 15点场】女流66：【女流】 156277直播间,v.douyu.com/show/6Aw87O6poqXvYGkg（replay/alive）,只剩一个易失来源,是（仅单一来源）,否,2020 以后,高,只剩斗鱼官方回看：平台可能清理旧回看——优先找 B站/A站 镜像，至少给 v.douyu.com/show 页存档
316,D2,2021-11-23-live-01,2021-11-23,live,【2021-11-23 15点场】女流66：【女流】 周二有六,v.douyu.com/show/6Aw87O6mbR0vYGkg（replay/alive）,只剩一个易失来源,是（仅单一来源）,否,2020 以后,高,只剩斗鱼官方回看：平台可能清理旧回看——优先找 B站/A站 镜像，至少给 v.douyu.com/show 页存档
317,D2,2021-11-30-live-01,2021-11-30,live,【2021-11-30 15点场】女流66：【女流】156277直播间~,v.douyu.com/show/jNBdvnggB1q7E2yw（replay/alive）,只剩一个易失来源,是（仅单一来源）,否,2020 以后,高,只剩斗鱼官方回看：平台可能清理旧回看——优先找 B站/A站 镜像，至少给 v.douyu.com/show 页存档
318,D2,2021-12-04-live-01,2021-12-04,live,【2021-12-04 15点场】女流66：【女流】156277直播间~~,v.douyu.com/show/DO84vrrKEDOvedGr（replay/alive）,只剩一个易失来源,是（仅单一来源）,否,2020 以后,高,只剩斗鱼官方回看：平台可能清理旧回看——优先找 B站/A站 镜像，至少给 v.douyu.com/show 页存档
319,D2,2021-12-11-live-01,2021-12-11,live,Propnight,acfun.cn/v/ac32733353（replay/alive/acfun-fan-record-house）,只剩一个易失来源,是（仅单一来源）,否,2020 以后,高,只剩 A站：找 B站 镜像
320,D2,2021-12-11-live-02,2021-12-11,live,Rubber Bandits,acfun.cn/v/ac32733243（replay/alive/acfun-fan-record-house）,只剩一个易失来源,是（仅单一来源）,否,2020 以后,高,只剩 A站：找 B站 镜像
321,D2,2021-12-16-live-01,2021-12-16,live,【2021-12-16 15点场】女流66：【女流】周四不休继续Kena,v.douyu.com/show/brN0Mmb5B4kWpyxA（replay/alive）,只剩一个易失来源,是（仅单一来源）,否,2020 以后,高,只剩斗鱼官方回看：平台可能清理旧回看——优先找 B站/A站 镜像，至少给 v.douyu.com/show 页存档
322,D2,2021-12-18-live-01,2021-12-18,live,【2021-12-18 17点场】女流66：【女流】156277直播间,v.douyu.com/show/Kp1QM8al41JWk4bj（replay/alive）,只剩一个易失来源,是（仅单一来源）,否,2020 以后,高,只剩斗鱼官方回看：平台可能清理旧回看——优先找 B站/A站 镜像，至少给 v.douyu.com/show 页存档
323,D2,2022-01-07-live-01,2022-01-07,live,【2022-01-07 11点场】女流66：【女流】周五中午12点来血源,v.douyu.com/show/DO84vrr13dkvedGr（replay/alive）,只剩一个易失来源,是（仅单一来源）,否,2020 以后,高,只剩斗鱼官方回看：平台可能清理旧回看——优先找 B站/A站 镜像，至少给 v.douyu.com/show 页存档
324,D2,2022-02-14-live-01,2022-02-14,live,【2022-02-14 15点场】女流66：怀旧MD经典【龙之弹珠台】,v.douyu.com/show/kDe0W2aegZXMA4Bz（replay/alive）,只剩一个易失来源,是（仅单一来源）,否,2020 以后,高,只剩斗鱼官方回看：平台可能清理旧回看——优先找 B站/A站 镜像，至少给 v.douyu.com/show 页存档
325,D2,2022-02-26-live-01,2022-02-26,live,【2022-02-26 10点场】女流66：【女流】艾尔登法环Day2一起来吧,v.douyu.com/show/Kg1VWRxnVpP7GbNA（replay/alive）,只剩一个易失来源,是（仅单一来源）,否,2020 以后,高,只剩斗鱼官方回看：平台可能清理旧回看——优先找 B站/A站 镜像，至少给 v.douyu.com/show 页存档
326,D2,2022-03-03-live-01,2022-03-03,live,【2022-03-03 10点场】女流66：【女流】艾尔登法环Day7一起来吧,v.douyu.com/show/8KxjMd9RbwnWVLwb（replay/alive）,只剩一个易失来源,是（仅单一来源）,否,2020 以后,高,只剩斗鱼官方回看：平台可能清理旧回看——优先找 B站/A站 镜像，至少给 v.douyu.com/show 页存档
327,D2,2022-03-07-live-01,2022-03-07,live,【2022-03-07 12点场】女流66：【女流】今天下午来，吃个午饭,v.douyu.com/show/X3JzMaVXKq1WPQro（replay/alive）,只剩一个易失来源,是（仅单一来源）,否,2020 以后,高,只剩斗鱼官方回看：平台可能清理旧回看——优先找 B站/A站 镜像，至少给 v.douyu.com/show 页存档
328,D2,2022-04-03-live-01,2022-04-03,live,【2022-04-03 17点场】女流66：今日目标，深巨星内部,v.douyu.com/show/0Q8mMYGk3aNv49Ad（replay/alive）,只剩一个易失来源,是（仅单一来源）,否,2020 以后,高,只剩斗鱼官方回看：平台可能清理旧回看——优先找 B站/A站 镜像，至少给 v.douyu.com/show 页存档
329,D2,2022-04-16-live-01,2022-04-16,live,【2022-04-16 15点场】女流66：156277直播间,v.douyu.com/show/2V0JMVxbZD4vRY5k（replay/alive）,只剩一个易失来源,是（仅单一来源）,否,2020 以后,高,只剩斗鱼官方回看：平台可能清理旧回看——优先找 B站/A站 镜像，至少给 v.douyu.com/show 页存档
330,D2,2022-05-03-live-01,2022-05-03,live,一方灵田,acfun.cn/v/ac34715503（replay/alive/acfun-fan-record-house）,只剩一个易失来源,是（仅单一来源）,否,2020 以后,高,只剩 A站：找 B站 镜像
331,D2,2022-05-12-live-01,2022-05-12,live,【2022-05-12 15点场】女流66：今天继续呜呜呜,v.douyu.com/show/Yo4evyKDONxM8L62（replay/alive）,只剩一个易失来源,是（仅单一来源）,否,2020 以后,高,只剩斗鱼官方回看：平台可能清理旧回看——优先找 B站/A站 镜像，至少给 v.douyu.com/show 页存档
332,D2,2022-05-28-live-01,2022-05-28,live,沙石镇时光,acfun.cn/v/ac35051616（replay/alive/acfun-fan-record-house）,只剩一个易失来源,是（仅单一来源）,否,2020 以后,高,只剩 A站：找 B站 镜像
333,D2,2022-06-01-live-01,2022-06-01,live,Hellstuck：Rage With Your Friends,acfun.cn/v/ac35103915（replay/alive/acfun-fan-record-house）,只剩一个易失来源,是（仅单一来源）,否,2020 以后,高,只剩 A站：找 B站 镜像
334,D2,2022-06-16-live-01,2022-06-16,live,【2022-06-16 15点场】女流66：【今日双倍】一年一次的佩奇演出,v.douyu.com/show/X3JzMakExdYvPQro（replay/alive）,只剩一个易失来源,是（仅单一来源）,否,2020 以后,高,只剩斗鱼官方回看：平台可能清理旧回看——优先找 B站/A站 镜像，至少给 v.douyu.com/show 页存档
335,D2,2022-06-24-live-01,2022-06-24,live,【2022-06-24 15点场】女流66：【今日双倍】156277直播间,v.douyu.com/show/1LDR7QlQwKrvJzx8（replay/alive）,只剩一个易失来源,是（仅单一来源）,否,2020 以后,高,只剩斗鱼官方回看：平台可能清理旧回看——优先找 B站/A站 镜像，至少给 v.douyu.com/show 页存档
336,D2,2022-06-25-live-01,2022-06-25,live,【2022-06-25 15点场】女流66：【今日双倍】156277直播间,v.douyu.com/show/JmbBMklJQO9W40XA（replay/alive）,只剩一个易失来源,是（仅单一来源）,否,2020 以后,高,只剩斗鱼官方回看：平台可能清理旧回看——优先找 B站/A站 镜像，至少给 v.douyu.com/show 页存档
337,D2,2022-07-08-live-01,2022-07-08,live,仙剑客栈2,acfun.cn/v/ac35739240（replay/alive/acfun-fan-record-house）,只剩一个易失来源,是（仅单一来源）,否,2020 以后,高,只剩 A站：找 B站 镜像
338,D2,2022-07-09-live-02,2022-07-09,live,在路上,acfun.cn/v/ac35739277（replay/alive/acfun-fan-record-house）,只剩一个易失来源,是（仅单一来源）,否,2020 以后,高,只剩 A站：找 B站 镜像
339,D2,2022-08-27-live-01,2022-08-27,live,【2022-08-27 17点场】女流66：【女流】156277直播间,v.douyu.com/show/X3JzMakPGzVvPQro（replay/alive）,只剩一个易失来源,是（仅单一来源）,否,2020 以后,高,只剩斗鱼官方回看：平台可能清理旧回看——优先找 B站/A站 镜像，至少给 v.douyu.com/show 页存档
340,D2,2022-09-26-live-02,2022-09-26,live,糖豆人,acfun.cn/v/ac37619943（replay/alive/acfun-fan-record-house）,只剩一个易失来源,是（仅单一来源）,否,2020 以后,高,只剩 A站：找 B站 镜像
341,D2,2022-09-29-live-02,2022-09-29,live,暗黑破坏神 不朽,acfun.cn/v/ac37662729（replay/alive/acfun-fan-record-house）,只剩一个易失来源,是（仅单一来源）,否,2020 以后,高,只剩 A站：找 B站 镜像
342,D2,2023-01-02-live-01,2023-01-02,live,一起看《大时代》,bilibili.com/video/BV1EP4y1i7iG（replay/alive）,只剩一个易失来源,是（仅单一来源）,否,2020 以后,高,只剩单个非官方搬运：找第二个镜像
343,D2,2023-08-20-live-01,2023-08-20,live,黑神话 悟空,acfun.cn/v/ac42136402（replay/alive/acfun-fan-record-house）,只剩一个易失来源,是（仅单一来源）,否,2020 以后,高,只剩 A站：找 B站 镜像
344,D2,2023-09-01-live-01,2023-09-01,live,Trine 5,acfun.cn/v/ac42245324（replay/alive/acfun-fan-record-house）,只剩一个易失来源,是（仅单一来源）,否,2020 以后,高,只剩 A站：找 B站 镜像
345,D2,2023-09-01-live-02,2023-09-01,live,星空,acfun.cn/v/ac42245110（replay/alive/acfun-fan-record-house）,只剩一个易失来源,是（仅单一来源）,否,2020 以后,高,只剩 A站：找 B站 镜像
346,D2,2023-09-27-live-01,2023-09-27,live,赛博朋克2077,acfun.cn/v/ac42504588（replay/alive/acfun-fan-record-house）,只剩一个易失来源,是（仅单一来源）,否,2020 以后,高,只剩 A站：找 B站 镜像
347,D2,2023-10-17-live-02,2023-10-17,live,我被美女包围了,acfun.cn/v/ac42692641（replay/alive/acfun-fan-record-house）,只剩一个易失来源,是（仅单一来源）,否,2020 以后,高,只剩 A站：找 B站 镜像
348,D2,2023-10-27-live-01,2023-10-27,live,绝地求生,acfun.cn/v/ac42781087（replay/alive/acfun-fan-record-house）,只剩一个易失来源,是（仅单一来源）,否,2020 以后,高,只剩 A站：找 B站 镜像
349,D2,2023-11-17-live-01,2023-11-17,live,节奏医生,acfun.cn/v/ac42983241（replay/alive/acfun-fan-record-house）,只剩一个易失来源,是（仅单一来源）,否,2020 以后,高,只剩 A站：找 B站 镜像
350,D2,2023-11-20-live-03,2023-11-20,live,溜溜聊聊,acfun.cn/v/ac43016013（replay/alive/acfun-fan-record-house）,只剩一个易失来源,是（仅单一来源）,否,2020 以后,高,只剩 A站：找 B站 镜像
351,D2,2026-08-18-live-01,2026-08-18,live,一起see《影之刃零》State of Play,bilibili.com/video/BV18Abk6GE6L（replay/alive）,只剩一个易失来源,是（仅单一来源）,否,2020 以后,高,只剩单个非官方搬运：找第二个镜像
352,D2,2026-08-20-live-01,2026-08-20,live,一起看黑神话钟馗新视频,bilibili.com/video/BV1Jf8c62Eyb（replay/alive）,只剩一个易失来源,是（仅单一来源）,否,2020 以后,高,只剩单个非官方搬运：找第二个镜像
353,D2,2026-08-23-live-01,2026-08-23,live,诡秘之主 公测,bilibili.com/video/BV1ZL8h6tEWR（replay/alive）,只剩一个易失来源,是（仅单一来源）,否,2020 以后,高,只剩单个非官方搬运：找第二个镜像
354,D2,2026-08-24-live-01,2026-08-24,live,how to fish渔力全开,bilibili.com/video/BV13uhK6JE3k（replay/alive）,只剩一个易失来源,是（仅单一来源）,否,2020 以后,高,只剩单个非官方搬运：找第二个镜像
355,D2,2026-08-26-live-01,2026-08-26,live,美好的晚间游戏时光,bilibili.com/video/BV1eC8R64EQP（replay/alive）,只剩一个易失来源,是（仅单一来源）,否,2020 以后,高,只剩单个非官方搬运：找第二个镜像
356,D2,2026-08-28-live-01,2026-08-28,live,江南新镇守,bilibili.com/video/BV1jhtP61EY3（replay/alive）,只剩一个易失来源,是（仅单一来源）,否,2020 以后,高,只剩单个非官方搬运：找第二个镜像
357,D2,2026-08-31-live-01,2026-08-31,live,冒险岛 怀旧服第八天 和炮炮壮壮建新家族联盟 08 31,bilibili.com/video/BV1pGta6aEFh（replay/alive）,只剩一个易失来源,是（仅单一来源）,否,2020 以后,高,只剩单个非官方搬运：找第二个镜像
358,D2,2026-09-01-live-01,2026-09-01,live,冒险岛 怀旧服第九天 和炮炮夫妻档 氪金抽时装砸装备 09 01,bilibili.com/video/BV1MKtV69E6z（replay/alive）,只剩一个易失来源,是（仅单一来源）,否,2020 以后,高,只剩单个非官方搬运：找第二个镜像
359,D2,2026-09-04-live-02,2026-09-04,live,卡普空新作 鬼武者 剑之道 最高难度 第二天游戏实况 09 04,bilibili.com/video/BV1eftq6vE3G（replay/alive）,只剩一个易失来源,是（仅单一来源）,否,2020 以后,高,只剩单个非官方搬运：找第二个镜像
360,D2,2026-09-06-live-01,2026-09-06,live,最高难度鬼武者,bilibili.com/video/BV1tXbc6oExg（replay/alive）,只剩一个易失来源,是（仅单一来源）,否,2020 以后,高,只剩单个非官方搬运：找第二个镜像
361,D2,2026-09-07-live-01,2026-09-07,live,最高难度鬼武者,bilibili.com/video/BV1Hpbg6uE4J（replay/alive）,只剩一个易失来源,是（仅单一来源）,否,2020 以后,高,只剩单个非官方搬运：找第二个镜像
362,D2,2026-09-08-live-01,2026-09-08,live,一起看塞尔达传说40周年纪念直面会 时之笛来了 继续和壮壮一起玩 轨道双子星,bilibili.com/video/BV1DXYE6sEh6（replay/alive）,只剩一个易失来源,是（仅单一来源）,否,2020 以后,高,只剩单个非官方搬运：找第二个镜像
363,D2,2026-09-11-live-01,2026-09-11,live,流放之路2 降临 毕业答辩BD大赛大神赛 时隔多年重考科目二,bilibili.com/video/BV1koY26xEfn（replay/alive）,只剩一个易失来源,是（仅单一来源）,否,2020 以后,高,只剩单个非官方搬运：找第二个镜像
364,D2,2026-09-16-live-01,2026-09-16,live,冒险岛 怀旧服第十一天 抽芙莉莲联动宠物,bilibili.com/video/BV1fAeK6PEFT（replay/alive）,只剩一个易失来源,是（仅单一来源）,否,2020 以后,高,只剩单个非官方搬运：找第二个镜像
365,D2,2026-09-17-live-01,2026-09-17,live,晚上好,bilibili.com/video/BV19Hey6vEY8（replay/alive）,只剩一个易失来源,是（仅单一来源）,否,2020 以后,高,只剩单个非官方搬运：找第二个镜像
366,D2,2026-09-22-live-02,2026-09-22,live,控制 共振 抢先体验 惊险刺激动作冒险角色扮演游戏,bilibili.com/video/BV1cFhH6rEJE（replay/alive）,只剩一个易失来源,是（仅单一来源）,否,2020 以后,高,只剩单个非官方搬运：找第二个镜像
367,G,8 条（2015）,2015,live,只挂录像小屋一个来源的直播,B站 女流录像小屋,单源·录像小屋,是（仅单一来源）,否,斗鱼首年（2015）,中,录像小屋仍在更新、账号正常；A站同名搬运号已枚举，这批在 A站 没有对应，维持现状，定期复查失效
368,G,39 条（2016）,2016,live,只挂录像小屋一个来源的直播,B站 女流录像小屋,单源·录像小屋,是（仅单一来源）,否,斗鱼早期（2016～2017）,中,录像小屋仍在更新、账号正常；A站同名搬运号已枚举，这批在 A站 没有对应，维持现状，定期复查失效
369,G,5 条（2017）,2017,live,只挂录像小屋一个来源的直播,B站 女流录像小屋,单源·录像小屋,是（仅单一来源）,否,斗鱼早期（2016～2017）,中,录像小屋仍在更新、账号正常；A站同名搬运号已枚举，这批在 A站 没有对应，维持现状，定期复查失效
370,G,16 条（2018）,2018,live,只挂录像小屋一个来源的直播,B站 女流录像小屋,单源·录像小屋,是（仅单一来源）,否,其他年份,中,录像小屋仍在更新、账号正常；A站同名搬运号已枚举，这批在 A站 没有对应，维持现状，定期复查失效
371,G,41 条（2019）,2019,live,只挂录像小屋一个来源的直播,B站 女流录像小屋,单源·录像小屋,是（仅单一来源）,否,其他年份,中,录像小屋仍在更新、账号正常；A站同名搬运号已枚举，这批在 A站 没有对应，维持现状，定期复查失效
372,G,8 条（2020）,2020,live,只挂录像小屋一个来源的直播,B站 女流录像小屋,单源·录像小屋,是（仅单一来源）,否,其他年份,中,录像小屋仍在更新、账号正常；A站同名搬运号已枚举，这批在 A站 没有对应，维持现状，定期复查失效
373,G,3 条（2021）,2021,live,只挂录像小屋一个来源的直播,B站 女流录像小屋,单源·录像小屋,是（仅单一来源）,否,其他年份,中,录像小屋仍在更新、账号正常；A站同名搬运号已枚举，这批在 A站 没有对应，维持现状，定期复查失效
374,G,14 条（2022）,2022,live,只挂录像小屋一个来源的直播,B站 女流录像小屋,单源·录像小屋,是（仅单一来源）,否,其他年份,中,录像小屋仍在更新、账号正常；A站同名搬运号已枚举，这批在 A站 没有对应，维持现状，定期复查失效
375,G,6 条（2023）,2023,live,只挂录像小屋一个来源的直播,B站 女流录像小屋,单源·录像小屋,是（仅单一来源）,否,其他年份,中,录像小屋仍在更新、账号正常；A站同名搬运号已枚举，这批在 A站 没有对应，维持现状，定期复查失效
376,G,28 条（2024）,2024,live,只挂录像小屋一个来源的直播,B站 女流录像小屋,单源·录像小屋,是（仅单一来源）,否,其他年份,中,录像小屋仍在更新、账号正常；A站同名搬运号已枚举，这批在 A站 没有对应，维持现状，定期复查失效
377,G,7 条（2025）,2025,live,只挂录像小屋一个来源的直播,B站 女流录像小屋,单源·录像小屋,是（仅单一来源）,否,其他年份,中,录像小屋仍在更新、账号正常；A站同名搬运号已枚举，这批在 A站 没有对应，维持现状，定期复查失效
378,G,2 条（2026）,2026,live,只挂录像小屋一个来源的直播,B站 女流录像小屋,单源·录像小屋,是（仅单一来源）,否,其他年份,中,录像小屋仍在更新、账号正常；A站同名搬运号已枚举，这批在 A站 没有对应，维持现状，定期复查失效
379,L,—,2017-11-19～12-17,lead,戏说红楼第一～十章（B站 BV17W411a7tw 等 10 条、A站 ac4138953 等 10 条）,录像小屋 2017-12-15/17 投的「66说书」剪辑章节，逐章对应哪一天的直播未定（节目单 66说书 在 11-19、11-26、12-08、12-10、12-17）,片段,—,—,斗鱼早期（2016～2017）,低,逐章对照 66说书 各场录像时间轴后作为片段来源挂上
380,L,—,2018-06-12 起,lead,斗鱼官方回看多场次日期（约 50 天）,同一天有 2 个以上斗鱼场次、档案只有 1 条；多数是断线重连，本轮已处理可确认的 8 天（4 天另开一场、5 天补尾段）,—,—,—,其他年份,低,其余逐日按场次时间与录像分P 名核对：间隔超过 30 分钟且内容不同的才拆成第二场
381,L,—,全库,lead,约 250 条条目时长小于所挂录像的全长,多数是合集按分P 挂的（整条 BV 时长不代表该日），少数是真漏算；本轮只订正了逐条核对过的 20 条,—,—,—,其他年份,低,按分P 时长逐条复核，不要按整条 BV 时长批量改
