tid,created_cst,reply_count,title,bearing,url
3503934685,2015-01-02 22:09,96,闲来无事不如灌水。,,https://tieba.baidu.com/p/3503934685
3512536528,2015-01-06 23:09,16,有谁发现了66的一个口头禅？,,https://tieba.baidu.com/p/3512536528
3519696099,2015-01-10 17:15,7,【女流】90秒作画大挑战,,https://tieba.baidu.com/p/3519696099
3530484387,2015-01-15 19:41,7,【女流】巩固我FPS女王的地位,,https://tieba.baidu.com/p/3530484387
3530486313,2015-01-15 19:42,5,【女流】小小大星球试玩解说,,https://tieba.baidu.com/p/3530486313
3541217131,2015-01-21 15:34,32,女流在斗鱼直播呢，献上地址,佐证 2015-01-21,https://tieba.baidu.com/p/3541217131
3541432047,2015-01-21 17:47,0,转贴:【女流】66的日常练脑,,https://tieba.baidu.com/p/3541432047
3543090145,2015-01-22 16:29,25,新人来这里报道啦。,,https://tieba.baidu.com/p/3543090145
3543181038,2015-01-22 17:25,0,【女流】小小大星球3探索之旅,,https://tieba.baidu.com/p/3543181038
3544895785,2015-01-23 16:29,1,66现在在斗鱼直播的游戏叫什么啊？,佐证 2015-01-23,https://tieba.baidu.com/p/3544895785
3544935203,2015-01-23 16:53,3,逼疯了流酱的游戏 。。快来大神解决一下啊,,https://tieba.baidu.com/p/3544935203
3545290080,2015-01-23 20:27,6,求助～～！ 为啥我在手机斗鱼上看女流无限连接？？,,https://tieba.baidu.com/p/3545290080
3545364854,2015-01-23 21:06,29,今天66在斗鱼直播  主播被蹂躏惨了,佐证 2015-01-23,https://tieba.baidu.com/p/3545364854
3546971327,2015-01-24 19:12,3,女流春节去海南过，有组团一起去看咱妈的么？？,,https://tieba.baidu.com/p/3546971327
3546985847,2015-01-24 19:20,4,66斗鱼直播 神秘的手,,https://tieba.baidu.com/p/3546985847
3550944499,2015-01-26 20:26,5,66斗鱼直播  艾瑞克特写,,https://tieba.baidu.com/p/3550944499
3552806473,2015-01-27 19:55,22,66斗鱼直播 主播特写第三集,,https://tieba.baidu.com/p/3552806473
3552889698,2015-01-27 20:38,9,女流跟籽岷是什么关系？,,https://tieba.baidu.com/p/3552889698
3553938665,2015-01-28 12:21,11,深一模语文的破鬼题,,https://tieba.baidu.com/p/3553938665
3554022383,2015-01-28 13:11,3,希望女流直播难玩游戏！,,https://tieba.baidu.com/p/3554022383
3555238934,2015-01-29 00:38,10,哎 现在想想曾经加上了66的qq但是感觉不是又把她给拉黑了,,https://tieba.baidu.com/p/3555238934
3557257197,2015-01-30 07:39,20,【66】好片，烂片，那些年我看过的电影,,https://tieba.baidu.com/p/3557257197
3561749699,2015-02-01 17:10,38,66斗鱼直播录像高清完整版下载,录像组下载帖（网盘已失效）,https://tieba.baidu.com/p/3561749699
3563732365,2015-02-02 18:37,8,66斗鱼直播 主播特写第五集,,https://tieba.baidu.com/p/3563732365
3566566937,2015-02-04 09:17,6,【何处望神州】这个吧好冷清啊，，我决定冒个泡说明这里还有人,,https://tieba.baidu.com/p/3566566937
3567747052,2015-02-04 20:49,2,关于66直播房管乱封人的一些看法,,https://tieba.baidu.com/p/3567747052
3567840541,2015-02-04 21:36,1,66斗鱼直播 主播特写第六集,,https://tieba.baidu.com/p/3567840541
3568029714,2015-02-04 23:05,3,【何处望神州】每日一帖说明我闲着。。,,https://tieba.baidu.com/p/3568029714
3569859006,2015-02-05 22:26,7,66斗鱼直播 主播特写第七集,,https://tieba.baidu.com/p/3569859006
3570068890,2015-02-06 00:18,2,【何处望神州】实力水贴，没人我也水！,,https://tieba.baidu.com/p/3570068890
3572732348,2015-02-07 14:54,3,还爱,,https://tieba.baidu.com/p/3572732348
3576724920,2015-02-09 17:58,1,转贴:TO THE MOON,佐证 2015-02-09,https://tieba.baidu.com/p/3576724920
3576972423,2015-02-09 20:24,8,女流又不直播了,,https://tieba.baidu.com/p/3576972423
3581282338,2015-02-12 01:57,31,【何处望神州】关于直播问题可以咨询,,https://tieba.baidu.com/p/3581282338
3582063415,2015-02-12 15:08,39,流感一群都是变态,,https://tieba.baidu.com/p/3582063415
3582361161,2015-02-12 18:13,14,问个问题，女流胸前的项链分别是什么材质？有懂行的么？好奇,,https://tieba.baidu.com/p/3582361161
3583536278,2015-02-13 11:14,12,【2014我的bilibili】 一起来搭乘时光机器吧,,https://tieba.baidu.com/p/3583536278
3584579775,2015-02-13 21:50,12,祝贺！女流群第一对情侣！,,https://tieba.baidu.com/p/3584579775
3585283061,2015-02-14 09:44,1,年好,,https://tieba.baidu.com/p/3585283061
3591981712,2015-02-18 09:49,10,新年快乐～～米那桑,,https://tieba.baidu.com/p/3591981712
3592958120,2015-02-18 21:40,11,新年快乐！,,https://tieba.baidu.com/p/3592958120
3593385890,2015-02-19 01:23,10,流感们给66的私房话——2015新春祝福,,https://tieba.baidu.com/p/3593385890
3595726336,2015-02-20 20:48,9,一年多没有关注女流了，今天突然发现她爆照了，有谁可以解释一下,,https://tieba.baidu.com/p/3595726336
3596802659,2015-02-21 16:49,7,我就发个图，不说话,,https://tieba.baidu.com/p/3596802659
3599481044,2015-02-23 13:01,2,纯手工制作,,https://tieba.baidu.com/p/3599481044
3600653655,2015-02-24 04:13,2,冒个泡,,https://tieba.baidu.com/p/3600653655
3601258810,2015-02-24 15:22,4,这个吧确实有点冷,,https://tieba.baidu.com/p/3601258810
3601641100,2015-02-24 19:45,6,流哥好！！,,https://tieba.baidu.com/p/3601641100
3603553897,2015-02-25 20:56,25,勇敢的少年，快去创造奇迹！,,https://tieba.baidu.com/p/3603553897
3607962050,2015-02-28 06:59,14,日本人发明了一种透明的文件夹,,https://tieba.baidu.com/p/3607962050
3609660998,2015-02-28 23:55,43,无事一身轻～～,,https://tieba.baidu.com/p/3609660998
3614136733,2015-03-03 14:10,3,66666666666666昨天晚上斗鱼直播的那个游戏 叫什么名字 ？,佐证 2015-03-02,https://tieba.baidu.com/p/3614136733
3617358653,2015-03-05 07:37,4,元宵快乐。。但我吃不到元宵,,https://tieba.baidu.com/p/3617358653
3629610050,2015-03-11 16:16,5,66扎耳洞，然后今天剧痛。。。,佐证 2015-03-11,https://tieba.baidu.com/p/3629610050
3650028024,2015-03-21 15:54,1,问一下。女流最近直播的什么平台的游戏？,,https://tieba.baidu.com/p/3650028024
3654480373,2015-03-23 17:38,0,女流感上直播了。赶紧来看～,,https://tieba.baidu.com/p/3654480373
3658284989,2015-03-25 13:49,2,转贴:港版PS4开箱,佐证 2015-03-25,https://tieba.baidu.com/p/3658284989
3659557405,2015-03-26 02:50,2,【好贱！鬼畜又墨迹的章鱼新郎】黑之推荐第2期,,https://tieba.baidu.com/p/3659557405
3662753237,2015-03-27 19:11,1,66的psn到底是什么啊,,https://tieba.baidu.com/p/3662753237
3712198979,2015-04-20 10:36,6,啥时候红了的都不知道。。。,,https://tieba.baidu.com/p/3712198979
3713531707,2015-04-20 22:22,4,我就是来问问大家这个是什么游戏,佐证 2015-04-20,https://tieba.baidu.com/p/3713531707
3715596345,2015-04-21 22:21,0,【循环走廊，无处可躲藏】黑玩怕怕第7期,,https://tieba.baidu.com/p/3715596345
3717602773,2015-04-22 21:44,2,有么有人玩魔力啊~？,,https://tieba.baidu.com/p/3717602773
3718971670,2015-04-23 15:26,1,【一位手残人士的升级之旅】黑之推荐第6期,,https://tieba.baidu.com/p/3718971670
3724424524,2015-04-26 02:57,0,前天还是大前天66预告说有个手游,,https://tieba.baidu.com/p/3724424524
3725591049,2015-04-26 17:36,8,女流淘宝商家合作伙伴前来探班,,https://tieba.baidu.com/p/3725591049
3726358684,2015-04-26 23:28,1,推荐给女流的游戏,,https://tieba.baidu.com/p/3726358684
3727220108,2015-04-27 12:52,4,66现在还在斗鱼上直播吗？,佐证 2015-04-28,https://tieba.baidu.com/p/3727220108
3730445927,2015-04-28 22:17,3,问一个游戏,,https://tieba.baidu.com/p/3730445927
3737912679,2015-05-02 16:00,7,我居然看到吧里有人叫女流阿姨……,,https://tieba.baidu.com/p/3737912679
3750670574,2015-05-08 17:43,1,这次66去霓虹微博发的照片，有没有人全部保存下来,,https://tieba.baidu.com/p/3750670574
3754448934,2015-05-10 13:09,6,吧里有打暗黑三的么？,,https://tieba.baidu.com/p/3754448934
3763392456,2015-05-14 19:16,1,66刚刚播雷曼传奇水下那关的音乐有谁有吗,佐证 2015-05-14,https://tieba.baidu.com/p/3763392456
3780268425,2015-05-22 23:10,5,没人录直播是为什么,,https://tieba.baidu.com/p/3780268425
3786333311,2015-05-25 21:42,3,女流我爱你！！！！！！,,https://tieba.baidu.com/p/3786333311
3795720563,2015-05-30 14:26,0,灌水,,https://tieba.baidu.com/p/3795720563
3798386551,2015-05-31 20:13,9,流感新人    前来报到,,https://tieba.baidu.com/p/3798386551
3802504951,2015-06-02 21:34,22,【外交】关于最近某位黑粉,,https://tieba.baidu.com/p/3802504951
3807322250,2015-06-05 09:58,2,昨天看66直播，大约七点她说她那里已经11点了,佐证 2015-06-04,https://tieba.baidu.com/p/3807322250
3809036054,2015-06-06 01:21,2,女流过年的时候有和其他解说一起做过视频么？,,https://tieba.baidu.com/p/3809036054
3809330730,2015-06-06 09:25,12,成败在此一举,,https://tieba.baidu.com/p/3809330730
3810452571,2015-06-06 19:30,15,闲的无聊下了款可以去掉PS效果的软件,,https://tieba.baidu.com/p/3810452571
3814514714,2015-06-08 17:40,12,考完了，谢谢大家的祝福,,https://tieba.baidu.com/p/3814514714
3890035389,2015-07-13 01:01,319,开个贴把收集到66歌单整理一下，一俩天内更完，欢迎补充~,佐证 2015-09-03、2015-11-02；歌单整理帖（跨 07-13～11-11）,https://tieba.baidu.com/p/3890035389
3900753504,2015-07-17 15:48,16,今天是什么节奏...,佐证 2015-07-17,https://tieba.baidu.com/p/3900753504
3901669463,2015-07-17 22:51,16,真心告白 千万别水,,https://tieba.baidu.com/p/3901669463
3901735690,2015-07-17 23:19,5,女流在招募视频后期团队,,https://tieba.baidu.com/p/3901735690
3902068177,2015-07-18 05:31,7,有没有觉得很像女流,,https://tieba.baidu.com/p/3902068177
3902698103,2015-07-18 13:00,5,发段别人整理过的我6的直播,,https://tieba.baidu.com/p/3902698103
3902996196,2015-07-18 15:30,2,今天几点来,佐证 2015-07-18,https://tieba.baidu.com/p/3902996196
3906010938,2015-07-19 21:30,11,淘宝买多少钱有签名照啊！！！！！,,https://tieba.baidu.com/p/3906010938
3906929795,2015-07-20 10:17,7,女流的店没客服吗……,,https://tieba.baidu.com/p/3906929795
3907446952,2015-07-20 14:13,32,完了 老婆要被抢了,,https://tieba.baidu.com/p/3907446952
3909799507,2015-07-21 13:51,11,哈哈，这屁股不明觉厉,,https://tieba.baidu.com/p/3909799507
3911163902,2015-07-21 23:44,4,真希望66加入手残联萌，有没有和我一样想法的？,,https://tieba.baidu.com/p/3911163902
3911945852,2015-07-22 11:38,4,女流玩mc是用什么联机的？,,https://tieba.baidu.com/p/3911945852
3912624992,2015-07-22 16:40,114,这一幕让我瞬间相信爱情,佐证 2015-07-22,https://tieba.baidu.com/p/3912624992
3912669965,2015-07-22 16:59,5,粉丝进！！！！,,https://tieba.baidu.com/p/3912669965
3912682132,2015-07-22 17:04,2,泪目,,https://tieba.baidu.com/p/3912682132
3912716113,2015-07-22 17:18,5,下午的视频有人录么？,,https://tieba.baidu.com/p/3912716113
3912726919,2015-07-22 17:22,0,小桀你个怂逼！,,https://tieba.baidu.com/p/3912726919
3912764035,2015-07-22 17:39,15,希望水友们不要好心办坏事~~,,https://tieba.baidu.com/p/3912764035
3912799867,2015-07-22 17:56,1,女流的我的世界服务器怎么连啊,,https://tieba.baidu.com/p/3912799867
3913716584,2015-07-23 00:58,16,错过了今天下午 谁有弹幕完整版的,,https://tieba.baidu.com/p/3913716584
3914789475,2015-07-23 14:45,4,球球大作战   UP主:66loveslife,,https://tieba.baidu.com/p/3914789475
3914935769,2015-07-23 15:48,6,来一波水彩66~~~~,,https://tieba.baidu.com/p/3914935769
3915112640,2015-07-23 16:58,8,我可不可以问女流玩我的世界服务器的IP地址,,https://tieba.baidu.com/p/3915112640
3915180136,2015-07-23 17:24,19,有没有一起玩的啊,,https://tieba.baidu.com/p/3915180136
3917125630,2015-07-24 13:22,1,为什么66粉丝群不允许任何人加入啊。,,https://tieba.baidu.com/p/3917125630
3917250868,2015-07-24 14:19,6,女流玩儿的那个造飞机的游戏叫什么啊,,https://tieba.baidu.com/p/3917250868
3917322846,2015-07-24 14:52,14,心疼66,,https://tieba.baidu.com/p/3917322846
3918716679,2015-07-25 01:23,9,可能给大家泼冷水了，其实风之旅,,https://tieba.baidu.com/p/3918716679
3920522387,2015-07-25 21:16,13,事到如今，我只好承认了,,https://tieba.baidu.com/p/3920522387
3921065129,2015-07-26 01:23,2,风之旅人全流程录像,,https://tieba.baidu.com/p/3921065129
3922905172,2015-07-26 21:39,14,找个小游戏，求帮助,,https://tieba.baidu.com/p/3922905172
3923980280,2015-07-27 11:22,5,昨天小杰自己带节奏，把自己带坑里了。,佐证 2015-07-26,https://tieba.baidu.com/p/3923980280
3925441219,2015-07-27 22:17,6,本人是小学生，大爱女流,,https://tieba.baidu.com/p/3925441219
3926499173,2015-07-28 11:46,6,问一下女流一般斗鱼几点直播？,,https://tieba.baidu.com/p/3926499173
3927250489,2015-07-28 17:15,1,求女流哼唱的头发乌黑黑MP3！！！,,https://tieba.baidu.com/p/3927250489
3927408412,2015-07-28 18:26,7,话说给66推荐游戏只能微信吗,,https://tieba.baidu.com/p/3927408412
3927500854,2015-07-28 19:10,7,今天真是笑死了。,07-28 今天高能,https://tieba.baidu.com/p/3927500854
3927603508,2015-07-28 20:01,4,大神们，我想问问66直播录像在哪里有啊？,佐证 2015-07-28；07-28 设计大赛,https://tieba.baidu.com/p/3927603508
3928009915,2015-07-28 22:52,6,风之旅人完整版密码多少，有人知道么,,https://tieba.baidu.com/p/3928009915
3928084172,2015-07-28 23:23,7,求求求,佐证 2015-07-28；07-28 皮卡丘像素画,https://tieba.baidu.com/p/3928084172
3928677281,2015-07-29 09:47,11,女流教过的单词有没有人知道 啊,,https://tieba.baidu.com/p/3928677281
3929043470,2015-07-29 12:21,10,斗鱼吧喷子太多 这里如果有没弹幕的进来 看看我能帮你不,,https://tieba.baidu.com/p/3929043470
3930372131,2015-07-29 21:44,1,30号cj求带求组队,,https://tieba.baidu.com/p/3930372131
3930409765,2015-07-29 21:57,22,刚才的肌肉男是谁？！！！,,https://tieba.baidu.com/p/3930409765
3930456759,2015-07-29 22:14,11,有人看老佳的MC佳服吗？那个才,,https://tieba.baidu.com/p/3930456759
3930677198,2015-07-29 23:35,26,女流去CJ没人发照片吗？,,https://tieba.baidu.com/p/3930677198
3931677924,2015-07-30 12:19,28,没人看鸡哥直播吗,,https://tieba.baidu.com/p/3931677924
3931750135,2015-07-30 12:51,4,我发表了一篇图片贴，大伙来看看吧~,,https://tieba.baidu.com/p/3931750135
3931768952,2015-07-30 12:59,0,超管会玩,,https://tieba.baidu.com/p/3931768952
3933258826,2015-07-30 23:29,20,我说我的眼里只有你！,,https://tieba.baidu.com/p/3933258826
3935701792,2015-07-31 22:47,15,为什么现在露脸的女流和之前解说小游戏的声音风格完全不一样？,,https://tieba.baidu.com/p/3935701792
3937980814,2015-08-01 21:10,10,女流………,,https://tieba.baidu.com/p/3937980814
3938437377,2015-08-01 23:47,5,发图跑,,https://tieba.baidu.com/p/3938437377
3939967871,2015-08-02 15:53,28,6皇之舞--魔性之舞,,https://tieba.baidu.com/p/3939967871
3940318119,2015-08-02 18:32,47,新人,,https://tieba.baidu.com/p/3940318119
3940933887,2015-08-02 22:37,18,你们说像不像女流~,,https://tieba.baidu.com/p/3940933887
3941405686,2015-08-03 03:14,4,女流房间号！急！！！,,https://tieba.baidu.com/p/3941405686
3942526338,2015-08-03 14:48,6,66现在在哪直播呢 是在家吗,佐证 2015-08-03,https://tieba.baidu.com/p/3942526338
3942541266,2015-08-03 14:54,6,怎么跟66一起玩mc,佐证 2015-08-03；08-03 服务器,https://tieba.baidu.com/p/3942541266
3942615970,2015-08-03 15:23,6,求大神给我的世界下载地址,,https://tieba.baidu.com/p/3942615970
3942785089,2015-08-03 16:28,26,新人有一个问题，小杰和66到底在一起没,,https://tieba.baidu.com/p/3942785089
3943141046,2015-08-03 18:47,8,没人看到这个么？,,https://tieba.baidu.com/p/3943141046
3943205061,2015-08-03 19:14,7,女流玩单机吗？,,https://tieba.baidu.com/p/3943205061
3943756620,2015-08-03 22:44,7,【爱女流】终于找到你了,,https://tieba.baidu.com/p/3943756620
3945820445,2015-08-04 18:01,5,听说贴吧不能输入繁体字,,https://tieba.baidu.com/p/3945820445
3945881871,2015-08-04 18:27,9,小白的房间号是什么啊,,https://tieba.baidu.com/p/3945881871
3946283121,2015-08-04 21:16,6,"求告知,谢谢",,https://tieba.baidu.com/p/3946283121
3946536620,2015-08-04 22:47,10,去了cj的最大收获！！！！！！！！,,https://tieba.baidu.com/p/3946536620
3949013305,2015-08-05 21:18,5,我又来发游戏小视频了,,https://tieba.baidu.com/p/3949013305
3953058254,2015-08-07 11:24,1,66又要去上海参加什么活动,,https://tieba.baidu.com/p/3953058254
3954033568,2015-08-07 18:05,4,66直播mc用的材质包是什么？,,https://tieba.baidu.com/p/3954033568
3959265036,2015-08-09 19:18,2,有没有直播时候的歌单？,,https://tieba.baidu.com/p/3959265036
3959521884,2015-08-09 21:10,5,女流mc是哪个版本啊,,https://tieba.baidu.com/p/3959521884
3962781501,2015-08-11 02:50,14,女流日常单口相声-少女心,,https://tieba.baidu.com/p/3962781501
3964540770,2015-08-11 19:48,25,6则天好搞笑啊。。。。,,https://tieba.baidu.com/p/3964540770
3965863958,2015-08-12 10:50,5,大家可以告诉我 出现pdd的照片的是哪天的直播吗,,https://tieba.baidu.com/p/3965863958
3966808493,2015-08-12 17:37,20,怎么这么多弹幕骂66.。。。,,https://tieba.baidu.com/p/3966808493
3966825567,2015-08-12 17:44,8,女流教英语nice guy comes last是这句吗,,https://tieba.baidu.com/p/3966825567
3966957920,2015-08-12 18:45,30,女流怎么哭了啊,佐证 2015-08-12,https://tieba.baidu.com/p/3966957920
3967041155,2015-08-12 19:24,20,8.12  刚才发生什么事了 ？？,佐证 2015-08-12,https://tieba.baidu.com/p/3967041155
3967045061,2015-08-12 19:25,1,不明真相吃瓜群众表示哪位老司机知道刚刚怎么回事,,https://tieba.baidu.com/p/3967045061
3970115735,2015-08-13 22:47,11,毁词不倦盘点女流组成的新成语,佐证 2015-08-15,https://tieba.baidu.com/p/3970115735
3972918647,2015-08-15 00:53,0,【女流】她的故事——part1,,https://tieba.baidu.com/p/3972918647
3976784152,2015-08-16 18:00,14,【爱生活，爱女流】这里小心人 分享一下我的世界帆船模组~,,https://tieba.baidu.com/p/3976784152
3978292234,2015-08-17 10:39,55,女流我喜欢你！！表白向！,,https://tieba.baidu.com/p/3978292234
3978446908,2015-08-17 11:43,71,女流说她喜欢黄渤这样的男人，这是喜欢老男人么？,,https://tieba.baidu.com/p/3978446908
3978744921,2015-08-17 13:59,2,教了哪些英语啊？,佐证 2015-08-16,https://tieba.baidu.com/p/3978744921
3978826723,2015-08-17 14:36,1,八爪大咖：学霸女流专访 爆料喜欢黄渤！,,https://tieba.baidu.com/p/3978826723
3979264933,2015-08-17 17:38,6,我感觉66心中无数只草泥马奔腾而过。,佐证 2015-08-17,https://tieba.baidu.com/p/3979264933
3980655521,2015-08-18 09:23,13,对女流身体健康的建议。,,https://tieba.baidu.com/p/3980655521
3980688780,2015-08-18 09:40,0,【爱女流】女流自己注意身体呀,,https://tieba.baidu.com/p/3980688780
3982194172,2015-08-18 20:54,331,【斗鱼直播】解封专贴,,https://tieba.baidu.com/p/3982194172
3984090481,2015-08-19 16:15,3,这是什么游戏，好好玩,佐证 2015-08-19,https://tieba.baidu.com/p/3984090481
3986789539,2015-08-20 16:55,11,女流 我的世界用的什么材质包 求解,08-20 MC 材质包,https://tieba.baidu.com/p/3986789539
3987255755,2015-08-20 20:43,6,心疼发发,,https://tieba.baidu.com/p/3987255755
3987395000,2015-08-20 21:44,0,一图流,,https://tieba.baidu.com/p/3987395000
3987423137,2015-08-20 21:56,29,白袍输了游戏 赢得了66的心,,https://tieba.baidu.com/p/3987423137
3987442335,2015-08-20 22:04,2,风之旅人,,https://tieba.baidu.com/p/3987442335
3987595981,2015-08-20 23:08,10,小杰居然碰到五仁了,,https://tieba.baidu.com/p/3987595981
3987877139,2015-08-21 02:09,17,女流七夕风之旅人--来晚系列......,,https://tieba.baidu.com/p/3987877139
3988163173,2015-08-21 09:12,15,有一种友情叫小桀和女流...,,https://tieba.baidu.com/p/3988163173
3988412092,2015-08-21 11:10,4,新人报道 求笼罩,,https://tieba.baidu.com/p/3988412092
3989459508,2015-08-21 19:22,52,【女流MC】招人补充条件——请报名前确认符合条件,,https://tieba.baidu.com/p/3989459508
3993802826,2015-08-23 17:26,19,谁说女王大人没胸的，站出来！,,https://tieba.baidu.com/p/3993802826
3995110223,2015-08-24 08:57,8,这个男的是谁啊,,https://tieba.baidu.com/p/3995110223
3995171976,2015-08-24 09:33,8,征求女流正面照和侧面照,,https://tieba.baidu.com/p/3995171976
3996618232,2015-08-24 20:33,3,女流的her story的那个中英双字怎么弄的,,https://tieba.baidu.com/p/3996618232
3999137934,2015-08-25 21:37,2,女流日常-8月21日 paly bridge 部分剪辑,佐证 2015-08-21,https://tieba.baidu.com/p/3999137934
4000471630,2015-08-26 13:50,6,不好了 女流去日本了,,https://tieba.baidu.com/p/4000471630
4002861666,2015-08-27 14:30,18,女流去哪了？,,https://tieba.baidu.com/p/4002861666
4003321031,2015-08-27 18:00,7,游戏男女求背景音乐,,https://tieba.baidu.com/p/4003321031
4005262163,2015-08-28 15:15,18,pt这游戏不适合66,佐证 2015-08-27,https://tieba.baidu.com/p/4005262163
4005895108,2015-08-28 20:25,2,贴吧发斗鱼视频的录像了赞。。。,,https://tieba.baidu.com/p/4005895108
4008992989,2015-08-30 09:50,10,求中元节那天录像！,佐证 2015-08-28,https://tieba.baidu.com/p/4008992989
4009692782,2015-08-30 16:07,2,问一下，现在的bgm是什么,佐证 2015-08-30,https://tieba.baidu.com/p/4009692782
4009732699,2015-08-30 16:29,23,请问这个是女流66的贴吧吗？斗鱼直播那个！,,https://tieba.baidu.com/p/4009732699
4011388135,2015-08-31 12:21,12,【MC公共服】公共服资格小测试开始啦！！,08-31 MC 公共服,https://tieba.baidu.com/p/4011388135
4012820107,2015-09-01 00:35,1,今天的mc直播有人录嘛,佐证 2015-08-31；08-31 MC 直播,https://tieba.baidu.com/p/4012820107
4012865302,2015-09-01 01:17,10,模拟人版女流~~~~~~~~,,https://tieba.baidu.com/p/4012865302
4014001907,2015-09-01 16:10,8,有木有女流玩的坎贝拉太空计划汉,,https://tieba.baidu.com/p/4014001907
4014163837,2015-09-01 17:34,6,推荐66用橘黄色燃料桶,佐证 2015-09-01,https://tieba.baidu.com/p/4014163837
4016496912,2015-09-02 19:35,5,今天女流播的恐怖游戏叫什么。。谢谢各位,佐证 2015-09-02,https://tieba.baidu.com/p/4016496912
4019106425,2015-09-03 22:29,2,66直播我的世界用的哪些mod呀,,https://tieba.baidu.com/p/4019106425
4021203362,2015-09-04 21:20,10,请问一下怎么可以参加女流的心灵砒霜节目？,佐证 2015-09-09,https://tieba.baidu.com/p/4021203362
4027647158,2015-09-07 22:41,2,额想知道女流的星座,,https://tieba.baidu.com/p/4027647158
4029553720,2015-09-08 20:41,15,66原来有亲弟弟,佐证 2015-08-30,https://tieba.baidu.com/p/4029553720
4031399246,2015-09-09 17:14,2,求助攻！,,https://tieba.baidu.com/p/4031399246
4031696653,2015-09-09 19:49,6,新人报到,,https://tieba.baidu.com/p/4031696653
4034179506,2015-09-10 22:22,2,求助直播录像的问题？,,https://tieba.baidu.com/p/4034179506
4038446972,2015-09-12 23:24,1,有没有人录了深夜心灵砒霜的啊！,佐证 2015-09-12,https://tieba.baidu.com/p/4038446972
4039482219,2015-09-13 14:26,16,微博什么鬼，被房东赶出来了？,佐证 2015-09-13、2015-09-14,https://tieba.baidu.com/p/4039482219
4040350573,2015-09-13 22:26,7,求一首bgm,,https://tieba.baidu.com/p/4040350573
4040350945,2015-09-13 22:27,7,66之前介绍过一次科幻小说都有什么来的？,,https://tieba.baidu.com/p/4040350945
4043096967,2015-09-15 09:13,2,看到66的一篇专访，冒泡支持！！B-),,https://tieba.baidu.com/p/4043096967
4044238239,2015-09-15 19:27,11,优酷脑残吧，给女流户外直播弄个surface pro3,佐证 2015-09-16,https://tieba.baidu.com/p/4044238239
4044618654,2015-09-15 22:34,27,真的硬盘见了,,https://tieba.baidu.com/p/4044618654
4047412504,2015-09-17 10:00,1,请问女流玩的那个宫廷游戏叫什么,,https://tieba.baidu.com/p/4047412504
4050039703,2015-09-18 14:26,2,你们有女流大概4月份在斗鱼播潜伏之赤途的录像吗？,,https://tieba.baidu.com/p/4050039703
4050536500,2015-09-18 18:40,9,最后一次警告女流吧所有人！都T,,https://tieba.baidu.com/p/4050536500
4065175281,2015-09-25 23:29,4,66玩过的那个搭桥的游戏叫什么啊,,https://tieba.baidu.com/p/4065175281
4068275521,2015-09-27 16:21,40,怎么突然哭了,佐证 2015-09-27,https://tieba.baidu.com/p/4068275521
4068711422,2015-09-27 20:51,1,公共服怎么加！！！,,https://tieba.baidu.com/p/4068711422
4068922683,2015-09-27 22:40,1,跪求女流装备,,https://tieba.baidu.com/p/4068922683
4069587139,2015-09-28 11:19,5,大胸脯女骗子！,佐证 2015-09-28,https://tieba.baidu.com/p/4069587139
4072131815,2015-09-29 18:02,6,【爱生活爱女流】洒家过来水一下，各位吧主辛苦了,,https://tieba.baidu.com/p/4072131815
4072188846,2015-09-29 18:38,1,转贴:旅游照片未整理,佐证 2015-09-29,https://tieba.baidu.com/p/4072188846
4073378656,2015-09-30 11:33,27,【征集意见贴】我打算开展女流吧第一次歌会,歌会征集帖,https://tieba.baidu.com/p/4073378656
4073843348,2015-09-30 16:18,9,【爱生活爱女流】水一个-------大搬运之术,,https://tieba.baidu.com/p/4073843348
4076265658,2015-10-01 20:12,4,发签字那游戏视频有没有呀,佐证 2015-10-01,https://tieba.baidu.com/p/4076265658
4079326241,2015-10-03 13:24,3,4年前玩的一款物理游戏找不到了,,https://tieba.baidu.com/p/4079326241
4079579128,2015-10-03 16:00,12,直播时貌似暴露了自己名字,,https://tieba.baidu.com/p/4079579128
4079886537,2015-10-03 19:08,59,女流之心灵砒霜合集（优酷超清）,佐证 2015-09-27；心灵砒霜优酷合集索引（07-05～09-27 十一条）,https://tieba.baidu.com/p/4079886537
4080483905,2015-10-04 00:07,1,求个助攻,,https://tieba.baidu.com/p/4080483905
4081459083,2015-10-04 15:21,17,谁知道筷子兄弟那首歌？？什么时光时光慢些吧？？？在线等！！急,,https://tieba.baidu.com/p/4081459083
4082115723,2015-10-04 21:20,4,新人想问下吧里的老司机们~66,,https://tieba.baidu.com/p/4082115723
4084160046,2015-10-05 21:29,7,这几天66好像没有直播？,,https://tieba.baidu.com/p/4084160046
4085400761,2015-10-06 13:55,4,我就是单纯的来晒签名照的,,https://tieba.baidu.com/p/4085400761
4085807487,2015-10-06 17:35,9,秀波桌面,,https://tieba.baidu.com/p/4085807487
4088761241,2015-10-08 05:42,1,放下放不下 还不是没拿起来,,https://tieba.baidu.com/p/4088761241
4089160294,2015-10-08 11:36,10,大家准备好面对我6的短卷发了么？,佐证 2015-10-18,https://tieba.baidu.com/p/4089160294
4090475690,2015-10-08 23:51,3,女流现在还直播吗,,https://tieba.baidu.com/p/4090475690
4091003276,2015-10-09 10:47,5,求歌名,,https://tieba.baidu.com/p/4091003276
4091924452,2015-10-09 19:35,0,【黑黑试玩】《脱逃者行尸走肉》依然被囚困，人生总是如此相似！,,https://tieba.baidu.com/p/4091924452
4094371928,2015-10-10 23:54,21,同样一顶帽子。。。,,https://tieba.baidu.com/p/4094371928
4095563861,2015-10-11 17:28,7,求66教我们学的几句英文！！！,,https://tieba.baidu.com/p/4095563861
4096015631,2015-10-11 21:39,7,偶然发现66,,https://tieba.baidu.com/p/4096015631
4096382503,2015-10-12 01:05,0,受不鸟了666666666666666,,https://tieba.baidu.com/p/4096382503
4096988115,2015-10-12 12:49,3,有人有66直播录像的链接么？,,https://tieba.baidu.com/p/4096988115
4097554816,2015-10-12 18:19,8,你之恋与真实之恋 这个游戏是谁给女流的呀,,https://tieba.baidu.com/p/4097554816
4099568849,2015-10-13 19:51,9,请问吧里有大神是录直播录像的么？,,https://tieba.baidu.com/p/4099568849
4099985700,2015-10-13 23:28,5,【十月歌会】现在只有五位吧友投稿！,,https://tieba.baidu.com/p/4099985700
4100629007,2015-10-14 11:57,7,66前几天玩的一款游戏经营游戏是什么？求告知,,https://tieba.baidu.com/p/4100629007
4101626027,2015-10-14 21:38,1,谁有女流直播MC时所有东西都做完的录像,,https://tieba.baidu.com/p/4101626027
4102557095,2015-10-15 12:27,6,66今天直播吗?,,https://tieba.baidu.com/p/4102557095
4105666201,2015-10-16 23:56,23,66有男友了么,,https://tieba.baidu.com/p/4105666201
4106920135,2015-10-17 17:52,1,今天不播吗？,,https://tieba.baidu.com/p/4106920135
4107764088,2015-10-18 00:56,2,有人知道女流用的什么剪辑软件和录音软件么？,,https://tieba.baidu.com/p/4107764088
4110696533,2015-10-19 16:19,3,今天不直播吗？,,https://tieba.baidu.com/p/4110696533
4111524293,2015-10-19 23:51,7,- - 刚才直播看到，有点像66 吧？,,https://tieba.baidu.com/p/4111524293
4112417027,2015-10-20 14:26,1,右下角的女流B站连接错了吧,,https://tieba.baidu.com/p/4112417027
4112517598,2015-10-20 15:22,3,女流还是脸皮太薄啊！,,https://tieba.baidu.com/p/4112517598
4113432416,2015-10-20 23:51,0,女流有次播过的学英语的游戏的名字,,https://tieba.baidu.com/p/4113432416
4114511269,2015-10-21 16:17,2,66好呆萌。。果然女生玩游戏都是这么菜吗,,https://tieba.baidu.com/p/4114511269
4114807887,2015-10-21 19:16,11,七点一刻了还在直播啊,佐证 2015-10-21,https://tieba.baidu.com/p/4114807887
4117197591,2015-10-22 23:44,52,"【女流亚洲研究中心】小弟不才, 建了个66导航站.....",,https://tieba.baidu.com/p/4117197591
4118453167,2015-10-23 18:08,13,会不会被封~,,https://tieba.baidu.com/p/4118453167
4118791119,2015-10-23 21:22,0,求66昨天直播MC的光影shader版本,佐证 2015-10-22,https://tieba.baidu.com/p/4118791119
4119214805,2015-10-24 01:33,0,灵魂魔术师Soulcaster,,https://tieba.baidu.com/p/4119214805
4122051540,2015-10-25 15:49,5,女流新名言：,,https://tieba.baidu.com/p/4122051540
4122202341,2015-10-25 17:12,4,听说里面有照片？！,,https://tieba.baidu.com/p/4122202341
4122281809,2015-10-25 17:57,4,求今日bgm,,https://tieba.baidu.com/p/4122281809
4124027995,2015-10-26 16:27,54,这下不会被封了吧！！,,https://tieba.baidu.com/p/4124027995
4124200084,2015-10-26 18:07,0,【黑黑试玩】《蘑菇11》一坨绿翔，黑哥竟然玩得不亦乐乎,,https://tieba.baidu.com/p/4124200084
4124465759,2015-10-26 20:43,2,转贴:Minecraft二战之攻克柏林   UP主:章鱼哥干死羊杂,,https://tieba.baidu.com/p/4124465759
4125363047,2015-10-27 11:15,2,请出示文件这个游戏汉化补丁怎么搞？,,https://tieba.baidu.com/p/4125363047
4127914637,2015-10-28 18:38,2,谁建议女流大人做下南方公园的解说啊,,https://tieba.baidu.com/p/4127914637
4128058699,2015-10-28 20:00,5,问下有没有66 6月24号的直播录像？,,https://tieba.baidu.com/p/4128058699
4128150677,2015-10-28 20:47,15,这是宽版女流还是本尊？,,https://tieba.baidu.com/p/4128150677
4128251378,2015-10-28 21:40,17,希望能带话的带一句 很想玩到女流做出的游戏,,https://tieba.baidu.com/p/4128251378
4128276455,2015-10-28 21:53,15,路人转粉，已中了女流的毒.,,https://tieba.baidu.com/p/4128276455
4128700137,2015-10-29 06:39,13,微博上说女流要退直播了，谁知道怎么回事啊,,https://tieba.baidu.com/p/4128700137
4129300509,2015-10-29 13:57,6,弱弱的问下，66零食店里送的签名是66亲自签的吗？,,https://tieba.baidu.com/p/4129300509
4131338567,2015-10-30 16:15,4,求心灵砒霜的 bgm,,https://tieba.baidu.com/p/4131338567
4131457012,2015-10-30 17:25,1,illusion什么梗,,https://tieba.baidu.com/p/4131457012
4131469281,2015-10-30 17:33,1,她群号多少！,,https://tieba.baidu.com/p/4131469281
4133107861,2015-10-31 15:56,7,女流音乐求问,,https://tieba.baidu.com/p/4133107861
4134772112,2015-11-01 14:19,12,你们看我在微博上发现了什么,,https://tieba.baidu.com/p/4134772112
4135394267,2015-11-01 21:01,6,头发乌黑黑，两只眼睛看着谁，鼻子眼睛都很美，只是下巴有点垂,,https://tieba.baidu.com/p/4135394267
4136612973,2015-11-02 15:18,4,新人求30号心灵砒霜bgm，求好人解答,,https://tieba.baidu.com/p/4136612973
4137903923,2015-11-03 10:05,7,为什么人家是66的男神，而你不是？,,https://tieba.baidu.com/p/4137903923
4141705074,2015-11-05 10:17,3,昨天66女神直播说有个什么海淘APP？,佐证 2015-11-04,https://tieba.baidu.com/p/4141705074
4142387145,2015-11-05 16:39,14,66 的直播时间，有人知道么,佐证 2015-11-05,https://tieba.baidu.com/p/4142387145
4142466866,2015-11-05 17:24,13,女流mc直播的装修队好厉害！,佐证 2015-11-05,https://tieba.baidu.com/p/4142466866
4142541039,2015-11-05 18:08,5,早就看出来了,,https://tieba.baidu.com/p/4142541039
4144197616,2015-11-06 15:12,6,steam正式用人民币结算了 奇异人生降价了,,https://tieba.baidu.com/p/4144197616
4144789323,2015-11-06 20:47,15,"转贴:湘北vs山王,最后的反击 全彩版",,https://tieba.baidu.com/p/4144789323
4146092463,2015-11-07 14:31,15,【歌会】大家稍安勿躁，最近我的事情真的多,,https://tieba.baidu.com/p/4146092463
4146733732,2015-11-07 20:40,16,最近贴吧弄了个吧广播，我试试看，审核过了就能玩了,,https://tieba.baidu.com/p/4146733732
4148481975,2015-11-08 19:14,4,微博上有一个跟女流类似的女生做小游戏视频,,https://tieba.baidu.com/p/4148481975
4149772271,2015-11-09 13:22,3,我来证明女流说的情况不是段子,,https://tieba.baidu.com/p/4149772271
4150435459,2015-11-09 19:53,8,话说女流竟然开始做直播了？难道转型了？,,https://tieba.baidu.com/p/4150435459
4150446538,2015-11-09 19:59,8,自己看。,,https://tieba.baidu.com/p/4150446538
4151486082,2015-11-10 11:33,4,双十一的大礼包送不送签名照啊？,,https://tieba.baidu.com/p/4151486082
4151696325,2015-11-10 13:42,0,求女流直播wii里的节奏天国的视频地址,,https://tieba.baidu.com/p/4151696325
4152167972,2015-11-10 18:13,210,我想要66录的 起床铃声,,https://tieba.baidu.com/p/4152167972
4152484073,2015-11-10 21:10,21,[游戏推荐]三位一体,,https://tieba.baidu.com/p/4152484073
4153248856,2015-11-11 10:09,29,双十一买了66零食包的来留名,佐证 2015-11-11,https://tieba.baidu.com/p/4153248856
4154001706,2015-11-11 17:46,12,女流咋的啦,,https://tieba.baidu.com/p/4154001706
4154031653,2015-11-11 18:06,7,求各位大兄弟告知66下岗是怎么回事..,佐证 2015-11-11,https://tieba.baidu.com/p/4154031653
4156981897,2015-11-13 10:36,5,发个帖子问一下,,https://tieba.baidu.com/p/4156981897
4159916436,2015-11-14 21:18,16,湖边小屋，湖怪惊魂，湖岸惊魂都是它，谈一下.,,https://tieba.baidu.com/p/4159916436
4160364544,2015-11-15 01:51,2,拜托了，大家，我想知道女流解说的传送门结局最后那个BGM是什么,,https://tieba.baidu.com/p/4160364544
4161836144,2015-11-15 22:07,6,直播录像好是好 就是没有弹幕了 真的很可惜！,佐证 2015-11-15,https://tieba.baidu.com/p/4161836144
4163347359,2015-11-16 18:45,4,溜溜扣扣群多少？,,https://tieba.baidu.com/p/4163347359
4163411646,2015-11-16 19:25,8,电脑一卡，于是就有了这张图,,https://tieba.baidu.com/p/4163411646
4163443948,2015-11-16 19:44,5,我是来求夜空中最亮的星说唱来的.~,,https://tieba.baidu.com/p/4163443948
4163473206,2015-11-16 20:01,0,谁有今天直播的！给女流歌曲,,https://tieba.baidu.com/p/4163473206
4163497613,2015-11-16 20:15,40,【歌会大成功】可喜可贺！可喜可贺！歌曲在网盘,佐证 2015-11-16,https://tieba.baidu.com/p/4163497613
4163652292,2015-11-16 21:39,3,"大家好,我想问一下大家能看昨天（11.15）的心急砒霜吗？",,https://tieba.baidu.com/p/4163652292
4164199282,2015-11-17 08:23,4,问下。。英文词组 get laid 后面接啥？是什么意思来着？,,https://tieba.baidu.com/p/4164199282
4165169651,2015-11-17 18:08,9,求大神找歌友会《香格里拉》这首歌的伴唱！！跪谢！！,,https://tieba.baidu.com/p/4165169651
4165429248,2015-11-17 20:40,1,求一下女流直播的曲包，或者告诉,,https://tieba.baidu.com/p/4165429248
4166962971,2015-11-18 16:48,2,求女流同款兔八哥帽~,,https://tieba.baidu.com/p/4166962971
4167634252,2015-11-18 23:08,4,部落冲突 老玩家回归了 期待你的加入,,https://tieba.baidu.com/p/4167634252
4169305326,2015-11-19 21:23,24,【】美腿女流66,,https://tieba.baidu.com/p/4169305326
4172188003,2015-11-21 13:21,3,今天66还直播吗？,,https://tieba.baidu.com/p/4172188003
4173934164,2015-11-22 11:24,5,女流今天不直播，我感觉我要死,,https://tieba.baidu.com/p/4173934164
4174179187,2015-11-22 13:54,1,哪位大神有心灵砒霜1115的录像啊？,,https://tieba.baidu.com/p/4174179187
4174202225,2015-11-22 14:08,1,机智的电信预感到 会炸鱼 所以今天不装宽带了,,https://tieba.baidu.com/p/4174202225
4174655230,2015-11-22 18:56,10,自从看了女流的直播，我得了不治之症,,https://tieba.baidu.com/p/4174655230
4176258207,2015-11-23 16:34,10,谁要女流的起床铃声？,,https://tieba.baidu.com/p/4176258207
4180078011,2015-11-25 18:02,4,新人求问！66第一次露脸是什么时候！谢谢！,,https://tieba.baidu.com/p/4180078011
4181933398,2015-11-26 18:59,2,女流微博发的书,,https://tieba.baidu.com/p/4181933398
4183395341,2015-11-27 15:54,10,这是女流吗,,https://tieba.baidu.com/p/4183395341
4183711367,2015-11-27 19:18,1,直播录像现在在哪？,,https://tieba.baidu.com/p/4183711367
4186775766,2015-11-29 15:17,0,今天还直播吗,,https://tieba.baidu.com/p/4186775766
4186930447,2015-11-29 16:58,1,什么时候再搞第二次歌友会啊？,,https://tieba.baidu.com/p/4186930447
4187753733,2015-11-30 02:02,2,【VOCALOID每周谈】 【这是一个要炸了的人的垂死挣扎】,,https://tieba.baidu.com/p/4187753733
4187926322,2015-11-30 09:09,2,直播搬家已经不能下载,,https://tieba.baidu.com/p/4187926322
4189472686,2015-12-01 00:23,27,女王新节目！！【中国游戏报道】,,https://tieba.baidu.com/p/4189472686
4190113693,2015-12-01 12:53,2,昨晚女流下直播前放的背景音乐是啥？,佐证 2015-11-30,https://tieba.baidu.com/p/4190113693
4193508725,2015-12-03 10:27,1,谁知道女流看的一本叫做正向能量的书是哪个版本的,,https://tieba.baidu.com/p/4193508725
4194661273,2015-12-03 21:47,0,今天660播的3ds的那首歌怎么搜到？,佐证 2015-12-03,https://tieba.baidu.com/p/4194661273
4196710155,2015-12-05 00:15,21,女流的新家，她是租了一整套还是一间房子啊？,,https://tieba.baidu.com/p/4196710155
4199390487,2015-12-06 15:54,0,【解决压图问题】【估计还是没人看的第二期_(:3」∠)_】,,https://tieba.baidu.com/p/4199390487
4199427759,2015-12-06 16:18,0,男装推荐环节,,https://tieba.baidu.com/p/4199427759
4199663508,2015-12-06 18:55,3,新人求教！！,,https://tieba.baidu.com/p/4199663508
4202216129,2015-12-08 08:30,7,各位吧友，66昨天播的是啥游戏,佐证 2015-12-07,https://tieba.baidu.com/p/4202216129
4203556400,2015-12-08 22:17,2,求女流玩过的一个游戏名字,,https://tieba.baidu.com/p/4203556400
4203561035,2015-12-08 22:19,1,哪里能看直播录像？,,https://tieba.baidu.com/p/4203561035
4204504602,2015-12-09 13:54,0,【主机游戏】女流节奏天国精彩过关精选   跟着节奏一起嗨起来！,,https://tieba.baidu.com/p/4204504602
4206045733,2015-12-10 10:31,2,节奏天国能在电脑上要吗,,https://tieba.baidu.com/p/4206045733
4206208911,2015-12-10 12:04,7,记得几年前，人们满世界找女流照片,,https://tieba.baidu.com/p/4206208911
4206573097,2015-12-10 15:46,2,问个问题哈，女流在完美世界是干什么的啊？,,https://tieba.baidu.com/p/4206573097
4206924446,2015-12-10 19:20,0,《节奏天国》女流经常被NPC鄙视的关卡的歌曲现场实况,,https://tieba.baidu.com/p/4206924446
4206968881,2015-12-10 19:47,1,gta5美好的一天,,https://tieba.baidu.com/p/4206968881
4208144004,2015-12-11 13:29,7,6688游故宫,,https://tieba.baidu.com/p/4208144004
4208485284,2015-12-11 16:56,11,【录像】20151211 女流发姐逛故宫（弹幕版）,佐证 2015-12-11,https://tieba.baidu.com/p/4208485284
4209098751,2015-12-11 23:03,8,请老司机帮我解疑一下！谢谢！,,https://tieba.baidu.com/p/4209098751
4209359110,2015-12-12 03:43,2,请问，是在B站解说过 光之子 全程攻略向游戏视频的 女流吗？,,https://tieba.baidu.com/p/4209359110
4210028454,2015-12-12 15:17,1,强行打广告,,https://tieba.baidu.com/p/4210028454
4210213879,2015-12-12 17:15,8,女流的儿子像小桀,,https://tieba.baidu.com/p/4210213879
4213428841,2015-12-14 14:22,7,女流大战朝阳区导游,,https://tieba.baidu.com/p/4213428841
4213905946,2015-12-14 19:18,17,女流画像……漂不漂亮,,https://tieba.baidu.com/p/4213905946
4214823611,2015-12-15 10:29,7,66FF 小剧场,,https://tieba.baidu.com/p/4214823611
4214892776,2015-12-15 11:09,13,女流今天会在直播中说地址。,佐证 2015-12-15,https://tieba.baidu.com/p/4214892776
4214932396,2015-12-15 11:32,9,发发、女流百合大电影预告片2.0（本预告片由红白0成本制作）,,https://tieba.baidu.com/p/4214932396
4216679818,2015-12-16 11:31,6,水一贴。女流读书哪家强,,https://tieba.baidu.com/p/4216679818
4217348885,2015-12-16 18:31,10,羊总去哪了,,https://tieba.baidu.com/p/4217348885
4217977442,2015-12-17 00:33,9,求一个能看ass弹幕文件的播放器,,https://tieba.baidu.com/p/4217977442
4218921743,2015-12-17 16:35,8,今天直播的封面,佐证 2015-12-17,https://tieba.baidu.com/p/4218921743
4219084302,2015-12-17 18:20,2,66是用什么游戏机玩的节奏天国啊？TB有卖吗？,,https://tieba.baidu.com/p/4219084302
4219368821,2015-12-17 21:14,6,。。,,https://tieba.baidu.com/p/4219368821
4219372923,2015-12-17 21:16,6,发生了什么事？,佐证 2015-12-17,https://tieba.baidu.com/p/4219372923
4219418094,2015-12-17 21:41,7,无敌- -黑屏火箭队,,https://tieba.baidu.com/p/4219418094
4219437685,2015-12-17 21:52,12,这是七叔送的火箭？,,https://tieba.baidu.com/p/4219437685
4220759570,2015-12-18 18:05,1,女流玩过的 一个制作游戏的游戏 什么和什么搭配什么的  求名字,,https://tieba.baidu.com/p/4220759570
4222245206,2015-12-19 16:19,3,66直播吐舌头 好可爱,佐证 2015-12-19,https://tieba.baidu.com/p/4222245206
4222260352,2015-12-19 16:29,14,四六级不考 没关系吗？,,https://tieba.baidu.com/p/4222260352
4222594291,2015-12-19 20:02,7,66说的电台节目在哪啊,,https://tieba.baidu.com/p/4222594291
4222823059,2015-12-19 22:09,10,小剧场 污还是你会污,,https://tieba.baidu.com/p/4222823059
4224270354,2015-12-20 19:20,6,都来看下 给66刷上去,,https://tieba.baidu.com/p/4224270354
4228124688,2015-12-22 22:04,4,有没有哪位大兄弟告诉一下啊,佐证 2015-12-22,https://tieba.baidu.com/p/4228124688
4228747342,2015-12-23 10:29,2,分享最新最特别的小游戏,,https://tieba.baidu.com/p/4228747342
4231316269,2015-12-24 18:12,18,【平安夜&圣诞节】女流吧的各位节日快乐！！,,https://tieba.baidu.com/p/4231316269
4233178491,2015-12-25 20:01,19,求女流今天直播的女生旋律BGM,佐证 2015-12-25,https://tieba.baidu.com/p/4233178491
4234180028,2015-12-26 12:44,6,哪有女流昨天直播模仿各个主播的录像,佐证 2015-12-25,https://tieba.baidu.com/p/4234180028
4234977282,2015-12-26 21:12,48,有没有人想过这个问题，女流不小了，还能直播多久,,https://tieba.baidu.com/p/4234977282
4236003431,2015-12-27 13:50,5,头发乌黑黑，,,https://tieba.baidu.com/p/4236003431
4237991229,2015-12-28 16:51,212,女流。。我爱你。。别删我贴。。,,https://tieba.baidu.com/p/4237991229
4242870890,2015-12-31 14:30,9,女流老师教你治疗脊椎病,,https://tieba.baidu.com/p/4242870890
4243691019,2015-12-31 23:11,1,66的感冒好了吗,,https://tieba.baidu.com/p/4243691019
4341245430,(later),,问一哈，女流去年4月份不是直播过赤途了吗？,（2016 帖）潜伏之赤途 2015-04-10/13,https://tieba.baidu.com/p/4341245430
5417340368,(later),,《求助》谁有66第一次播潜伏之赤途大结局时的录像,（2017 帖）赤途大结局 2015-04-15,https://tieba.baidu.com/p/5417340368
4313298005,(later),,【女流斗鱼直播一周年】有话对女流说,（2016 帖）直播一周年,https://tieba.baidu.com/p/4313298005
5812166893,(later),,求66之前玩过的一款游戏，忘记名字了。,（2018 帖）与 zard 合玩 Starbound,https://tieba.baidu.com/p/5812166893
