n,tid,floor,post_cst,image_url,category,bearing
0,3541217131,5,2015-01-21 17:39,https://imgsrc.baidu.com/forum/pic/item/cf06a5a1cd11728b0ad383dccbfcc3cec2fd2c53.jpg,stream-webcam,01-21 首播截图
1,3541432047,1,2015-01-21 17:47,https://imgsrc.baidu.com/forum/pic/item/658f81510fb30f24276d9afdcb95d143ac4b035a.jpg,other,水帖／表情／写真／同人／非直播内容
2,3544935203,1,2015-01-23 16:53,https://imgsrc.baidu.com/forum/pic/item/7d217dd0f703918f47100023523d269758eec418.jpg,game-screenshot,01-23 Lumino City 解谜画面
3,3545364854,1,2015-01-23 21:06,https://imgsrc.baidu.com/forum/pic/item/2bfcf9cd7b899e51702428fe41a7d933c9950db3.jpg,stream-webcam,01-23 直播截图（深蓝针织）
4,3545364854,1,2015-01-23 21:06,https://imgsrc.baidu.com/forum/pic/item/95d2ac1c8701a18b294d00a59d2f07082938feb8.jpg,stream-webcam,01-23 直播截图（深蓝针织）
5,3545364854,1,2015-01-23 21:06,https://imgsrc.baidu.com/forum/pic/item/99d0387f9e2f07089a7a38eaea24b899a801f2e7.jpg,stream-webcam,01-23 直播截图（深蓝针织）
6,3545364854,1,2015-01-23 21:06,https://imgsrc.baidu.com/forum/pic/item/b1c566310a55b3197e80909f40a98226cefc17e0.jpg,stream-webcam,01-23 直播截图（深蓝针织）
7,3546985847,2,2015-01-24 19:21,https://imgsrc.baidu.com/forum/pic/item/66f6e836afc37931423fc1f9e8c4b74542a91194.jpg,stream-webcam,「主播特写」第一集，01-24 发，截的是 01-23 那场（同一身深蓝针织）
8,3550944499,1,2015-01-26 20:26,https://imgsrc.baidu.com/forum/pic/item/9c0445afa40f4bfb0eb3159c004f78f0f6361899.jpg,stream-webcam,「主播特写」第二集，01-26 当晚发，浅蓝毛衣白衬衫领 → 01-26 开播（新建 2015-01-26-live-01）
9,3550944499,1,2015-01-26 20:26,https://imgsrc.baidu.com/forum/pic/item/e3fcb051f3deb48f193d2a16f31f3a292cf578ac.jpg,stream-webcam,「主播特写」第二集，01-26 当晚发，浅蓝毛衣白衬衫领 → 01-26 开播（新建 2015-01-26-live-01）
10,3550944499,1,2015-01-26 20:26,https://imgsrc.baidu.com/forum/pic/item/9942f4f81a4c510f899069d26359252dd52aa5ac.jpg,stream-webcam,「主播特写」第二集，01-26 当晚发，浅蓝毛衣白衬衫领 → 01-26 开播（新建 2015-01-26-live-01）
11,3550944499,1,2015-01-26 20:26,https://imgsrc.baidu.com/forum/pic/item/8c5ece09b3de9c827b3072476f81800a18d843a3.jpg,stream-webcam,「主播特写」第二集，01-26 当晚发，浅蓝毛衣白衬衫领 → 01-26 开播（新建 2015-01-26-live-01）
12,3550944499,1,2015-01-26 20:26,https://imgsrc.baidu.com/forum/pic/item/45b3d6ea15ce36d38e3809f839f33a87e850b1c4.jpg,stream-webcam,「主播特写」第二集，01-26 当晚发，浅蓝毛衣白衬衫领 → 01-26 开播（新建 2015-01-26-live-01）
13,3550944499,1,2015-01-26 20:26,https://imgsrc.baidu.com/forum/pic/item/b157ecdeb48f8c5402874ee739292df5e1fe7fac.jpg,stream-webcam,「主播特写」第二集，01-26 当晚发，浅蓝毛衣白衬衫领 → 01-26 开播（新建 2015-01-26-live-01）
14,3550944499,1,2015-01-26 20:26,https://imgsrc.baidu.com/forum/pic/item/61387809c93d70cffac620c5fbdcd100bba12bc4.jpg,stream-webcam,「主播特写」第二集，01-26 当晚发，浅蓝毛衣白衬衫领 → 01-26 开播（新建 2015-01-26-live-01）
15,3550944499,1,2015-01-26 20:26,https://imgsrc.baidu.com/forum/pic/item/0e3e4c43fbf2b211f5110f86c98065380dd78ec5.jpg,stream-webcam,「主播特写」第二集，01-26 当晚发，浅蓝毛衣白衬衫领 → 01-26 开播（新建 2015-01-26-live-01）
16,3552806473,1,2015-01-27 19:55,https://imgsrc.baidu.com/forum/pic/item/2b2cd95c103853436c4a39159713b07eca808807.jpg,stream-webcam,「主播特写」第三集，01-27 当晚发，青绿 V 领 → 与 ac1733926 摄像头衣着一致
17,3552806473,1,2015-01-27 19:55,https://imgsrc.baidu.com/forum/pic/item/d85a0f385343fbf22aa91817b47eca8065388f07.jpg,stream-webcam,「主播特写」第三集，01-27 当晚发，青绿 V 领 → 与 ac1733926 摄像头衣着一致
18,3552806473,1,2015-01-27 19:55,https://imgsrc.baidu.com/forum/pic/item/0e3e4c43fbf2b2110aab3b7ace8065380cd78e07.jpg,stream-webcam,「主播特写」第三集，01-27 当晚发，青绿 V 领 → 与 ac1733926 摄像头衣着一致
19,3552806473,1,2015-01-27 19:55,https://imgsrc.baidu.com/forum/pic/item/4d45e4f2b21193132ac6418461380cd791238d07.jpg,stream-webcam,「主播特写」第三集，01-27 当晚发，青绿 V 领 → 与 ac1733926 摄像头衣着一致
20,3552806473,1,2015-01-27 19:55,https://imgsrc.baidu.com/forum/pic/item/e5f4ad119313b07e5138ee3c08d7912397dd8c07.jpg,stream-webcam,「主播特写」第三集，01-27 当晚发，青绿 V 领 → 与 ac1733926 摄像头衣着一致
21,3552806473,1,2015-01-27 19:55,https://imgsrc.baidu.com/forum/pic/item/ac178c13b07eca80f98087d3952397dda1448307.jpg,stream-webcam,「主播特写」第三集，01-27 当晚发，青绿 V 领 → 与 ac1733926 摄像头衣着一致
22,3552806473,1,2015-01-27 19:55,https://imgsrc.baidu.com/forum/pic/item/8d15af7eca806538916f1a2793dda144ad348207.jpg,stream-webcam,「主播特写」第三集，01-27 当晚发，青绿 V 领 → 与 ac1733926 摄像头衣着一致
23,3552806473,1,2015-01-27 19:55,https://imgsrc.baidu.com/forum/pic/item/ae78d58065380cd70f9b1cd9a544ad3459828107.jpg,stream-webcam,「主播特写」第三集，01-27 当晚发，青绿 V 领 → 与 ac1733926 摄像头衣着一致
24,3552806473,1,2015-01-27 19:55,https://imgsrc.baidu.com/forum/pic/item/d4867a380cd7912308652a40a9345982b2b78007.jpg,stream-webcam,「主播特写」第三集，01-27 当晚发，青绿 V 领 → 与 ac1733926 摄像头衣着一致
25,3552806473,1,2015-01-27 19:55,https://imgsrc.baidu.com/forum/pic/item/7b3e13d7912397dd01fc26305d82b2b7d0a28707.jpg,stream-webcam,「主播特写」第三集，01-27 当晚发，青绿 V 领 → 与 ac1733926 摄像头衣着一致
26,3552806473,1,2015-01-27 19:55,https://imgsrc.baidu.com/forum/pic/item/12d18e2397dda1440c8cd286b6b7d0a20cf48607.jpg,stream-webcam,「主播特写」第三集，01-27 当晚发，青绿 V 领 → 与 ac1733926 摄像头衣着一致
27,3552806473,1,2015-01-27 19:55,https://imgsrc.baidu.com/forum/pic/item/8f2588dda144ad34fb3a39b3d4a20cf431ad8507.jpg,stream-webcam,「主播特写」第三集，01-27 当晚发，青绿 V 领 → 与 ac1733926 摄像头衣着一致
28,3552806473,1,2015-01-27 19:55,https://imgsrc.baidu.com/forum/pic/item/89dbbe44ad345982110f5ba608f431adcbef8407.jpg,stream-webcam,「主播特写」第三集，01-27 当晚发，青绿 V 领 → 与 ac1733926 摄像头衣着一致
29,3552806473,1,2015-01-27 19:55,https://imgsrc.baidu.com/forum/pic/item/bf42b2345982b2b7741a87f035adcbef76099b07.jpg,stream-webcam,「主播特写」第三集，01-27 当晚发，青绿 V 领 → 与 ac1733926 摄像头衣着一致
30,3552806473,1,2015-01-27 19:55,https://imgsrc.baidu.com/forum/pic/item/b3324682b2b7d0a2a94cbaa9cfef76094b369a07.jpg,stream-webcam,「主播特写」第三集，01-27 当晚发，青绿 V 领 → 与 ac1733926 摄像头衣着一致
31,3552806473,1,2015-01-27 19:55,https://imgsrc.baidu.com/forum/pic/item/4784adb7d0a20cf4971540eb72094b36acaf9907.jpg,stream-webcam,「主播特写」第三集，01-27 当晚发，青绿 V 领 → 与 ac1733926 摄像头衣着一致
32,3552806473,1,2015-01-27 19:55,https://imgsrc.baidu.com/forum/pic/item/acb1cfa20cf431ad6c57fd0d4f36acaf2edd9807.jpg,stream-webcam,「主播特写」第三集，01-27 当晚发，青绿 V 领 → 与 ac1733926 摄像头衣着一致
33,3552806473,1,2015-01-27 19:55,https://imgsrc.baidu.com/forum/pic/item/cea413f431adcbefdeb1c032a8af2edda3cc9f07.jpg,stream-webcam,「主播特写」第三集，01-27 当晚发，青绿 V 领 → 与 ac1733926 摄像头衣着一致
34,3552806473,1,2015-01-27 19:55,https://imgsrc.baidu.com/forum/pic/item/12f22eadcbef7609e28e27ab2adda3cc7cd99e07.jpg,stream-webcam,「主播特写」第三集，01-27 当晚发，青绿 V 领 → 与 ac1733926 摄像头衣着一致
35,3552806473,1,2015-01-27 19:55,https://imgsrc.baidu.com/forum/pic/item/2fabd4ef76094b360617a5d9a7cc7cd98d109d07.jpg,stream-webcam,「主播特写」第三集，01-27 当晚发，青绿 V 领 → 与 ac1733926 摄像头衣着一致
36,3552806473,1,2015-01-27 19:55,https://imgsrc.baidu.com/forum/pic/item/d5e969094b36acaf856528c878d98d1001e99c07.jpg,stream-webcam,「主播特写」第三集，01-27 当晚发，青绿 V 领 → 与 ac1733926 摄像头衣着一致
37,3552806473,1,2015-01-27 19:55,https://imgsrc.baidu.com/forum/pic/item/680f5436acaf2edd0f74f7dd891001e939019307.jpg,stream-webcam,「主播特写」第三集，01-27 当晚发，青绿 V 领 → 与 ac1733926 摄像头衣着一致
38,3552806473,1,2015-01-27 19:55,https://imgsrc.baidu.com/forum/pic/item/5530b3af2edda3ccd161061405e93901213f9207.jpg,stream-webcam,「主播特写」第三集，01-27 当晚发，青绿 V 领 → 与 ac1733926 摄像头衣着一致
39,3552806473,1,2015-01-27 19:55,https://imgsrc.baidu.com/forum/pic/item/b2a931dda3cc7cd923a88aed3d01213fb80e9107.jpg,stream-webcam,「主播特写」第三集，01-27 当晚发，青绿 V 领 → 与 ac1733926 摄像头衣着一致
40,3552806473,1,2015-01-27 19:55,https://imgsrc.baidu.com/forum/pic/item/30dbbccc7cd98d10ae51b205253fb80e7bec9007.jpg,stream-webcam,「主播特写」第三集，01-27 当晚发，青绿 V 领 → 与 ac1733926 摄像头衣着一致
41,3552806473,1,2015-01-27 19:55,https://imgsrc.baidu.com/forum/pic/item/bdca63d98d1001e989b9aa3bbc0e7bec54e79707.jpg,stream-webcam,「主播特写」第三集，01-27 当晚发，青绿 V 领 → 与 ac1733926 摄像头衣着一致
42,3552806473,1,2015-01-27 19:55,https://imgsrc.baidu.com/forum/pic/item/62df921001e939019087330a7fec54e736d19607.jpg,stream-webcam,「主播特写」第三集，01-27 当晚发，青绿 V 领 → 与 ac1733926 摄像头衣着一致
43,3552806473,1,2015-01-27 19:55,https://imgsrc.baidu.com/forum/pic/item/93161ee93901213f0ab6f0e850e736d12f2e9507.jpg,stream-webcam,「主播特写」第三集，01-27 当晚发，青绿 V 领 → 与 ac1733926 摄像头衣着一致
44,3552806473,1,2015-01-27 19:55,https://imgsrc.baidu.com/forum/pic/item/1fef2601213fb80ec854dfe332d12f2eb9389407.jpg,stream-webcam,「主播特写」第三集，01-27 当晚发，青绿 V 领 → 与 ac1733926 摄像头衣着一致
45,3552806473,1,2015-01-27 19:55,https://imgsrc.baidu.com/forum/pic/item/27073e3fb80e7bece05fbdd52b2eb9389b506b07.jpg,stream-webcam,「主播特写」第三集，01-27 当晚发，青绿 V 领 → 与 ac1733926 摄像头衣着一致
46,3552806473,1,2015-01-27 19:55,https://imgsrc.baidu.com/forum/pic/item/3f39a70e7bec54e78369a42abd389b504fc26a07.jpg,stream-webcam,「主播特写」第三集，01-27 当晚发，青绿 V 领 → 与 ac1733926 摄像头衣着一致
47,3552806473,1,2015-01-27 19:55,https://imgsrc.baidu.com/forum/pic/item/a60864ec54e736d19996323c9f504fc2d5626907.jpg,stream-webcam,「主播特写」第三集，01-27 当晚发，青绿 V 领 → 与 ac1733926 摄像头衣着一致
48,3552806473,1,2015-01-27 19:55,https://imgsrc.baidu.com/forum/pic/item/65ea4be736d12f2e0e8010544bc2d56285356807.jpg,stream-webcam,「主播特写」第三集，01-27 当晚发，青绿 V 领 → 与 ac1733926 摄像头衣着一致
49,3552806473,1,2015-01-27 19:55,https://imgsrc.baidu.com/forum/pic/item/4ae129d12f2eb93823e8c4c6d1628535e5dd6f07.jpg,stream-webcam,「主播特写」第三集，01-27 当晚发，青绿 V 领 → 与 ac1733926 摄像头衣着一致
50,3552806473,1,2015-01-27 19:55,https://imgsrc.baidu.com/forum/pic/item/28d7302eb9389b50f67a5e668135e5dde7116e07.jpg,stream-webcam,「主播特写」第三集，01-27 当晚发，青绿 V 领 → 与 ac1733926 摄像头衣着一致
51,3557257197,1,2015-01-30 07:39,https://imgsrc.baidu.com/forum/pic/item/658f81510fb30f24eb19273ecc95d143ad4b0316.jpg,other,水帖／表情／写真／同人／非直播内容
52,3557257197,3,2015-01-30 07:54,https://imgsrc.baidu.com/forum/pic/item/b1c566310a55b3195befbc4b47a98226cffc17fb.jpg,other,水帖／表情／写真／同人／非直播内容
53,3557257197,5,2015-01-30 08:14,https://imgsrc.baidu.com/forum/pic/item/fef88625bc315c60798650d189b1cb1349547786.jpg,other,水帖／表情／写真／同人／非直播内容
54,3557257197,5,2015-01-30 08:14,https://imgsrc.baidu.com/forum/pic/item/10f204d5ad6eddc4d8c18fc53ddbb6fd526633eb.jpg,other,水帖／表情／写真／同人／非直播内容
55,3557257197,6,2015-01-30 08:20,https://imgsrc.baidu.com/forum/pic/item/10f204d5ad6eddc4d9c88ec53ddbb6fd526633e2.jpg,other,水帖／表情／写真／同人／非直播内容
56,3557257197,6,2015-01-30 08:20,https://imgsrc.baidu.com/forum/pic/item/12f5c8ca7bcb0a460652b1076f63f6246b60afa6.jpg,other,水帖／表情／写真／同人／非直播内容
57,3557257197,9,2015-01-30 08:32,https://imgsrc.baidu.com/forum/pic/item/514c3fa4462309f77b0b892c760e0cf3d7cad6aa.jpg,other,水帖／表情／写真／同人／非直播内容
58,3557257197,9,2015-01-30 08:32,https://imgsrc.baidu.com/forum/pic/item/25c1803df8dcd100cbc6df1f768b4710b9122fbf.jpg,other,水帖／表情／写真／同人／非直播内容
59,3557257197,10,2015-01-30 08:36,https://imgsrc.baidu.com/forum/pic/item/1d4967f0f736afc3dfed185bb719ebc4b7451234.jpg,other,水帖／表情／写真／同人／非直播内容
60,3557257197,10,2015-01-30 08:36,https://imgsrc.baidu.com/forum/pic/item/6df69d025aafa40fd479e9e3af64034f78f01952.jpg,other,水帖／表情／写真／同人／非直播内容
61,3557257197,16,2015-01-31 07:39,https://imgsrc.baidu.com/forum/pic/item/ac178c13b07eca8083cb4dd8952397dda04483cd.jpg,other,水帖／表情／写真／同人／非直播内容
62,3557257197,16,2015-01-31 07:39,https://imgsrc.baidu.com/forum/pic/item/07dea33eb13533faac7fe711acd3fd1f40345bcd.jpg,other,水帖／表情／写真／同人／非直播内容
63,3557257197,16,2015-01-31 07:39,https://imgsrc.baidu.com/forum/pic/item/658f81510fb30f24279c9b3ccc95d143ad4b0394.jpg,other,水帖／表情／写真／同人／非直播内容
64,3557257197,17,2015-01-31 07:46,https://imgsrc.baidu.com/forum/pic/item/ec19a1096b63f624af6e4f3c8344ebf81a4ca3e0.jpg,other,水帖／表情／写真／同人／非直播内容
65,3557257197,17,2015-01-31 07:46,https://imgsrc.baidu.com/forum/pic/item/5496e903738da977bce5f114b451f8198718e3c9.jpg,other,水帖／表情／写真／同人／非直播内容
66,3557257197,17,2015-01-31 07:46,https://imgsrc.baidu.com/forum/pic/item/1725c254564e9258f3f1f1d19882d158cdbf4ec9.jpg,other,水帖／表情／写真／同人／非直播内容
67,3557257197,18,2015-01-31 07:47,https://imgsrc.baidu.com/forum/pic/item/3f39a70e7bec54e7cbc76c21bd389b504fc26ae8.jpg,other,水帖／表情／写真／同人／非直播内容
68,3563732365,1,2015-02-02 18:37,https://imgsrc.baidu.com/forum/pic/item/e2058d45d688d43f296545d3791ed21b0ff43bcd.jpg,stream-webcam,「主播特写」第五集，02-02 当晚发，深灰卫衣白串珠手链 → 与 ac1719337 一致；手持 Wii 遥控器
69,3563732365,1,2015-02-02 18:37,https://imgsrc.baidu.com/forum/pic/item/d693ce43ad4bd113bf0163135eafa40f4afb05cd.jpg,stream-webcam,「主播特写」第五集，02-02 当晚发，深灰卫衣白串珠手链 → 与 ac1719337 一致；手持 Wii 遥控器
70,3563732365,1,2015-02-02 18:37,https://imgsrc.baidu.com/forum/pic/item/9c8db91ea8d3fd1fd3c5761b344e251f94ca5fcd.jpg,stream-webcam,「主播特写」第五集，02-02 当晚发，深灰卫衣白串珠手链 → 与 ac1719337 一致；手持 Wii 遥控器
71,3563732365,1,2015-02-02 18:37,https://imgsrc.baidu.com/forum/pic/item/cb649a35e5dde711f7e394d7a3efce1b9d1661e0.jpg,stream-webcam,「主播特写」第五集，02-02 当晚发，深灰卫衣白串珠手链 → 与 ac1719337 一致；手持 Wii 遥控器
72,3563732365,1,2015-02-02 18:37,https://imgsrc.baidu.com/forum/pic/item/30dbbccc7cd98d1059e3db10253fb80e7bec90e6.jpg,stream-webcam,「主播特写」第五集，02-02 当晚发，深灰卫衣白串珠手链 → 与 ac1719337 一致；手持 Wii 遥控器
73,3563732365,1,2015-02-02 18:37,https://imgsrc.baidu.com/forum/pic/item/45b3d6ea15ce36d3edcb57113ef33a87e850b1ce.jpg,stream-webcam,「主播特写」第五集，02-02 当晚发，深灰卫衣白串珠手链 → 与 ac1719337 一致；手持 Wii 遥控器
74,3563732365,1,2015-02-02 18:37,https://imgsrc.baidu.com/forum/pic/item/16fc4e3d269759ee2f9fb4eab6fb43166c22dfce.jpg,stream-webcam,「主播特写」第五集，02-02 当晚发，深灰卫衣白串珠手链 → 与 ac1719337 一致；手持 Wii 遥控器
75,3563732365,1,2015-02-02 18:37,https://imgsrc.baidu.com/forum/pic/item/2e483a1f95cad1c8308d2b067b3e6709c93d51e7.jpg,stream-webcam,「主播特写」第五集，02-02 当晚发，深灰卫衣白串珠手链 → 与 ac1719337 一致；手持 Wii 遥控器
76,3563732365,1,2015-02-02 18:37,https://imgsrc.baidu.com/forum/pic/item/8284ce58ccbf6c8109f8f8c9b83eb13532fa40ce.jpg,stream-webcam,「主播特写」第五集，02-02 当晚发，深灰卫衣白串珠手链 → 与 ac1719337 一致；手持 Wii 遥控器
77,3563732365,1,2015-02-02 18:37,https://imgsrc.baidu.com/forum/pic/item/2e483a1f95cad1c83f7428067b3e6709c83d51ce.jpg,stream-webcam,「主播特写」第五集，02-02 当晚发，深灰卫衣白串珠手链 → 与 ac1719337 一致；手持 Wii 遥控器
78,3563732365,1,2015-02-02 18:37,https://imgsrc.baidu.com/forum/pic/item/3b198acad1c8a78650e59e2f6309c93d71cf50ce.jpg,stream-webcam,「主播特写」第五集，02-02 当晚发，深灰卫衣白串珠手链 → 与 ac1719337 一致；手持 Wii 遥控器
79,3563732365,1,2015-02-02 18:37,https://imgsrc.baidu.com/forum/pic/item/af332cfa828ba61e27d81f0e4534970a304e59e7.jpg,stream-webcam,「主播特写」第五集，02-02 当晚发，深灰卫衣白串珠手链 → 与 ac1719337 一致；手持 Wii 遥控器
80,3563732365,1,2015-02-02 18:37,https://imgsrc.baidu.com/forum/pic/item/0bc829d3d539b6000000db96ed50352ac75cb7cf.jpg,stream-webcam,「主播特写」第五集，02-02 当晚发，深灰卫衣白串珠手链 → 与 ac1719337 一致；手持 Wii 遥控器
81,3563732365,1,2015-02-02 18:37,https://imgsrc.baidu.com/forum/pic/item/c352494e9258d10930d57e93d558ccbf6c814de7.jpg,stream-webcam,「主播特写」第五集，02-02 当晚发，深灰卫衣白串珠手链 → 与 ac1719337 一致；手持 Wii 遥控器
82,3563732365,1,2015-02-02 18:37,https://imgsrc.baidu.com/forum/pic/item/7cdfedd3572c11dfae1f6b02672762d0f603c2cf.jpg,stream-webcam,「主播特写」第五集，02-02 当晚发，深灰卫衣白串珠手链 → 与 ac1719337 一致；手持 Wii 遥控器
83,3563732365,1,2015-02-02 18:37,https://imgsrc.baidu.com/forum/pic/item/5daf9d26cffc1e1755895b104e90f603738de9e0.jpg,stream-webcam,「主播特写」第五集，02-02 当晚发，深灰卫衣白串珠手链 → 与 ac1719337 一致；手持 Wii 遥控器
84,3563732365,1,2015-02-02 18:37,https://imgsrc.baidu.com/forum/pic/item/3979812f07082838e83b0b35bc99a9014c08f1e0.jpg,stream-webcam,「主播特写」第五集，02-02 当晚发，深灰卫衣白串珠手链 → 与 ac1719337 一致；手持 Wii 遥控器
85,3563732365,1,2015-02-02 18:37,https://imgsrc.baidu.com/forum/pic/item/8ee969c6a7efce1bf1e51cebab51f3deb58f65cf.jpg,stream-webcam,「主播特写」第五集，02-02 当晚发，深灰卫衣白串珠手链 → 与 ac1719337 一致；手持 Wii 遥控器
86,3563732365,1,2015-02-02 18:37,https://imgsrc.baidu.com/forum/pic/item/8723a3315c6034a8252c6ca0cf134954082376cf.jpg,stream-webcam,「主播特写」第五集，02-02 当晚发，深灰卫衣白串珠手链 → 与 ac1719337 一致；手持 Wii 遥控器
87,3563732365,1,2015-02-02 18:37,https://imgsrc.baidu.com/forum/pic/item/242f32f5e0fe9925c4c2bd7130a85edf8cb171cf.jpg,stream-webcam,「主播特写」第五集，02-02 当晚发，深灰卫衣白串珠手链 → 与 ac1719337 一致；手持 Wii 遥控器
88,3563732365,1,2015-02-02 18:37,https://imgsrc.baidu.com/forum/pic/item/2b2cd95c10385343bbfe50009713b07eca8088e0.jpg,stream-webcam,「主播特写」第五集，02-02 当晚发，深灰卫衣白串珠手链 → 与 ac1719337 一致；手持 Wii 遥控器
89,3563732365,1,2015-02-02 18:37,https://imgsrc.baidu.com/forum/pic/item/8ae8ef1f3a292df595f27b34b8315c6034a873e0.jpg,stream-webcam,「主播特写」第五集，02-02 当晚发，深灰卫衣白串珠手链 → 与 ac1719337 一致；手持 Wii 遥控器
90,3563732365,1,2015-02-02 18:37,https://imgsrc.baidu.com/forum/pic/item/24f52587e950352af8a8f1295743fbf2b3118bc8.jpg,stream-webcam,「主播特写」第五集，02-02 当晚发，深灰卫衣白串珠手链 → 与 ac1719337 一致；手持 Wii 遥控器
91,3563732365,1,2015-02-02 18:37,https://imgsrc.baidu.com/forum/pic/item/6d8bb6773912b31b58a219088218367adbb4e1c8.jpg,stream-webcam,「主播特写」第五集，02-02 当晚发，深灰卫衣白串珠手链 → 与 ac1719337 一致；手持 Wii 遥控器
92,3563732365,1,2015-02-02 18:37,https://imgsrc.baidu.com/forum/pic/item/47e8226d55fbb2fb56e28c334b4a20a44723dcc8.jpg,stream-webcam,「主播特写」第五集，02-02 当晚发，深灰卫衣白串珠手链 → 与 ac1719337 一致；手持 Wii 遥控器
93,3563732365,1,2015-02-02 18:37,https://imgsrc.baidu.com/forum/pic/item/acfd5c166d224f4a3850a7320df790529922d1c8.jpg,stream-webcam,「主播特写」第五集，02-02 当晚发，深灰卫衣白串珠手链 → 与 ac1719337 一致；手持 Wii 遥控器
94,3563732365,1,2015-02-02 18:37,https://imgsrc.baidu.com/forum/pic/item/c92c7f59252dd42a19c0d58a073b5bb5c8eab8c8.jpg,stream-webcam,「主播特写」第五集，02-02 当晚发，深灰卫衣白串珠手链 → 与 ac1719337 一致；手持 Wii 遥控器
95,3566566937,1,2015-02-04 09:17,https://imgsrc.baidu.com/forum/pic/item/bf8d98d6277f9e2f573baf2b1b30e924b899f389.jpg,other,水帖／表情／写真／同人／非直播内容
96,3567840541,1,2015-02-04 21:36,https://imgsrc.baidu.com/forum/pic/item/8bcccec8a786c917432c581dcd3d70cf3bc757e8.jpg,stream-webcam,「主播特写」第六集，02-04 当晚发，浅灰针织；画面有《风之旅人》
97,3567840541,1,2015-02-04 21:36,https://imgsrc.baidu.com/forum/pic/item/b980d6177f3e6709f72f4fdb3fc79f3df8dc55e8.jpg,stream-webcam,「主播特写」第六集，02-04 当晚发，浅灰针织；画面有《风之旅人》
98,3567840541,1,2015-02-04 21:36,https://imgsrc.baidu.com/forum/pic/item/a8fb4d66d0160924f40aa83fd00735fae6cd34e8.jpg,stream-webcam,「主播特写」第六集，02-04 当晚发，浅灰针织；画面有《风之旅人》
99,3567840541,1,2015-02-04 21:36,https://imgsrc.baidu.com/forum/pic/item/cf45b24bd11373f0ed1065bba00f4bfbfbed04e8.jpg,stream-webcam,「主播特写」第六集，02-04 当晚发，浅灰针织；画面有《风之旅人》
100,3567840541,1,2015-02-04 21:36,https://imgsrc.baidu.com/forum/pic/item/d6fadccec3fdfc03df17e99cd03f8794a4c226a8.jpg,stream-webcam,「主播特写」第六集，02-04 当晚发，浅灰针织；画面有《风之旅人》
101,3567840541,1,2015-02-04 21:36,https://imgsrc.baidu.com/forum/pic/item/ae57e7198618367a54a675f92a738bd4b31ce5e9.jpg,stream-webcam,「主播特写」第六集，02-04 当晚发，浅灰针织；画面有《风之旅人》
102,3567840541,1,2015-02-04 21:36,https://imgsrc.baidu.com/forum/pic/item/12f22eadcbef7609be6593bb2adda3cc7cd99eaa.jpg,stream-webcam,「主播特写」第六集，02-04 当晚发，浅灰针织；画面有《风之旅人》
103,3567840541,1,2015-02-04 21:36,https://imgsrc.baidu.com/forum/pic/item/14d77dd9f2d3572cb9cd96f88e13632762d0c3e9.jpg,stream-webcam,「主播特写」第六集，02-04 当晚发，浅灰针织；画面有《风之旅人》
104,3567840541,1,2015-02-04 21:36,https://imgsrc.baidu.com/forum/pic/item/d6fadccec3fdfc03df56e99cd03f8794a4c226e9.jpg,stream-webcam,「主播特写」第六集，02-04 当晚发，浅灰针织；画面有《风之旅人》
105,3567840541,1,2015-02-04 21:36,https://imgsrc.baidu.com/forum/pic/item/b7ea9513632762d05a54ae9ba4ec08fa513dc6b6.jpg,stream-webcam,「主播特写」第六集，02-04 当晚发，浅灰针织；画面有《风之旅人》
106,3567840541,1,2015-02-04 21:36,https://imgsrc.baidu.com/forum/pic/item/d73b6fcf3bc79f3dba89ee14bea1cd11728b29ab.jpg,stream-webcam,「主播特写」第六集，02-04 当晚发，浅灰针织；画面有《风之旅人》
107,3567840541,1,2015-02-04 21:36,https://imgsrc.baidu.com/forum/pic/item/b157ecdeb48f8c5480bdcf0b3e292df5e0fe7fa9.jpg,stream-webcam,「主播特写」第六集，02-04 当晚发，浅灰针织；画面有《风之旅人》
108,3567840541,1,2015-02-04 21:36,https://imgsrc.baidu.com/forum/pic/item/ee1925292df5e0fe80718325586034a85edf72aa.jpg,stream-webcam,「主播特写」第六集，02-04 当晚发，浅灰针织；画面有《风之旅人》
109,3567840541,1,2015-02-04 21:36,https://imgsrc.baidu.com/forum/pic/item/ec19a1096b63f624a33333278344ebf81a4ca3aa.jpg,stream-webcam,「主播特写」第六集，02-04 当晚发，浅灰针织；画面有《风之旅人》
110,3567840541,1,2015-02-04 21:36,https://imgsrc.baidu.com/forum/pic/item/6ec924c79f3df8dc925485b5c911728b471028aa.jpg,stream-webcam,「主播特写」第六集，02-04 当晚发，浅灰针织；画面有《风之旅人》
111,3567840541,1,2015-02-04 21:36,https://imgsrc.baidu.com/forum/pic/item/a7075590f603738d2e230606b71bb051f819ecab.jpg,stream-webcam,「主播特写」第六集，02-04 当晚发，浅灰针织；画面有《风之旅人》
112,3567840541,1,2015-02-04 21:36,https://imgsrc.baidu.com/forum/pic/item/ae57e7198618367a54e075f92a738bd4b31ce5ab.jpg,stream-webcam,「主播特写」第六集，02-04 当晚发，浅灰针织；画面有《风之旅人》
113,3567840541,1,2015-02-04 21:36,https://imgsrc.baidu.com/forum/pic/item/8c43c988d43f8794f597420ad61b0ef41bd53aab.jpg,stream-webcam,「主播特写」第六集，02-04 当晚发，浅灰针织；画面有《风之旅人》
114,3568029714,1,2015-02-04 23:05,https://imgsrc.baidu.com/forum/pic/item/8723a3315c6034a85cecd7a5cf13495409237689.jpg,other,水帖／表情／写真／同人／非直播内容
115,3569859006,1,2015-02-05 22:26,https://imgsrc.baidu.com/forum/pic/item/17f18f529822720e452761df7fcb0a46f21fab34.jpg,stream-webcam,「主播特写」第七集，02-05 当晚发，深蓝卫衣，直播中吃饭
116,3569859006,1,2015-02-05 22:26,https://imgsrc.baidu.com/forum/pic/item/ec19a1096b63f6243aebba268344ebf81a4ca363.jpg,stream-webcam,「主播特写」第七集，02-05 当晚发，深蓝卫衣，直播中吃饭
117,3569859006,1,2015-02-05 22:26,https://imgsrc.baidu.com/forum/pic/item/1440ed1fbe096b63a6afdd7508338744ebf8ac63.jpg,stream-webcam,「主播特写」第七集，02-05 当晚发，深蓝卫衣，直播中吃饭
118,3569859006,1,2015-02-05 22:26,https://imgsrc.baidu.com/forum/pic/item/16fc4e3d269759ee00b9e3eeb6fb43166d22df34.jpg,stream-webcam,「主播特写」第七集，02-05 当晚发，深蓝卫衣，直播中吃饭
119,3569859006,1,2015-02-05 22:26,https://imgsrc.baidu.com/forum/pic/item/9942f4f81a4c510f8e72613f6459252dd42aa563.jpg,stream-webcam,「主播特写」第七集，02-05 当晚发，深蓝卫衣，直播中吃饭
120,3569859006,1,2015-02-05 22:26,https://imgsrc.baidu.com/forum/pic/item/a60864ec54e736d1a4a50f2d9f504fc2d5626963.jpg,stream-webcam,「主播特写」第七集，02-05 当晚发，深蓝卫衣，直播中吃饭
121,3569859006,1,2015-02-05 22:26,https://imgsrc.baidu.com/forum/pic/item/3b198acad1c8a7860dc3c92b6309c93d70cf5034.jpg,stream-webcam,「主播特写」第七集，02-05 当晚发，深蓝卫衣，直播中吃饭
122,3569859006,1,2015-02-05 22:26,https://imgsrc.baidu.com/forum/pic/item/8284ce58ccbf6c813481afcdb83eb13533fa4063.jpg,stream-webcam,「主播特写」第七集，02-05 当晚发，深蓝卫衣，直播中吃饭
123,3569859006,1,2015-02-05 22:26,https://imgsrc.baidu.com/forum/pic/item/8ae8ef1f3a292df5412a2f30b8315c6034a87334.jpg,stream-webcam,「主播特写」第七集，02-05 当晚发，深蓝卫衣，直播中吃饭
124,3569859006,1,2015-02-05 22:26,https://imgsrc.baidu.com/forum/pic/item/2e483a1f95cad1c8640d7f027b3e6709c93d5163.jpg,stream-webcam,「主播特写」第七集，02-05 当晚发，深蓝卫衣，直播中吃饭
125,3569859006,1,2015-02-05 22:26,https://imgsrc.baidu.com/forum/pic/item/f8cb64899e510fb3fff0f4b2dd33c895d1430c34.jpg,stream-webcam,「主播特写」第七集，02-05 当晚发，深蓝卫衣，直播中吃饭
126,3569859006,1,2015-02-05 22:26,https://imgsrc.baidu.com/forum/pic/item/4f3b399759ee3d6d6b2e04ee47166d224f4ade35.jpg,stream-webcam,「主播特写」第七集，02-05 当晚发，深蓝卫衣，直播中吃饭
127,3569859006,1,2015-02-05 22:26,https://imgsrc.baidu.com/forum/pic/item/b7712612b31bb051eccc300d327adab44aede035.jpg,stream-webcam,「主播特写」第七集，02-05 当晚发，深蓝卫衣，直播中吃饭
128,3569859006,1,2015-02-05 22:26,https://imgsrc.baidu.com/forum/pic/item/9907be8b87d6277fbea3b11d2c381f30e924fc6c.jpg,stream-webcam,「主播特写」第七集，02-05 当晚发，深蓝卫衣，直播中吃饭
129,3569859006,1,2015-02-05 22:26,https://imgsrc.baidu.com/forum/pic/item/f7562a2ac65c103838964de7b6119313b07e8935.jpg,stream-webcam,「主播特写」第七集，02-05 当晚发，深蓝卫衣，直播中吃饭
130,3569859006,1,2015-02-05 22:26,https://imgsrc.baidu.com/forum/pic/item/28d5ca39b6003af35c0b5f45312ac65c1038b66c.jpg,stream-webcam,「主播特写」第七集，02-05 当晚发，深蓝卫衣，直播中吃饭
131,3569859006,1,2015-02-05 22:26,https://imgsrc.baidu.com/forum/pic/item/5916a612c8fcc3ce17714a169645d688d43f206c.jpg,stream-webcam,「主播特写」第七集，02-05 当晚发，深蓝卫衣，直播中吃饭
132,3569859006,1,2015-02-05 22:26,https://imgsrc.baidu.com/forum/pic/item/68c0b8efce1b9d16652f1944f7deb48f8c546435.jpg,stream-webcam,「主播特写」第七集，02-05 当晚发，深蓝卫衣，直播中吃饭
133,3569859006,1,2015-02-05 22:26,https://imgsrc.baidu.com/forum/pic/item/cfceb886c9177f3ea1dc7f2874cf3bc79f3d5635.jpg,stream-webcam,「主播特写」第七集，02-05 当晚发，深蓝卫衣，直播中吃饭
134,3569859006,1,2015-02-05 22:26,https://imgsrc.baidu.com/forum/pic/item/00119582b9014a90f88ec598ad773912b31bee6d.jpg,stream-webcam,「主播特写」第七集，02-05 当晚发，深蓝卫衣，直播中吃饭
135,3569859006,1,2015-02-05 22:26,https://imgsrc.baidu.com/forum/pic/item/2bfcf9cd7b899e51e03fb93146a7d933c8950d6c.jpg,stream-webcam,「主播特写」第七集，02-05 当晚发，深蓝卫衣，直播中吃饭
136,3569859006,1,2015-02-05 22:26,https://imgsrc.baidu.com/forum/pic/item/7cdfedd3572c11df9b613c06672762d0f703c26d.jpg,stream-webcam,「主播特写」第七集，02-05 当晚发，深蓝卫衣，直播中吃饭
137,3570068890,1,2015-02-06 00:18,https://imgsrc.baidu.com/forum/pic/item/b980d6177f3e67096013a4da3fc79f3df8dc558e.jpg,other,水帖／表情／写真／同人／非直播内容
138,3576724920,1,2015-02-09 17:58,https://imgsrc.baidu.com/forum/pic/item/b368c2c451da81cb56e69ce15666d0160924319b.jpg,room-share-card,02-09 17:58 直播间分享卡片（标题 TO THE MOON）
139,3581282338,1,2015-02-12 01:57,https://imgsrc.baidu.com/forum/pic/item/658f81510fb30f2478d7b413cc95d143ad4b0352.jpg,mixed,置顶咨询帖；04-20 22:24 同一张火灾游戏截图（f12）
140,3582361161,1,2015-02-12 18:13,https://imgsrc.baidu.com/forum/pic/item/11225da7d933c895fec0d66ad51373f08202006e.jpg,other,水帖／表情／写真／同人／非直播内容
141,3582361161,1,2015-02-12 18:13,https://imgsrc.baidu.com/forum/pic/item/5ca1c633c895d1439dc8aa3277f082025aaf076e.jpg,other,水帖／表情／写真／同人／非直播内容
142,3583536278,1,2015-02-13 11:14,https://imgsrc.baidu.com/forum/pic/item/40d992b1cb134954c6d24c76524e9258d0094ade.jpg,other,水帖／表情／写真／同人／非直播内容
143,3584579775,2,2015-02-13 21:51,https://imgsrc.baidu.com/forum/pic/item/95d2ac1c8701a18ba420965c9a2f07082938fee4.jpg,other,水帖／表情／写真／同人／非直播内容
144,3584579775,2,2015-02-13 21:51,https://imgsrc.baidu.com/forum/pic/item/b3324682b2b7d0a2734e808ecfef76094b369a20.jpg,other,水帖／表情／写真／同人／非直播内容
145,3584579775,2,2015-02-13 21:51,https://imgsrc.baidu.com/forum/pic/item/756613338744ebf840bae02cddf9d72a6159a7e4.jpg,other,水帖／表情／写真／同人／非直播内容
146,3584579775,2,2015-02-13 21:51,https://imgsrc.baidu.com/forum/pic/item/e3195e34970a304ee0a524e9d5c8a786c9175c20.jpg,other,水帖／表情／写真／同人／非直播内容
147,3584579775,2,2015-02-13 21:51,https://imgsrc.baidu.com/forum/pic/item/62df921001e93901aac9092d7fec54e737d196e4.jpg,other,水帖／表情／写真／同人／非直播内容
148,3584579775,6,2015-02-14 09:44,https://imgsrc.baidu.com/forum/pic/item/af332cfa828ba61e4e78763b4534970a304e5912.jpg,other,水帖／表情／写真／同人／非直播内容
149,3591981712,1,2015-02-18 09:49,https://imgsrc.baidu.com/forum/pic/item/68c0b8efce1b9d16cfc8b37df7deb48f8c5464a0.jpg,other,水帖／表情／写真／同人／非直播内容
150,3591981712,5,2015-02-18 18:35,https://imgsrc.baidu.com/forum/pic/item/1453ac19ebc4b7454972310acbfc1e178b8215c9.jpg,other,水帖／表情／写真／同人／非直播内容
151,3596802659,1,2015-02-21 16:49,https://imgsrc.baidu.com/forum/pic/item/5496e903738da97721a21c2bb451f8198618e323.jpg,other,水帖／表情／写真／同人／非直播内容
152,3599481044,1,2015-02-23 13:01,https://imgsrc.baidu.com/forum/pic/item/cf45b24bd11373f0f066669ca00f4bfbfbed0459.jpg,other,水帖／表情／写真／同人／非直播内容
153,3601641100,1,2015-02-24 19:45,https://imgsrc.baidu.com/forum/pic/item/fef88625bc315c60afa99eea89b1cb13495477f9.jpg,other,水帖／表情／写真／同人／非直播内容
154,3603553897,1,2015-02-25 20:56,https://imgsrc.baidu.com/forum/pic/item/42662ba85edf8db1e91d756c0d23dd54564e7488.jpg,other,水帖／表情／写真／同人／非直播内容
155,3603553897,1,2015-02-25 20:56,https://imgsrc.baidu.com/forum/pic/item/beea17fa513d2697efe0015551fbb2fb4316d889.jpg,other,水帖／表情／写真／同人／非直播内容
156,3607962050,2,2015-02-28 07:00,https://imgsrc.baidu.com/forum/pic/item/12f5c8ca7bcb0a46a3d60c376f63f6246a60afca.jpg,other,水帖／表情／写真／同人／非直播内容
157,3607962050,3,2015-02-28 07:01,https://imgsrc.baidu.com/forum/pic/item/b9e9d11b9d16fdfa331d40e0b08f8c5494ee7b55.jpg,other,水帖／表情／写真／同人／非直播内容
158,3609660998,1,2015-02-28 23:55,https://imgsrc.baidu.com/forum/pic/item/f8cb64899e510fb3b8fead91dd33c895d0430cd3.jpg,other,水帖／表情／写真／同人／非直播内容
159,3581282338,8,2015-03-23 16:33,https://imgsrc.baidu.com/forum/pic/item/7565e9246b600c33f8e761701e4c510fd8f9a1f6.jpg,mixed,置顶咨询帖；04-20 22:24 同一张火灾游戏截图（f12）
160,3654480373,1,2015-03-23 17:38,https://imgsrc.baidu.com/forum/pic/item/ca2c3734349b033b0daf766211ce36d3d539bd6d.jpg,room-share-card,03-23 17:38 直播间分享卡片：标题「我是谁？」＋《奥日与黑暗森林》画面 → 新建 2015-03-23-live-01
161,3658284989,1,2015-03-25 13:49,https://imgsrc.baidu.com/forum/pic/item/62df921001e939011c0047807fec54e736d19610.jpg,room-share-card,03-25 13:49 直播间分享卡片：PS4 开箱桌面
163,3713531707,1,2015-04-20 22:22,https://imgsrc.baidu.com/forum/pic/item/6c8d5810b912c8fc5cc42af8f9039245d68821d2.jpg,stream-photo,04-20 手机拍直播画面：横版像素风火灾大楼游戏＋弹幕问游戏名，游戏未能辨认
164,3581282338,12,2015-04-20 22:24,https://imgsrc.baidu.com/forum/pic/item/cb3fa9003af33a87d859de2fc35c10385343b5d1.jpg,mixed,置顶咨询帖；04-20 22:24 同一张火灾游戏截图（f12）
165,3727220108,1,2015-04-27 12:52,https://imgsrc.baidu.com/forum/pic/item/190e37381f30e9241181982c49086e061d95f788.jpg,other,水帖／表情／写真／同人／非直播内容
166,3737912679,1,2015-05-02 16:00,https://imgsrc.baidu.com/forum/pic/item/5ca1c633c895d143d826e44876f082025aaf070a.jpg,other,水帖／表情／写真／同人／非直播内容
167,3795720563,1,2015-05-30 14:26,https://imgsrc.baidu.com/forum/pic/item/a80625f33a87e9508c33a2fa15385343fbf2b402.jpg,other,水帖／表情／写真／同人／非直播内容
168,3795720563,1,2015-05-30 14:26,https://imgsrc.baidu.com/forum/pic/item/2481f650352ac65cab3d37e5fef2b21193138a76.jpg,other,水帖／表情／写真／同人／非直播内容
169,3795720563,1,2015-05-30 14:26,https://imgsrc.baidu.com/forum/pic/item/1d4967f0f736afc32a376ef3b619ebc4b7451276.jpg,other,水帖／表情／写真／同人／非直播内容
170,3798386551,1,2015-05-31 20:13,https://imgsrc.baidu.com/forum/pic/item/edd8ab8f8c5494eea8e7c18128f5e0fe98257e63.jpg,other,水帖／表情／写真／同人／非直播内容
171,3802504951,1,2015-06-02 21:34,https://imgsrc.baidu.com/forum/pic/item/28d7302eb9389b505aecfbce8035e5dde7116e24.jpg,other,水帖／表情／写真／同人／非直播内容
172,3809330730,1,2015-06-06 09:25,https://imgsrc.baidu.com/forum/pic/item/47e8226d55fbb2fbd5e832924a4a20a44723dc71.jpg,other,水帖／表情／写真／同人／非直播内容
173,3810452571,2,2015-06-06 19:31,https://imgsrc.baidu.com/forum/pic/item/7d217dd0f703918fc450814b543d269758eec4b0.jpg,other,水帖／表情／写真／同人／非直播内容
174,3810452571,2,2015-06-06 19:31,https://imgsrc.baidu.com/forum/pic/item/e61f9918367adab409e9a4c28ed4b31c8701e478.jpg,other,水帖／表情／写真／同人／非直播内容
175,3810452571,2,2015-06-06 19:31,https://imgsrc.baidu.com/forum/pic/item/5daf9d26cffc1e17bc8633b04f90f603738de978.jpg,other,水帖／表情／写真／同人／非直播内容
176,3810452571,2,2015-06-06 19:31,https://imgsrc.baidu.com/forum/pic/item/0bc829d3d539b600ab49b336ec50352ac75cb7b6.jpg,other,水帖／表情／写真／同人／非直播内容
177,3810452571,5,2015-06-06 22:28,https://imgsrc.baidu.com/forum/pic/item/8723a3315c6034a8de995600ce1349540923763a.jpg,other,水帖／表情／写真／同人／非直播内容
178,3890035389,1,2015-07-13 01:01,https://imgsrc.baidu.com/forum/pic/item/cf06a5a1cd11728b8ec80214cefcc3cec3fd2c21.jpg,other,水帖／表情／写真／同人／非直播内容
179,3890035389,81,2015-07-13 12:34,https://imgsrc.baidu.com/forum/pic/item/5916a612c8fcc3ce06b33f049445d688d43f2098.jpg,other,水帖／表情／写真／同人／非直播内容
180,3890035389,104,2015-07-13 13:52,https://imgsrc.baidu.com/forum/pic/item/bdca63d98d1001e902bcdf38be0e7bec54e7970f.jpg,other,水帖／表情／写真／同人／非直播内容
181,3900753504,1,2015-07-17 15:48,https://imgsrc.baidu.com/forum/pic/item/00119582b9014a9004b2a3afaf773912b31bee1f.jpg,stream-photo,07-17 手机拍直播画面（开衫）
182,3900753504,1,2015-07-17 15:48,https://imgsrc.baidu.com/forum/pic/item/9942f4f81a4c510fe24a07086659252dd42aa518.jpg,stream-photo,07-17 手机拍直播画面（开衫）
183,3900753504,2,2015-07-17 15:51,https://imgsrc.baidu.com/forum/pic/item/28d7302eb9389b503ebf04408335e5dde7116e62.jpg,stream-photo,07-17 手机拍直播画面（开衫）
184,3901669463,1,2015-07-17 22:51,https://imgsrc.baidu.com/forum/pic/item/add88382d158ccbf9315e8291fd8bc3eb135417a.jpg,other,水帖／表情／写真／同人／非直播内容
185,3902068177,1,2015-07-18 05:31,https://imgsrc.baidu.com/forum/pic/item/f722a799a9014c08411fb0b60c7b02087bf4f487.jpg,other,水帖／表情／写真／同人／非直播内容
186,3902068177,1,2015-07-18 05:31,https://imgsrc.baidu.com/forum/pic/item/813be7dcd100baa11ba2dea84110b912c8fc2e19.jpg,other,水帖／表情／写真／同人／非直播内容
187,3902996196,1,2015-07-18 15:30,https://imgsrc.baidu.com/forum/pic/item/6df69d025aafa40f1132aec9ad64034f78f01937.jpg,other,水帖／表情／写真／同人／非直播内容
188,3907446952,1,2015-07-20 14:13,https://imgsrc.baidu.com/forum/pic/item/ddc8dcfdfc039245f71dbe188194a4c27d1e2506.jpg,other,水帖／表情／写真／同人／非直播内容
189,3909799507,1,2015-07-21 13:51,https://imgsrc.baidu.com/forum/pic/item/190e37381f30e924574343294a086e061c95f7ce.jpg,other,水帖／表情／写真／同人／非直播内容
190,3912624992,1,2015-07-22 16:40,https://imgsrc.baidu.com/forum/pic/item/5916a612c8fcc3ce709b29299445d688d43f2053.jpg,stream-screenshot,07-22 风之旅人与小桀同屏
191,3912624992,1,2015-07-22 16:40,https://imgsrc.baidu.com/forum/pic/item/28d5ca39b6003af37c753d7a332ac65c1138b6e7.jpg,stream-screenshot,07-22 风之旅人与小桀同屏
192,3912624992,1,2015-07-22 16:40,https://imgsrc.baidu.com/forum/pic/item/e3fcb051f3deb48ff0f740c4f61f3a292df57810.jpg,stream-screenshot,07-22 风之旅人与小桀同屏
193,3912624992,1,2015-07-22 16:40,https://imgsrc.baidu.com/forum/pic/item/b3324682b2b7d0a25635e587cdef76094b369a36.jpg,stream-screenshot,07-22 风之旅人与小桀同屏
194,3912624992,1,2015-07-22 16:40,https://imgsrc.baidu.com/forum/pic/item/307594d4b31c87015c4353fc217f9e2f0708ff3e.jpg,stream-screenshot,07-22 风之旅人与小桀同屏
195,3912624992,5,2015-07-22 16:50,https://imgsrc.baidu.com/forum/pic/item/9fcd26dbb6fd526612dbd10ead18972bd407363a.jpg,stream-screenshot,07-22 风之旅人与小桀同屏
196,3912624992,5,2015-07-22 16:50,https://imgsrc.baidu.com/forum/pic/item/89dbbe44ad345982e17c09880af431adcbef8438.jpg,stream-screenshot,07-22 风之旅人与小桀同屏
197,3912624992,9,2015-07-22 16:54,https://imgsrc.baidu.com/forum/pic/item/ad1daf51f8198618c799039e4ced2e738ad4e6d1.jpg,stream-screenshot,07-22 风之旅人与小桀同屏
198,3912624992,9,2015-07-22 16:54,https://imgsrc.baidu.com/forum/pic/item/b980d6177f3e67096b52a9e53dc79f3df8dc5564.jpg,stream-screenshot,07-22 风之旅人与小桀同屏
199,3912624992,9,2015-07-22 16:54,https://imgsrc.baidu.com/forum/pic/item/65f215d162d9f2d35d0bcbf5afec8a136327cc9c.jpg,stream-screenshot,07-22 风之旅人与小桀同屏
200,3912624992,9,2015-07-22 16:54,https://imgsrc.baidu.com/forum/pic/item/d5e969094b36acaf753e7ae67ad98d1000e99cd0.jpg,stream-screenshot,07-22 风之旅人与小桀同屏
201,3912624992,9,2015-07-22 16:54,https://imgsrc.baidu.com/forum/pic/item/a7075590f603738d43dce338b51bb051f819ec19.jpg,stream-screenshot,07-22 风之旅人与小桀同屏
202,3912624992,9,2015-07-22 16:54,https://imgsrc.baidu.com/forum/pic/item/e5ebb464034f78f02ded75e97f310a55b2191cc8.jpg,stream-screenshot,07-22 风之旅人与小桀同屏
203,3912624992,9,2015-07-22 16:54,https://imgsrc.baidu.com/forum/pic/item/edd8ab8f8c5494ee88b4e0032bf5e0fe99257e18.jpg,stream-screenshot,07-22 风之旅人与小桀同屏
204,3912624992,9,2015-07-22 16:54,https://imgsrc.baidu.com/forum/pic/item/2714ac1bb051f819680fed50dcb44aed2e73e78d.jpg,stream-screenshot,07-22 风之旅人与小桀同屏
205,3912682132,1,2015-07-22 17:04,https://imgsrc.baidu.com/forum/pic/item/f722a799a9014c08936fc2bf0c7b02087bf4f45f.jpg,other,水帖／表情／写真／同人／非直播内容
206,3912624992,34,2015-07-22 19:28,https://imgsrc.baidu.com/forum/pic/item/4d45e4f2b2119313a68bc7ab63380cd790238de2.jpg,stream-screenshot,07-22 风之旅人与小桀同屏
207,3913716584,3,2015-07-23 11:06,https://imgsrc.baidu.com/forum/pic/item/ec19a1096b63f62465fefb188144ebf81a4ca314.jpg,stream-screenshot,07-22 风之旅人弹幕截图
208,3914935769,1,2015-07-23 15:48,https://imgsrc.baidu.com/forum/pic/item/8284ce58ccbf6c81992056f4ba3eb13533fa4098.jpg,other,水帖／表情／写真／同人／非直播内容
209,3914935769,1,2015-07-23 15:48,https://imgsrc.baidu.com/forum/pic/item/cf5ed3bf6c81800a03f2f312b73533fa828b4798.jpg,other,水帖／表情／写真／同人／非直播内容
210,3914935769,1,2015-07-23 15:48,https://imgsrc.baidu.com/forum/pic/item/d2b97381800a19d8a714fe1935fa828ba61e4698.jpg,other,水帖／表情／写真／同人／非直播内容
211,3914935769,1,2015-07-23 15:48,https://imgsrc.baidu.com/forum/pic/item/72879f0a19d8bc3ead1f7cd6848ba61ea8d34598.jpg,other,水帖／表情／写真／同人／非直播内容
212,3915180136,1,2015-07-23 17:24,https://imgsrc.baidu.com/forum/pic/item/27073e3fb80e7bec84f05bfd292eb9389b506b8e.jpg,other,水帖／表情／写真／同人／非直播内容
213,3907446952,15,2015-07-24 17:11,https://imgsrc.baidu.com/forum/pic/item/f5c2a84543a98226df35b33a8c82b9014a90eb39.jpg,other,水帖／表情／写真／同人／非直播内容
214,3907446952,15,2015-07-24 17:11,https://imgsrc.baidu.com/forum/pic/item/d1fa01178a82b90159c9582e758da9773912ef49.jpg,other,水帖／表情／写真／同人／非直播内容
215,3923980280,1,2015-07-27 11:22,https://imgsrc.baidu.com/forum/pic/item/892dcb0735fae6cdc91d716109b30f2442a70f0f.jpg,other,水帖／表情／写真／同人／非直播内容
216,3927408412,4,2015-07-28 18:56,https://imgsrc.baidu.com/forum/pic/item/8723a3315c6034a8d9165e83cd134954082376c6.jpg,fan-mc,吧友自己的 MC 航母
217,3927408412,4,2015-07-28 18:56,https://imgsrc.baidu.com/forum/pic/item/cc1d11f41bd5ad6e1cbe82e887cb39dbb6fd3c77.jpg,fan-mc,吧友自己的 MC 航母
218,3927408412,4,2015-07-28 18:56,https://imgsrc.baidu.com/forum/pic/item/e930b0c379310a55566338f6b14543a982261077.jpg,fan-mc,吧友自己的 MC 航母
219,3927408412,4,2015-07-28 18:56,https://imgsrc.baidu.com/forum/pic/item/492a0edfa9ec8a13765cb1e2f103918fa0ecc070.jpg,fan-mc,吧友自己的 MC 航母
220,3928009915,1,2015-07-28 22:52,https://imgsrc.baidu.com/forum/pic/item/c7ffc82a6059252d2e223d07329b033b5bb5b986.jpg,video-page,07-28 官方优酷《风之旅人》录像当时处于加密状态
221,3928084172,1,2015-07-28 23:23,https://imgsrc.baidu.com/forum/pic/item/ec19a1096b63f62482f710008144ebf81a4ca315.jpg,stream-screenshot,07-28 第一届建筑大赛皮卡丘像素画（直播截图＋吧友手绘）
222,3928084172,5,2015-07-29 21:52,https://imgsrc.baidu.com/forum/pic/item/4fdc9ecb39dbb6fd054b92220f24ab18972b37a3.jpg,stream-screenshot,07-28 第一届建筑大赛皮卡丘像素画（直播截图＋吧友手绘）
223,3931677924,1,2015-07-30 12:19,https://imgsrc.baidu.com/forum/pic/item/47e8226d55fbb2fb4e638a16494a20a44623dc74.jpg,offline-event,07-30 ChinaJoy
224,3931677924,4,2015-07-30 12:27,https://imgsrc.baidu.com/forum/pic/item/b9e9d11b9d16fdfacc4819eab28f8c5494ee7b90.jpg,offline-event,07-30 ChinaJoy
225,3931677924,4,2015-07-30 12:27,https://imgsrc.baidu.com/forum/pic/item/5530b3af2edda3cc31a1642407e93901213f9277.jpg,offline-event,07-30 ChinaJoy
226,3931750135,1,2015-07-30 12:51,https://imgsrc.baidu.com/forum/pic/item/700002950a7b02088b08fae564d9f2d3562cc8fc.jpg,other,水帖／表情／写真／同人／非直播内容
227,3931677924,10,2015-07-30 12:55,https://imgsrc.baidu.com/forum/pic/item/30dbbccc7cd98d104758cb35273fb80e7bec9028.jpg,offline-event,07-30 ChinaJoy
228,3931677924,11,2015-07-30 12:56,https://imgsrc.baidu.com/forum/pic/item/9484a6014a90f603a3df5a433f12b31bb051ed4a.jpg,offline-event,07-30 ChinaJoy
229,3931768952,1,2015-07-30 12:59,https://imgsrc.baidu.com/forum/pic/item/9907be8b87d6277f7fc4f43c2e381f30e824fce3.jpg,other,水帖／表情／写真／同人／非直播内容
230,3930677198,12,2015-07-30 13:15,https://imgsrc.baidu.com/forum/pic/item/0fd9b6ec8a13632792920e37978fa0ec08fac7ba.jpg,offline-event,07-30～08-01 ChinaJoy 现场
231,3931750135,2,2015-07-30 13:19,https://imgsrc.baidu.com/forum/pic/item/2481f650352ac65c34a0a977fdf2b21193138a17.jpg,other,水帖／表情／写真／同人／非直播内容
232,3930677198,13,2015-07-30 21:22,https://imgsrc.baidu.com/forum/pic/item/8e548722720e0cf3b4dfe0fe0c46f21fbe09aa95.jpg,offline-event,07-30～08-01 ChinaJoy 现场
233,3930677198,13,2015-07-30 21:22,https://imgsrc.baidu.com/forum/pic/item/b9e9d11b9d16fdfa1dd668ebb28f8c5494ee7b07.jpg,offline-event,07-30～08-01 ChinaJoy 现场
234,3930677198,13,2015-07-30 21:22,https://imgsrc.baidu.com/forum/pic/item/cf156cf082025aafb740d0cefdedab64034f1a4e.jpg,offline-event,07-30～08-01 ChinaJoy 现场
235,3930677198,13,2015-07-30 21:22,https://imgsrc.baidu.com/forum/pic/item/1440ed1fbe096b639f6bf0550a338744ebf8ac4f.jpg,offline-event,07-30～08-01 ChinaJoy 现场
236,3933258826,1,2015-07-30 23:29,https://imgsrc.baidu.com/forum/pic/item/8284ce58ccbf6c812b33a4edba3eb13533fa40b1.jpg,offline-event,07-30 ChinaJoy
237,3933258826,2,2015-07-30 23:32,https://imgsrc.baidu.com/forum/pic/item/d4867a380cd79123fc051c71ab345982b3b780d0.jpg,offline-event,07-30 ChinaJoy
238,3930677198,15,2015-07-31 02:16,https://imgsrc.baidu.com/forum/pic/item/e61f9918367adab4b047fc468dd4b31c8701e423.jpg,offline-event,07-30～08-01 ChinaJoy 现场
239,3930677198,15,2015-07-31 02:16,https://imgsrc.baidu.com/forum/pic/item/6c8d5810b912c8fc76bb11c8fa039245d6882175.jpg,offline-event,07-30～08-01 ChinaJoy 现场
240,3930677198,16,2015-08-01 14:52,https://imgsrc.baidu.com/forum/pic/item/b51e882bd40735fae416e5be98510fb30e2408dc.jpg,offline-event,07-30～08-01 ChinaJoy 现场
241,3937980814,1,2015-08-01 21:10,https://imgsrc.baidu.com/forum/pic/item/981e297adab44aededa581ecb51c8701a08bfbd1.jpg,other,水帖／表情／写真／同人／非直播内容
242,3937980814,1,2015-08-01 21:10,https://imgsrc.baidu.com/forum/pic/item/16fc4e3d269759eedb6d5ec3b4fb43166d22dffb.jpg,other,水帖／表情／写真／同人／非直播内容
243,3938437377,1,2015-08-01 23:47,https://imgsrc.baidu.com/forum/pic/item/9e0c06d8bc3eb1350ad6b1b3a01ea8d3fd1f44ae.jpg,other,水帖／表情／写真／同人／非直播内容
244,3939967871,1,2015-08-02 15:53,https://imgsrc.baidu.com/forum/pic/item/8ee969c6a7efce1bf98a1ac2a951f3deb48f651f.jpg,offline-event,08-02 ChinaJoy 舞台
245,3939967871,1,2015-08-02 15:53,https://imgsrc.baidu.com/forum/pic/item/42662ba85edf8db1bd6faf6c0f23dd54564e747f.jpg,offline-event,08-02 ChinaJoy 舞台
246,3939967871,3,2015-08-02 16:05,https://imgsrc.baidu.com/forum/pic/item/6d8bb6773912b31b6bc914218018367adab4e11c.jpg,offline-event,08-02 ChinaJoy 舞台
247,3939967871,3,2015-08-02 16:05,https://imgsrc.baidu.com/forum/pic/item/b7712612b31bb05124816a20307adab44aede01c.jpg,offline-event,08-02 ChinaJoy 舞台
248,3940318119,9,2015-08-02 21:47,https://imgsrc.baidu.com/forum/pic/item/6c0813f3d7ca7bcbb801bc26b8096b63f624a843.jpg,other,水帖／表情／写真／同人／非直播内容
249,3940933887,1,2015-08-02 22:37,https://imgsrc.baidu.com/forum/pic/item/855650c2d56285350f76bc2896ef76c6a7ef632f.jpg,other,水帖／表情／写真／同人／非直播内容
250,3940933887,1,2015-08-02 22:37,https://imgsrc.baidu.com/forum/pic/item/582516f790529822d21e50cad1ca7bcb0a46d494.jpg,other,水帖／表情／写真／同人／非直播内容
251,3940933887,3,2015-08-02 23:16,https://imgsrc.baidu.com/forum/pic/item/bf42b2345982b2b7186f69cd37adcbef77099bc9.jpg,other,水帖／表情／写真／同人／非直播内容
252,3943141046,1,2015-08-03 18:47,https://imgsrc.baidu.com/forum/pic/item/b6d5e21f4134970a35f44b2593cad1c8a7865d3e.jpg,offline-event,08-03 前后 ChinaJoy 照片
253,3943141046,2,2015-08-03 18:52,https://imgsrc.baidu.com/forum/pic/item/5496e903738da9776cb7c321b651f8198618e322.jpg,offline-event,08-03 前后 ChinaJoy 照片
254,3943141046,2,2015-08-03 18:52,https://imgsrc.baidu.com/forum/pic/item/e3fcb051f3deb48f6daefbd4f61f3a292cf578ff.jpg,offline-event,08-03 前后 ChinaJoy 照片
255,3943141046,2,2015-08-03 18:52,https://imgsrc.baidu.com/forum/pic/item/8310e2faaf51f3de540be36e92eef01f3a297901.jpg,offline-event,08-03 前后 ChinaJoy 照片
256,3943141046,2,2015-08-03 18:52,https://imgsrc.baidu.com/forum/pic/item/16fc4e3d269759eebf963ac1b4fb43166c22dff8.jpg,offline-event,08-03 前后 ChinaJoy 照片
257,3943141046,2,2015-08-03 18:52,https://imgsrc.baidu.com/forum/pic/item/514c3fa4462309f71bd7f718740e0cf3d7cad602.jpg,offline-event,08-03 前后 ChinaJoy 照片
258,3945820445,5,2015-08-04 18:22,https://imgsrc.baidu.com/forum/pic/item/9c8db91ea8d3fd1fe4355b31364e251f95ca5f87.jpg,other,水帖／表情／写真／同人／非直播内容
259,3942785089,10,2015-08-04 19:32,https://imgsrc.baidu.com/forum/pic/item/ddc8dcfdfc0392457a3c0b048194a4c27d1e2532.jpg,other,水帖／表情／写真／同人／非直播内容
260,3946536620,3,2015-08-04 22:53,https://imgsrc.baidu.com/forum/pic/item/a9435ca98226cffcbe0094bebf014a90f603ea9e.jpg,other,水帖／表情／写真／同人／非直播内容
261,3940933887,11,2015-08-05 11:33,https://imgsrc.baidu.com/forum/pic/item/24f52587e950352ab9428e045543fbf2b2118ba5.jpg,other,水帖／表情／写真／同人／非直播内容
262,3543090145,16,2015-08-08 23:20,https://imgsrc.baidu.com/forum/pic/item/0fd9b6ec8a1363271f0f9b42978fa0ec09fac7e3.jpg,other,水帖／表情／写真／同人／非直播内容
263,3964540770,1,2015-08-11 19:48,https://imgsrc.baidu.com/forum/pic/item/855650c2d5628535dd6cea5496ef76c6a7ef6338.jpg,other,水帖／表情／写真／同人／非直播内容
264,3964540770,1,2015-08-11 19:48,https://imgsrc.baidu.com/forum/pic/item/3128a6389b504fc2e3d38870e3dde71190ef6d38.jpg,other,水帖／表情／写真／同人／非直播内容
265,3964540770,1,2015-08-11 19:48,https://imgsrc.baidu.com/forum/pic/item/9942f4f81a4c510f278cda6f6659252dd42aa505.jpg,other,水帖／表情／写真／同人／非直播内容
266,3976784152,2,2015-08-16 18:02,https://imgsrc.baidu.com/forum/pic/item/7e5f3a2dd42a2834af2d75705db5c9ea14cebfcc.jpg,fan-mc,吧友自己的 MC 帆船模组
267,3976784152,3,2015-08-16 18:03,https://imgsrc.baidu.com/forum/pic/item/b34dce1373f082026d78d2444dfbfbedaa641bec.jpg,fan-mc,吧友自己的 MC 帆船模组
268,3976784152,4,2015-08-16 18:05,https://imgsrc.baidu.com/forum/pic/item/57521623dd54564e78efa642b5de9c82d0584fcd.jpg,fan-mc,吧友自己的 MC 帆船模组
269,3976784152,6,2015-08-16 18:10,https://imgsrc.baidu.com/forum/pic/item/ad1a9801a18b87d67c87e664010828381e30fd8e.jpg,fan-mc,吧友自己的 MC 帆船模组
270,3976784152,7,2015-08-16 18:11,https://imgsrc.baidu.com/forum/pic/item/89dbbe44ad34598201cca9e90af431adcbef8409.jpg,fan-mc,吧友自己的 MC 帆船模组
271,3976784152,7,2015-08-16 18:11,https://imgsrc.baidu.com/forum/pic/item/c735d795d143ad4be02d0abb84025aafa40f064b.jpg,fan-mc,吧友自己的 MC 帆船模组
272,3976784152,7,2015-08-16 18:11,https://imgsrc.baidu.com/forum/pic/item/8029180828381f30b72ac2d2af014c086e06f0a4.jpg,fan-mc,吧友自己的 MC 帆船模组
273,3976784152,8,2015-08-16 18:13,https://imgsrc.baidu.com/forum/pic/item/0bc829d3d539b600a59340ccef50352ac65cb776.jpg,fan-mc,吧友自己的 MC 帆船模组
274,3976784152,8,2015-08-16 18:13,https://imgsrc.baidu.com/forum/pic/item/f8cb64899e510fb324d63becdf33c895d0430c87.jpg,fan-mc,吧友自己的 MC 帆船模组
275,3976784152,11,2015-08-16 19:52,https://imgsrc.baidu.com/forum/pic/item/1725c254564e92581f4c27959a82d158ccbf4e53.jpg,fan-mc,吧友自己的 MC 帆船模组
276,3976784152,11,2015-08-16 19:52,https://imgsrc.baidu.com/forum/pic/item/b818b7d3fd1f41344a04a505231f95cad1c85ea4.jpg,fan-mc,吧友自己的 MC 帆船模组
277,3976784152,11,2015-08-16 19:52,https://imgsrc.baidu.com/forum/pic/item/9484a6014a90f6035cec3d3c3f12b31bb051ed77.jpg,fan-mc,吧友自己的 MC 帆船模组
278,3976784152,11,2015-08-16 19:52,https://imgsrc.baidu.com/forum/pic/item/b6d5e21f4134970aee40b05493cad1c8a7865da4.jpg,fan-mc,吧友自己的 MC 帆船模组
279,3976784152,12,2015-08-16 19:56,https://imgsrc.baidu.com/forum/pic/item/0393157b02087bf44669f792f4d3572c10dfcfce.jpg,fan-mc,吧友自己的 MC 帆船模组
280,3976784152,12,2015-08-16 19:56,https://imgsrc.baidu.com/forum/pic/item/ddc8dcfdfc03924523ed42748194a4c27d1e2573.jpg,fan-mc,吧友自己的 MC 帆船模组
281,3976784152,12,2015-08-16 19:56,https://imgsrc.baidu.com/forum/pic/item/8284ce58ccbf6c81526f8f93ba3eb13533fa4073.jpg,fan-mc,吧友自己的 MC 帆船模组
282,3976784152,13,2015-08-16 19:58,https://imgsrc.baidu.com/forum/pic/item/d51556540923dd549c240413d709b3de9c824878.jpg,fan-mc,吧友自己的 MC 帆船模组
283,3976784152,13,2015-08-16 19:58,https://imgsrc.baidu.com/forum/pic/item/b9e9d11b9d16fdfa18d56595b28f8c5494ee7b12.jpg,fan-mc,吧友自己的 MC 帆船模组
284,3976784152,13,2015-08-16 19:58,https://imgsrc.baidu.com/forum/pic/item/68c0b8efce1b9d164b77391af5deb48f8c54641b.jpg,fan-mc,吧友自己的 MC 帆船模组
285,3976784152,14,2015-08-16 20:02,https://imgsrc.baidu.com/forum/pic/item/2bfcf9cd7b899e51024a996f44a7d933c9950d8e.jpg,fan-mc,吧友自己的 MC 帆船模组
286,3976784152,14,2015-08-16 20:02,https://imgsrc.baidu.com/forum/pic/item/5916a612c8fcc3ce31086a489445d688d53f2083.jpg,fan-mc,吧友自己的 MC 帆船模组
287,3976784152,14,2015-08-16 20:02,https://imgsrc.baidu.com/forum/pic/item/9992bbc27d1ed21bf5458d9eab6eddc450da3fc7.jpg,fan-mc,吧友自己的 MC 帆船模组
288,3976784152,14,2015-08-16 20:02,https://imgsrc.baidu.com/forum/pic/item/c352494e9258d1097e710ac9d758ccbf6d814dc5.jpg,fan-mc,吧友自己的 MC 帆船模组
289,3976784152,14,2015-08-16 20:02,https://imgsrc.baidu.com/forum/pic/item/756613338744ebf869ffc744dff9d72a6159a7c1.jpg,fan-mc,吧友自己的 MC 帆船模组
290,3978446908,2,2015-08-17 11:44,https://imgsrc.baidu.com/forum/pic/item/6c0813f3d7ca7bcbbd71bb53b8096b63f624a84e.jpg,other,水帖／表情／写真／同人／非直播内容
291,3978826723,1,2015-08-17 14:36,https://imgsrc.baidu.com/forum/pic/item/ac178c13b07eca80c1218d9b972397dda14483a8.jpg,other,水帖／表情／写真／同人／非直播内容
292,3978292234,12,2015-08-17 20:31,https://imgsrc.baidu.com/forum/pic/item/6c0813f3d7ca7bcb09770f53b8096b63f624a840.jpg,other,水帖／表情／写真／同人／非直播内容
293,3982194172,1,2015-08-18 20:54,https://imgsrc.baidu.com/forum/pic/item/bf42b2345982b2b7065c5bba37adcbef77099b97.jpg,other,水帖／表情／写真／同人／非直播内容
294,3978292234,23,2015-08-19 13:12,https://imgsrc.baidu.com/forum/pic/item/a7075590f603738d023d205db51bb051f819ec64.jpg,other,水帖／表情／写真／同人／非直播内容
295,3984090481,1,2015-08-19 16:15,https://imgsrc.baidu.com/forum/pic/item/d85a0f385343fbf274f7c85cb67eca8064388ff8.jpg,stream-screenshot,08-19 16:15 直播画面：无尽梦魇
296,3987255755,1,2015-08-20 20:43,https://imgsrc.baidu.com/forum/pic/item/b7ea9513632762d01e3a90dea6ec08fa513dc655.jpg,stream-photo,08-20 七夕风之旅人双屏
297,3987255755,2,2015-08-20 21:08,https://imgsrc.baidu.com/forum/pic/item/61387809c93d70cf4914946cfedcd100bba12bee.jpg,stream-photo,08-20 七夕风之旅人双屏
298,3987255755,2,2015-08-20 21:08,https://imgsrc.baidu.com/forum/pic/item/67371555b319ebc4187c48f88426cffc1e171654.jpg,stream-photo,08-20 七夕风之旅人双屏
299,3987255755,4,2015-08-20 21:27,https://imgsrc.baidu.com/forum/pic/item/2fabd4ef76094b368ce73d8ca5cc7cd98d109d5b.jpg,stream-photo,08-20 七夕风之旅人双屏
300,3987255755,4,2015-08-20 21:27,https://imgsrc.baidu.com/forum/pic/item/a8fb4d66d01609242250847ad20735fae6cd345b.jpg,stream-photo,08-20 七夕风之旅人双屏
301,3987255755,4,2015-08-20 21:27,https://imgsrc.baidu.com/forum/pic/item/2b2cd95c10385343f6bba1409513b07eca808864.jpg,stream-photo,08-20 七夕风之旅人双屏
302,3987395000,1,2015-08-20 21:44,https://imgsrc.baidu.com/forum/pic/item/11b5102442a7d9334678c812ab4bd11372f00180.jpg,room-share-card,08-20 21:44 她与小桀的直播间卡片（正在直播·国行风之旅人）
303,3987255755,5,2015-08-20 21:58,https://imgsrc.baidu.com/forum/pic/item/9e0c06d8bc3eb1357e079ddaa01ea8d3fc1f4490.jpg,stream-photo,08-20 七夕风之旅人双屏
304,3987255755,5,2015-08-20 21:58,https://imgsrc.baidu.com/forum/pic/item/8f2588dda144ad3452d892e6d6a20cf431ad8575.jpg,stream-photo,08-20 七夕风之旅人双屏
305,3987255755,5,2015-08-20 21:58,https://imgsrc.baidu.com/forum/pic/item/11b5102442a7d9334f00f112ab4bd11373f00128.jpg,stream-photo,08-20 七夕风之旅人双屏
306,3987255755,5,2015-08-20 21:58,https://imgsrc.baidu.com/forum/pic/item/d693ce43ad4bd113f8aba2535cafa40f4bfb0576.jpg,stream-photo,08-20 七夕风之旅人双屏
307,3987255755,5,2015-08-20 21:58,https://imgsrc.baidu.com/forum/pic/item/2aae41df8db1cb1374c22972db54564e92584b29.jpg,stream-photo,08-20 七夕风之旅人双屏
308,3987595981,1,2015-08-20 23:08,https://imgsrc.baidu.com/forum/pic/item/680f5436acaf2edd5c7e4a888b1001e9380193ce.jpg,other,水帖／表情／写真／同人／非直播内容
309,3989459508,1,2015-08-21 19:22,https://imgsrc.baidu.com/forum/pic/item/f5c2a84543a982264a4a26458c82b9014b90ebcb.jpg,other,水帖／表情／写真／同人／非直播内容
310,3993802826,1,2015-08-23 17:26,https://imgsrc.baidu.com/forum/pic/item/14d77dd9f2d3572ce9d244b88c13632762d0c3ad.jpg,other,水帖／表情／写真／同人／非直播内容
311,3995110223,1,2015-08-24 08:57,https://imgsrc.baidu.com/forum/pic/item/ad1a9801a18b87d61a11087a010828381f30fd0e.jpg,other,水帖／表情／写真／同人／非直播内容
312,3995171976,7,2015-08-24 18:10,https://imgsrc.baidu.com/forum/pic/item/b1c566310a55b3198d98e41345a98226cffc177c.jpg,stream-screenshot,08-24 征集正面照（含 Poly Bridge 直播截图、MC 截图）
313,3995171976,7,2015-08-24 18:10,https://imgsrc.baidu.com/forum/pic/item/cea413f431adcbefa8291860aaaf2edda3cc9fb9.jpg,stream-screenshot,08-24 征集正面照（含 Poly Bridge 直播截图、MC 截图）
314,3995171976,7,2015-08-24 18:10,https://imgsrc.baidu.com/forum/pic/item/ad1daf51f81986184e8088e24ced2e738ad4e693.jpg,stream-screenshot,08-24 征集正面照（含 Poly Bridge 直播截图、MC 截图）
315,3995171976,7,2015-08-24 18:10,https://imgsrc.baidu.com/forum/pic/item/ecd5482c11dfa9ec1fe9317164d0f703908fc193.jpg,stream-screenshot,08-24 征集正面照（含 Poly Bridge 直播截图、MC 截图）
316,3995171976,7,2015-08-24 18:10,https://imgsrc.baidu.com/forum/pic/item/4784adb7d0a20cf4ed3a98b970094b36acaf9930.jpg,stream-screenshot,08-24 征集正面照（含 Poly Bridge 直播截图、MC 截图）
317,3995171976,7,2015-08-24 18:10,https://imgsrc.baidu.com/forum/pic/item/a60864ec54e736d1c3b9ea6e9d504fc2d5626930.jpg,stream-screenshot,08-24 征集正面照（含 Poly Bridge 直播截图、MC 截图）
318,3995171976,7,2015-08-24 18:10,https://imgsrc.baidu.com/forum/pic/item/c352494e9258d109a346cfd4d758ccbf6c814d30.jpg,stream-screenshot,08-24 征集正面照（含 Poly Bridge 直播截图、MC 截图）
319,3995171976,7,2015-08-24 18:10,https://imgsrc.baidu.com/forum/pic/item/a237436034a85edf85ec98454f540923dd54757d.jpg,stream-screenshot,08-24 征集正面照（含 Poly Bridge 直播截图、MC 截图）
320,3995171976,7,2015-08-24 18:10,https://imgsrc.baidu.com/forum/pic/item/67371555b319ebc4d0dd10ff8426cffc1e171630.jpg,stream-screenshot,08-24 征集正面照（含 Poly Bridge 直播截图、MC 截图）
321,3995171976,7,2015-08-24 18:10,https://imgsrc.baidu.com/forum/pic/item/c4b255ed2e738bd4cee7d557a78b87d6267ff99c.jpg,stream-screenshot,08-24 征集正面照（含 Poly Bridge 直播截图、MC 截图）
322,4000471630,1,2015-08-26 13:50,https://imgsrc.baidu.com/forum/pic/item/8ae8ef1f3a292df57f522f7dba315c6035a873cf.jpg,other,水帖／表情／写真／同人／非直播内容
323,4000471630,1,2015-08-26 13:50,https://imgsrc.baidu.com/forum/pic/item/389146ee3d6d55fb8ee1f44e6b224f4a20a4ddbd.jpg,other,水帖／表情／写真／同人／非直播内容
324,4012865302,1,2015-09-01 01:17,https://imgsrc.baidu.com/forum/pic/item/0bc829d3d539b60045bca0e7ef50352ac65cb772.jpg,other,水帖／表情／写真／同人／非直播内容
325,4012865302,1,2015-09-01 01:17,https://imgsrc.baidu.com/forum/pic/item/3ea2592309f79052fa5ceb6e0af3d7ca7bcbd521.jpg,other,水帖／表情／写真／同人／非直播内容
326,4014163837,1,2015-09-01 17:34,https://imgsrc.baidu.com/forum/pic/item/bac4621ed21b0ef47d4f810fdbc451da80cb3ec5.jpg,other,水帖／表情／写真／同人／非直播内容
327,4040350945,1,2015-09-13 22:27,https://imgsrc.baidu.com/forum/pic/item/8ee969c6a7efce1be3873088a951f3deb58f65ce.jpg,other,水帖／表情／写真／同人／非直播内容
328,4043096967,2,2015-09-15 09:29,https://imgsrc.baidu.com/forum/pic/item/25c1803df8dcd1001a362c65748b4710b8122fd6.jpg,other,水帖／表情／写真／同人／非直播内容
329,4044238239,2,2015-09-15 19:33,https://imgsrc.baidu.com/forum/pic/item/6c8d5810b912c8fc32525588fa039245d78821dc.jpg,other,水帖／表情／写真／同人／非直播内容
330,4044618654,1,2015-09-15 22:34,https://imgsrc.baidu.com/forum/pic/item/add88382d158ccbf3c1f977c1fd8bc3eb03541de.jpg,other,水帖／表情／写真／同人／非直播内容
331,4044618654,1,2015-09-15 22:34,https://imgsrc.baidu.com/forum/pic/item/a73e84504fc2d562a8eff2abe11190ef77c66c92.jpg,other,水帖／表情／写真／同人／非直播内容
332,4044618654,9,2015-09-16 18:38,https://imgsrc.baidu.com/forum/pic/item/ecd5482c11dfa9ec4f93415064d0f703918fc13a.jpg,other,水帖／表情／写真／同人／非直播内容
333,4050536500,5,2015-09-18 21:47,https://imgsrc.baidu.com/forum/pic/item/b5621c4f78f0f736ae01cd4b0c55b319eac41386.jpg,other,水帖／表情／写真／同人／非直播内容
334,4050536500,7,2015-09-19 12:34,https://imgsrc.baidu.com/forum/pic/item/6d8bb6773912b31bfa4585628018367adab4e152.jpg,other,水帖／表情／写真／同人／非直播内容
335,3982194172,20,2015-09-21 12:17,https://imgsrc.baidu.com/forum/pic/item/b7712612b31bb0517302bb67307adab44aede065.jpg,other,水帖／表情／写真／同人／非直播内容
336,3982194172,20,2015-09-21 12:17,https://imgsrc.baidu.com/forum/pic/item/bac4621ed21b0ef44e5b9011dbc451da80cb3ed7.jpg,other,水帖／表情／写真／同人／非直播内容
337,3982194172,20,2015-09-21 12:17,https://imgsrc.baidu.com/forum/pic/item/e5f4ad119313b07e2db158470ad7912397dd8c73.jpg,other,水帖／表情／写真／同人／非直播内容
338,4072131815,1,2015-09-29 18:02,https://imgsrc.baidu.com/forum/pic/item/7d217dd0f703918fcccf8876573d269759eec472.jpg,other,水帖／表情／写真／同人／非直播内容
339,4072188846,1,2015-09-29 18:38,https://imgsrc.baidu.com/forum/pic/item/8723a3315c6034a896111f3dcd134954082376a5.jpg,room-share-card,09-29 18:38 直播间分享卡片（旅游照片未整理）
340,4073378656,1,2015-09-30 11:33,https://imgsrc.baidu.com/forum/pic/item/c735d795d143ad4bd414d67d84025aafa40f065e.jpg,other,水帖／表情／写真／同人／非直播内容
341,4073843348,2,2015-09-30 16:23,https://imgsrc.baidu.com/forum/pic/item/c88ecb3f8794a4c2dd623d9608f41bd5ac6e39d4.jpg,other,水帖／表情／写真／同人／非直播内容
342,4073843348,3,2015-09-30 16:23,https://imgsrc.baidu.com/forum/pic/item/93b7d41349540923ad47b9c39458d109b3de4963.jpg,other,水帖／表情／写真／同人／非直播内容
343,4073843348,4,2015-09-30 16:24,https://imgsrc.baidu.com/forum/pic/item/c88ecb3f8794a4c2dd5b3d9608f41bd5ad6e391d.jpg,other,水帖／表情／写真／同人／非直播内容
344,4073843348,5,2015-09-30 16:24,https://imgsrc.baidu.com/forum/pic/item/5f32880a304e251f131c3e45a186c9177e3e53ae.jpg,other,水帖／表情／写真／同人／非直播内容
345,4079886537,12,2015-10-03 19:38,https://imgsrc.baidu.com/forum/pic/item/94157c2762d0f7036b8e517e0efa513d2697c55f.jpg,uploader-backend,10-03 吧友优酷上传后台：0909、0816 两条被判「涉嫌垃圾广告、恶意推广」
346,4081459083,4,2015-10-04 16:14,https://imgsrc.baidu.com/forum/pic/item/c735d795d143ad4bfa070c6484025aafa40f066a.jpg,other,水帖／表情／写真／同人／非直播内容
347,4085400761,1,2015-10-06 13:55,https://imgsrc.baidu.com/forum/pic/item/55fde4edab64034ffccfd8aea9c379310a551d19.jpg,other,水帖／表情／写真／同人／非直播内容
348,4085807487,1,2015-10-06 17:35,https://imgsrc.baidu.com/forum/pic/item/ca2c3734349b033b0fd6767213ce36d3d439bdc6.jpg,other,水帖／表情／写真／同人／非直播内容
349,4085807487,3,2015-10-06 19:31,https://imgsrc.baidu.com/forum/pic/item/3b198acad1c8a7864d808ba66109c93d71cf50f2.jpg,other,水帖／表情／写真／同人／非直播内容
350,4085807487,4,2015-10-06 21:19,https://imgsrc.baidu.com/forum/pic/item/3128a6389b504fc2c1dbaaace3dde71191ef6d9c.jpg,other,水帖／表情／写真／同人／非直播内容
351,4089160294,1,2015-10-08 11:36,https://imgsrc.baidu.com/forum/pic/item/a73e84504fc2d5626834b241e11190ef76c66c60.jpg,other,水帖／表情／写真／同人／非直播内容
352,4089160294,1,2015-10-08 11:36,https://imgsrc.baidu.com/forum/pic/item/e930b0c379310a55d1dfbd58b14543a9832610ac.jpg,other,水帖／表情／写真／同人／非直播内容
353,4091003276,1,2015-10-09 10:47,https://imgsrc.baidu.com/forum/pic/item/68c0b8efce1b9d168b8879ccf5deb48f8d5464d2.jpg,other,水帖／表情／写真／同人／非直播内容
354,4094371928,1,2015-10-10 23:54,https://imgsrc.baidu.com/forum/pic/item/add88382d158ccbf67b2dcaa1fd8bc3eb135411d.jpg,other,水帖／表情／写真／同人／非直播内容
355,4094371928,1,2015-10-10 23:54,https://imgsrc.baidu.com/forum/pic/item/61387809c93d70cf1af4c39dfedcd100baa12b1d.jpg,other,水帖／表情／写真／同人／非直播内容
356,4094371928,1,2015-10-10 23:54,https://imgsrc.baidu.com/forum/pic/item/d4867a380cd791235a80fae4ab345982b3b780c0.jpg,other,水帖／表情／写真／同人／非直播内容
357,4096015631,1,2015-10-11 21:39,https://imgsrc.baidu.com/forum/pic/item/65f215d162d9f2d32ed57a7dafec8a136227cc66.jpg,other,水帖／表情／写真／同人／非直播内容
358,4096382503,1,2015-10-12 01:05,https://imgsrc.baidu.com/forum/pic/item/25c1803df8dcd100610d6bb3748b4710b8122f91.jpg,other,水帖／表情／写真／同人／非直播内容
359,4096988115,1,2015-10-12 12:49,https://imgsrc.baidu.com/forum/pic/item/7d217dd0f703918f4e01f658573d269758eec453.jpg,other,水帖／表情／写真／同人／非直播内容
360,4085807487,6,2015-10-16 11:51,https://imgsrc.baidu.com/forum/pic/item/33f3fffe9925bc315def630158df8db1ca1370fa.jpg,other,水帖／表情／写真／同人／非直播内容
361,4105666201,1,2015-10-16 23:56,https://imgsrc.baidu.com/forum/pic/item/6ec924c79f3df8dc93a0840bcb11728b46102894.jpg,other,水帖／表情／写真／同人／非直播内容
362,4110696533,1,2015-10-19 16:19,https://imgsrc.baidu.com/forum/pic/item/8284ce58ccbf6c81b0a52177ba3eb13532fa40a0.jpg,other,水帖／表情／写真／同人／非直播内容
363,4111524293,1,2015-10-19 23:51,https://imgsrc.baidu.com/forum/pic/item/65cd1546f21fbe09defdb8946d600c338644ad91.jpg,other,水帖／表情／写真／同人／非直播内容
364,4117197591,1,2015-10-22 23:44,https://imgsrc.baidu.com/forum/pic/item/5f32880a304e251f7658437da186c9177e3e538a.jpg,other,水帖／表情／写真／同人／非直播内容
365,4118453167,1,2015-10-23 18:08,https://imgsrc.baidu.com/forum/pic/item/48488d58d109b3de97f788eecabf6c81810a4cf5.jpg,other,水帖／表情／写真／同人／非直播内容
367,4124027995,1,2015-10-26 16:27,https://imgsrc.baidu.com/forum/pic/item/8c5ece09b3de9c824b0207046a81800a18d843d8.jpg,other,水帖／表情／写真／同人／非直播内容
368,4124027995,2,2015-10-26 16:28,https://imgsrc.baidu.com/forum/pic/item/e61f9918367adab44815e4c88dd4b31c8601e47e.jpg,other,水帖／表情／写真／同人／非直播内容
369,4124465759,1,2015-10-26 20:43,https://imgsrc.baidu.com/forum/pic/item/2b2cd95c103853435fb0cead9513b07ecb8088c1.jpg,other,水帖／表情／写真／同人／非直播内容
370,4124027995,8,2015-10-26 22:34,https://imgsrc.baidu.com/forum/pic/item/6c8d5810b912c8fc7ee90941fa039245d688212e.jpg,other,水帖／表情／写真／同人／非直播内容
371,4128150677,1,2015-10-28 20:47,https://imgsrc.baidu.com/forum/pic/item/700002950a7b0208727edd6e64d9f2d3562cc894.jpg,other,水帖／表情／写真／同人／非直播内容
372,4128150677,1,2015-10-28 20:47,https://imgsrc.baidu.com/forum/pic/item/0393157b02087bf4005bb566f4d3572c10dfcf94.jpg,other,水帖／表情／写真／同人／非直播内容
373,4129300509,3,2015-10-29 18:14,https://imgsrc.baidu.com/forum/pic/item/d73b6fcf3bc79f3d88b3dec1bca1cd11738b29f2.jpg,other,水帖／表情／写真／同人／非直播内容
374,4133107861,1,2015-10-31 15:56,https://imgsrc.baidu.com/forum/pic/item/a69fb6014c086e06cae30cbf04087bf40bd1cb85.jpg,other,水帖／表情／写真／同人／非直播内容
375,4134772112,1,2015-11-01 14:19,https://imgsrc.baidu.com/forum/pic/item/b980d6177f3e6709176ced0a3dc79f3df9dc55d9.jpg,other,水帖／表情／写真／同人／非直播内容
376,4134772112,1,2015-11-01 14:19,https://imgsrc.baidu.com/forum/pic/item/2b2cd95c1038534378562fd49513b07ecb8088b4.jpg,other,水帖／表情／写真／同人／非直播内容
377,4142541039,1,2015-11-05 18:08,https://imgsrc.baidu.com/forum/pic/item/33f3fffe9925bc31eeb2926358df8db1ca137060.jpg,other,水帖／表情／写真／同人／非直播内容
378,4144197616,1,2015-11-06 15:12,https://imgsrc.baidu.com/forum/pic/item/24f52587e950352ae3ade8f45543fbf2b3118b00.jpg,other,水帖／表情／写真／同人／非直播内容
379,4148481975,2,2015-11-08 19:17,https://imgsrc.baidu.com/forum/pic/item/ad1ff4c4b74543a90958fe2c18178a82b8011490.jpg,other,水帖／表情／写真／同人／非直播内容
381,4150446538,2,2015-11-09 20:00,https://imgsrc.baidu.com/forum/pic/item/1d4967f0f736afc32acf6984b519ebc4b6451211.jpg,other,水帖／表情／写真／同人／非直播内容
382,4150446538,4,2015-11-09 20:38,https://imgsrc.baidu.com/forum/pic/item/8c5ece09b3de9c823c9cb46e6a81800a18d84358.jpg,other,水帖／表情／写真／同人／非直播内容
383,4152484073,1,2015-11-10 21:10,https://imgsrc.baidu.com/forum/pic/item/d4867a380cd79123ea330a96ab345982b3b78003.jpg,other,水帖／表情／写真／同人／非直播内容
384,4152484073,1,2015-11-10 21:10,https://imgsrc.baidu.com/forum/pic/item/7b3e13d7912397dddfaa06e65f82b2b7d1a28703.jpg,other,水帖／表情／写真／同人／非直播内容
385,4152484073,1,2015-11-10 21:10,https://imgsrc.baidu.com/forum/pic/item/12d18e2397dda144d2daf250b4b7d0a20df48603.jpg,other,水帖／表情／写真／同人／非直播内容
386,4152484073,1,2015-11-10 21:10,https://imgsrc.baidu.com/forum/pic/item/8f2588dda144ad34d96c1965d6a20cf430ad8503.jpg,other,水帖／表情／写真／同人／非直播内容
387,4152484073,11,2015-11-10 21:20,https://imgsrc.baidu.com/forum/pic/item/d693ce43ad4bd11389dc33d05cafa40f4afb05c1.jpg,other,水帖／表情／写真／同人／非直播内容
388,4152484073,11,2015-11-10 21:20,https://imgsrc.baidu.com/forum/pic/item/6318cd1b0ef41bd54e306d1657da81cb38db3df3.jpg,other,水帖／表情／写真／同人／非直播内容
389,4152484073,11,2015-11-10 21:20,https://imgsrc.baidu.com/forum/pic/item/2a9d1c3b5bb5c9ea71e38701d339b6003bf3b3c2.jpg,other,水帖／表情／写真／同人／非直播内容
390,4152484073,11,2015-11-10 21:20,https://imgsrc.baidu.com/forum/pic/item/805710b30f2442a72fa77847d743ad4bd01302a9.jpg,other,水帖／表情／写真／同人／非直播内容
391,4152484073,11,2015-11-10 21:20,https://imgsrc.baidu.com/forum/pic/item/9b33fadde71190efe1e8163dc81b9d16fcfa60c3.jpg,other,水帖／表情／写真／同人／非直播内容
392,4160364544,1,2015-11-15 01:51,https://imgsrc.baidu.com/forum/pic/item/c735d795d143ad4bc3e2eb2784025aafa50f060a.jpg,other,水帖／表情／写真／同人／非直播内容
393,4163411646,1,2015-11-16 19:25,https://imgsrc.baidu.com/forum/pic/item/7cd6e803918fa0ec461bcee4209759ee3c6ddb05.jpg,stream-screenshot,11-16 19:25 直播截图：直播间标题「先古墓，再歌会」
394,4163497613,1,2015-11-16 20:15,https://imgsrc.baidu.com/forum/pic/item/14d77dd9f2d3572c3c1f11358c13632763d0c364.jpg,other,水帖／表情／写真／同人／非直播内容
395,4163652292,2,2015-11-16 22:26,https://imgsrc.baidu.com/forum/pic/item/add88382d158ccbf19b172d31fd8bc3eb03541d4.jpg,pan-share-page,11-16 贴的百度网盘分享页：古墓丽影10-2.flv，316.9 MB，分享者 gijj1986，2015-11-15 14:05
396,4166962971,1,2015-11-18 16:48,https://imgsrc.baidu.com/forum/pic/item/813be7dcd100baa1045ecb504110b912c9fc2ef5.jpg,stream-screenshot,11-18 直播截图（兔八哥帽）
397,4153248856,10,2015-11-18 21:06,https://imgsrc.baidu.com/forum/pic/item/8ee969c6a7efce1bb1bae226a951f3deb58f654a.jpg,other,水帖／表情／写真／同人／非直播内容
398,4153248856,11,2015-11-18 21:28,https://imgsrc.baidu.com/forum/pic/item/514c3fa4462309f74069b2fe740e0cf3d6cad6da.jpg,other,水帖／表情／写真／同人／非直播内容
399,4153248856,13,2015-11-18 22:19,https://imgsrc.baidu.com/forum/pic/item/d693ce43ad4bd1131dcebfde5cafa40f4afb05e4.jpg,other,水帖／表情／写真／同人／非直播内容
400,4167634252,1,2015-11-18 23:08,https://imgsrc.baidu.com/forum/pic/item/68c0b8efce1b9d1602cae28df5deb48f8d5464d7.jpg,other,水帖／表情／写真／同人／非直播内容
401,4153248856,14,2015-11-18 23:23,https://imgsrc.baidu.com/forum/pic/item/61387809c93d70cf151bd0e1fedcd100bba12b7a.jpg,other,水帖／表情／写真／同人／非直播内容
402,4153248856,14,2015-11-18 23:23,https://imgsrc.baidu.com/forum/pic/item/582516f790529822de1b5c2fd1ca7bcb0a46d43c.jpg,other,水帖／表情／写真／同人／非直播内容
403,4153248856,15,2015-11-19 07:27,https://imgsrc.baidu.com/forum/pic/item/ca399894a4c27d1eda4186281dd5ad6edcc438f8.jpg,other,水帖／表情／写真／同人／非直播内容
404,4169305326,1,2015-11-19 21:23,https://imgsrc.baidu.com/forum/pic/item/12359844ebf81a4cc6b9aa24d12a6059242da65e.jpg,other,水帖／表情／写真／同人／非直播内容
405,4169305326,14,2015-11-22 10:12,https://imgsrc.baidu.com/forum/pic/item/d85a0f385343fbf24409b8f3b67eca8065388f3b.jpg,other,水帖／表情／写真／同人／非直播内容
406,4176258207,2,2015-11-23 16:36,https://imgsrc.baidu.com/forum/pic/item/4784adb7d0a20cf45a130f0e70094b36adaf9962.jpg,other,水帖／表情／写真／同人／非直播内容
407,4183395341,1,2015-11-27 15:54,https://imgsrc.baidu.com/forum/pic/item/4c60cf160924ab181556cfe033fae6cd7a890bae.jpg,other,水帖／表情／写真／同人／非直播内容
408,4187753733,1,2015-11-30 02:02,https://imgsrc.baidu.com/forum/pic/item/cea413f431adcbefd51ac5dcaaaf2edda2cc9fc0.jpg,other,水帖／表情／写真／同人／非直播内容
409,4189472686,1,2015-12-01 00:23,https://imgsrc.baidu.com/forum/pic/item/5daf9d26cffc1e17823e0eea4c90f603728de96a.jpg,other,水帖／表情／写真／同人／非直播内容
410,4190113693,2,2015-12-01 13:55,https://imgsrc.baidu.com/forum/pic/item/ee1925292df5e0fead4f9edd5a6034a85fdf7298.jpg,other,水帖／表情／写真／同人／非直播内容
411,4199390487,1,2015-12-06 15:54,https://imgsrc.baidu.com/forum/pic/item/9e0c06d8bc3eb135991f4075a01ea8d3fc1f442e.jpg,other,水帖／表情／写真／同人／非直播内容
412,4199390487,1,2015-12-06 15:54,https://imgsrc.baidu.com/forum/pic/item/99d0387f9e2f07083cdeddceef24b899a801f22f.jpg,other,水帖／表情／写真／同人／非直播内容
413,4199390487,1,2015-12-06 15:54,https://imgsrc.baidu.com/forum/pic/item/28d7302eb9389b5030de169c8335e5dde6116ee5.jpg,other,水帖／表情／写真／同人／非直播内容
414,4199390487,1,2015-12-06 15:54,https://imgsrc.baidu.com/forum/pic/item/93161ee93901213fc03cb81252e736d12e2e95f3.jpg,other,水帖／表情／写真／同人／非直播内容
415,4199390487,1,2015-12-06 15:54,https://imgsrc.baidu.com/forum/pic/item/12d18e2397dda144c5d29b7cb4b7d0a20df4862f.jpg,other,水帖／表情／写真／同人／非直播内容
416,4199390487,1,2015-12-06 15:54,https://imgsrc.baidu.com/forum/pic/item/6df69d025aafa40fa7fd3813ad64034f79f019cf.jpg,other,水帖／表情／写真／同人／非直播内容
417,4199390487,1,2015-12-06 15:54,https://imgsrc.baidu.com/forum/pic/item/ae78d58065380cd7f5105423a744ad34588281fc.jpg,other,水帖／表情／写真／同人／非直播内容
418,4199390487,1,2015-12-06 15:54,https://imgsrc.baidu.com/forum/pic/item/a00f7463f6246b6048d445baedf81a4c500fa228.jpg,other,水帖／表情／写真／同人／非直播内容
419,4169305326,20,2015-12-06 21:08,https://imgsrc.baidu.com/forum/pic/item/2b2cd95c10385343148683ee9513b07ecb8088be.jpg,other,水帖／表情／写真／同人／非直播内容
420,4169305326,20,2015-12-06 21:08,https://imgsrc.baidu.com/forum/pic/item/62df921001e9390128b589f17dec54e737d1964b.jpg,other,水帖／表情／写真／同人／非直播内容
421,4169305326,20,2015-12-06 21:08,https://imgsrc.baidu.com/forum/pic/item/2e483a1f95cad1c8e10cf8e8793e6709c83d514b.jpg,other,水帖／表情／写真／同人／非直播内容
422,4169305326,20,2015-12-06 21:08,https://imgsrc.baidu.com/forum/pic/item/05d3b26eddc451dae4ac0824b0fd5266d11632a8.jpg,other,水帖／表情／写真／同人／非直播内容
423,4169305326,20,2015-12-06 21:08,https://imgsrc.baidu.com/forum/pic/item/d5e969094b36acaf2dab92337ad98d1000e99cbf.jpg,other,水帖／表情／写真／同人／非直播内容
424,4208144004,1,2015-12-11 13:29,https://imgsrc.baidu.com/forum/pic/item/1440ed1fbe096b637643e8640b338744ebf8acb6.jpg,stream-screenshot,12-11 故宫户外直播截图（与陈一发）
425,4208485284,2,2015-12-11 17:37,https://imgsrc.baidu.com/forum/pic/item/c4b255ed2e738bd4a66a3e05a68b87d6277ff945.jpg,stream-screenshot,12-11 故宫户外直播截图（弹幕版，优酷水印）
426,4210028454,1,2015-12-12 15:17,https://imgsrc.baidu.com/forum/pic/item/892dcb0735fae6cdaf59525408b30f2442a70f18.jpg,other,水帖／表情／写真／同人／非直播内容
427,4210213879,2,2015-12-12 17:16,https://imgsrc.baidu.com/forum/pic/item/ad1daf51f8198618e1cc28b14ded2e738bd4e607.jpg,stream-screenshot,12-12 转贴：截图者任务栏时钟「周二 13:32 2015/06/30」→ 06-30 下午在播
428,4213428841,1,2015-12-14 14:22,https://imgsrc.baidu.com/forum/pic/item/cfceb886c9177f3e7989923577cf3bc79f3d564a.jpg,other,水帖／表情／写真／同人／非直播内容
429,4213905946,1,2015-12-14 19:18,https://imgsrc.baidu.com/forum/pic/item/236b4afbb2fb43162eeefe4227a4462309f7d31f.jpg,other,水帖／表情／写真／同人／非直播内容
430,4214823611,1,2015-12-15 10:29,https://imgsrc.baidu.com/forum/pic/item/28d5ca39b6003af38752b559322ac65c1038b621.jpg,other,水帖／表情／写真／同人／非直播内容
431,4214892776,1,2015-12-15 11:09,https://imgsrc.baidu.com/forum/pic/item/33f3fffe9925bc31af9150a159df8db1ca1370c5.jpg,app-screenshot,12-15 11:05 斗鱼 App 关注页：她的房间未开播、标题「路易鬼屋是个好游戏」→ 新建 2015-12-15-live-01
432,4214892776,1,2015-12-15 11:09,https://imgsrc.baidu.com/forum/pic/item/813be7dcd100baa1d0ca16824010b912c8fc2e2e.jpg,app-screenshot,12-15 11:05 斗鱼 App 关注页：她的房间未开播、标题「路易鬼屋是个好游戏」→ 新建 2015-12-15-live-01
433,4214892776,7,2015-12-15 14:32,https://imgsrc.baidu.com/forum/pic/item/8c5ece09b3de9c82045d43b66b81800a19d843d1.jpg,app-screenshot,12-15 11:05 斗鱼 App 关注页：她的房间未开播、标题「路易鬼屋是个好游戏」→ 新建 2015-12-15-live-01
434,4216679818,1,2015-12-16 11:31,https://imgsrc.baidu.com/forum/pic/item/7b3e13d7912397dd27c20f3e5e82b2b7d0a28753.jpg,other,水帖／表情／写真／同人／非直播内容
435,4218921743,1,2015-12-17 16:35,https://imgsrc.baidu.com/forum/pic/item/8c5ece09b3de9c829072efb36b81800a19d843f8.jpg,room-share-card,12-17 16:35 正在直播卡片
436,4219372923,1,2015-12-17 21:16,https://imgsrc.baidu.com/forum/pic/item/1d3d44b5c9ea15ce4f824935b1003af33a87b2a0.jpg,stream-screenshot,12-17 21:16 火箭刷屏（标题「今天下午4点播」）
437,4219372923,6,2015-12-17 21:39,https://imgsrc.baidu.com/forum/pic/item/95d2ac1c8701a18bac318173992f07082838fe3e.jpg,stream-screenshot,12-17 21:16 火箭刷屏（标题「今天下午4点播」）
438,4219418094,1,2015-12-17 21:41,https://imgsrc.baidu.com/forum/pic/item/edd8ab8f8c5494ee5abf9d252af5e0fe99257e77.jpg,stream-screenshot,12-17 火箭
439,4219437685,1,2015-12-17 21:52,https://imgsrc.baidu.com/forum/pic/item/7565e9246b600c33dd6e47f41d4c510fd9f9a1f9.jpg,stream-screenshot,12-17 火箭
441,4222260352,1,2015-12-19 16:29,https://imgsrc.baidu.com/forum/pic/item/27073e3fb80e7bec3afbf8df282eb9389b506bf5.jpg,other,水帖／表情／写真／同人／非直播内容
442,4222245206,2,2015-12-19 21:06,https://imgsrc.baidu.com/forum/pic/item/9b33fadde71190ef6a5e8ce0c91b9d16fdfa6069.jpg,fan-art,12-19
443,4222823059,1,2015-12-19 22:09,https://imgsrc.baidu.com/forum/pic/item/514c3fa4462309f728d5d92d750e0cf3d7cad659.jpg,other,水帖／表情／写真／同人／非直播内容
444,4217348885,6,2015-12-19 23:46,https://imgsrc.baidu.com/forum/pic/item/ac178c13b07eca80a2b351d8962397dda1448365.jpg,other,水帖／表情／写真／同人／非直播内容
445,4224270354,1,2015-12-20 19:20,https://imgsrc.baidu.com/forum/pic/item/f5fe054c510fd9f9b3a0c749222dd42a2834a465.jpg,other,水帖／表情／写真／同人／非直播内容
446,4224270354,5,2015-12-23 22:07,https://imgsrc.baidu.com/forum/pic/item/d5e969094b36acaf3c5682d97bd98d1001e99c62.jpg,other,水帖／表情／写真／同人／非直播内容
447,4231316269,1,2015-12-24 18:12,https://imgsrc.baidu.com/forum/pic/item/2aae41df8db1cb132801f236da54564e92584bb5.jpg,stream-screenshot,12-24 平安夜直播截图（圣诞树）
448,4231316269,14,2015-12-26 07:56,https://imgsrc.baidu.com/forum/pic/item/beea17fa513d2697448fef7a52fbb2fb4316d8bb.jpg,stream-screenshot,12-24 平安夜直播截图（圣诞树）
449,4237991229,167,2015-12-28 16:56,https://imgsrc.baidu.com/forum/pic/item/0393157b02087bf4c2b77ac2f5d3572c11dfcf4c.jpg,platform-notice,12-28 16:56 刷楼帖中的斗鱼「主播的直播内容涉嫌违规正在整改中」提示页，无法确认是否她的房间
450,4313298005,1,2016-01-20 20:39,https://imgsrc.baidu.com/forum/pic/item/b6d5e21f4134970aab11f22692cad1c8a7865d5b.jpg,other,水帖／表情／写真／同人／非直播内容
451,4313298005,1,2016-01-20 20:39,https://imgsrc.baidu.com/forum/pic/item/ddc8dcfdfc03924565d703068094a4c27d1e255b.jpg,other,水帖／表情／写真／同人／非直播内容
452,4313298005,1,2016-01-20 20:39,https://imgsrc.baidu.com/forum/pic/item/12d18e2397dda144ff138ebbb5b7d0a20cf486a3.jpg,other,水帖／表情／写真／同人／非直播内容
453,3982194172,29,2016-02-23 18:18,https://imgsrc.baidu.com/forum/pic/item/d6fadccec3fdfc03159ad4d5d33f8794a5c22686.jpg,other,水帖／表情／写真／同人／非直播内容
454,3982194172,29,2016-02-23 18:18,https://imgsrc.baidu.com/forum/pic/item/45b3d6ea15ce36d3c1d7b45d3df33a87e850b195.jpg,other,水帖／表情／写真／同人／非直播内容
455,3982194172,35,2016-02-28 09:08,https://imgsrc.baidu.com/forum/pic/item/4784adb7d0a20cf405b7318d71094b36acaf9947.jpg,other,水帖／表情／写真／同人／非直播内容
456,3982194172,35,2016-02-28 09:08,https://imgsrc.baidu.com/forum/pic/item/c92c7f59252dd42a3ed5cdf9043b5bb5c8eab88e.jpg,other,水帖／表情／写真／同人／非直播内容
457,3982194172,36,2016-02-28 09:10,https://imgsrc.baidu.com/forum/pic/item/62df921001e939011eb2426c7cec54e736d19632.jpg,other,水帖／表情／写真／同人／非直播内容
458,4085807487,7,2016-03-11 22:30,https://imgsrc.baidu.com/forum/pic/item/bf42b2345982b2b7de2e128036adcbef77099bc2.jpg,other,水帖／表情／写真／同人／非直播内容
459,3982194172,50,2016-05-22 16:58,https://imgsrc.baidu.com/forum/pic/item/12f5c8ca7bcb0a46dee06aea6c63f6246a60af2d.jpg,other,水帖／表情／写真／同人／非直播内容
460,3982194172,58,2016-06-09 14:59,https://imgsrc.baidu.com/forum/pic/item/fbdbf81190ef76c60bd3551e9516fdfaaf51678c.jpg,other,水帖／表情／写真／同人／非直播内容
461,3982194172,59,2016-06-09 17:56,https://imgsrc.baidu.com/forum/pic/item/5f32880a304e251f31951ecdaf86c9177f3e53af.jpg,other,水帖／表情／写真／同人／非直播内容
462,3982194172,59,2016-06-09 17:56,https://imgsrc.baidu.com/forum/pic/item/6df69d025aafa40f95a434e8a364034f78f019af.jpg,other,水帖／表情／写真／同人／非直播内容
463,3982194172,61,2016-06-10 20:19,https://imgsrc.baidu.com/forum/pic/item/67371555b319ebc48bcf3fae8a26cffc1e171653.jpg,other,水帖／表情／写真／同人／非直播内容
464,3982194172,62,2016-06-10 20:35,https://imgsrc.baidu.com/forum/pic/item/ae78d58065380cd734ae17daa944ad345982815f.jpg,other,水帖／表情／写真／同人／非直播内容
465,3982194172,94,2016-12-16 16:24,https://imgsrc.baidu.com/forum/pic/item/ae78d58065380cd75c1bc0e0a844ad34598281b8.jpg,other,水帖／表情／写真／同人／非直播内容
466,3982194172,96,2016-12-23 16:07,https://imgsrc.baidu.com/forum/pic/item/b5621c4f78f0f7365ac9c47b0355b319ebc4139f.jpg,other,水帖／表情／写真／同人／非直播内容
467,3982194172,99,2016-12-29 15:58,https://imgsrc.baidu.com/forum/pic/item/b51e882bd40735fa02dcc2dd97510fb30f2408a8.jpg,other,水帖／表情／写真／同人／非直播内容
468,3982194172,99,2016-12-29 15:58,https://imgsrc.baidu.com/forum/pic/item/8c5ece09b3de9c827b8674eb6581800a18d843fd.jpg,other,水帖／表情／写真／同人／非直播内容
469,3982194172,100,2017-01-02 19:24,https://imgsrc.baidu.com/forum/pic/item/d51556540923dd5465a0b803d809b3de9d82488b.jpg,other,水帖／表情／写真／同人／非直播内容
470,3982194172,101,2017-01-02 19:56,https://imgsrc.baidu.com/forum/pic/item/9992bbc27d1ed21b544e2f8ea46eddc450da3fdf.jpg,other,水帖／表情／写真／同人／非直播内容
471,3982194172,102,2017-01-20 08:26,https://imgsrc.baidu.com/forum/pic/item/5530b3af2edda3cccbaef16708e93901213f9231.jpg,other,水帖／表情／写真／同人／非直播内容
472,3982194172,103,2017-01-20 15:32,https://imgsrc.baidu.com/forum/pic/item/044a4e0fd9f9d72a687e2755dd2a2834349bbb61.jpg,other,水帖／表情／写真／同人／非直播内容
473,3982194172,111,2017-02-21 14:24,https://imgsrc.baidu.com/forum/pic/item/a00f7463f6246b6065581de2e2f81a4c500fa2dc.jpg,other,水帖／表情／写真／同人／非直播内容
474,3982194172,112,2017-02-22 10:06,https://imgsrc.baidu.com/forum/pic/item/4f3b399759ee3d6dadd4455c4a166d224f4ade1a.jpg,other,水帖／表情／写真／同人／非直播内容
475,3982194172,113,2017-03-04 16:17,https://imgsrc.baidu.com/forum/pic/item/2bfcf9cd7b899e513601689c4ba7d933c9950db4.jpg,other,水帖／表情／写真／同人／非直播内容
476,3982194172,130,2018-01-03 15:40,https://imgsrc.baidu.com/forum/pic/item/8bcccec8a786c91795d1eddcc23d70cf3ac7570f.jpg,other,水帖／表情／写真／同人／非直播内容
477,3982194172,130,2018-01-03 15:40,https://imgsrc.baidu.com/forum/pic/item/8c5ece09b3de9c8207ad466a6781800a18d84315.jpg,other,水帖／表情／写真／同人／非直播内容
