post_date,title,floor,author,create_time,source_url
2020-01-01,1.1 游戏：莎木3,1,ardea1347,2020-01-01T16:37:42+00:00,https://tieba.baidu.com/p/6423273786
2020-01-02,1.2 游戏：莎木3,2,ardea1347,2020-01-02T15:59:32+00:00,https://tieba.baidu.com/p/6423273786
2020-01-03,1.3 游戏：莎木3,3,ardea1347,2020-01-03T15:32:21+00:00,https://tieba.baidu.com/p/6423273786
2020-01-04,1.4 1001互动阅读-成都活动,4,ardea1347,2020-01-04T17:01:46+00:00,https://tieba.baidu.com/p/6423273786
2020-01-05,1.5 心灵砒霜,5,ardea1347,2020-01-05T16:38:27+00:00,https://tieba.baidu.com/p/6423273786
2020-01-06,1.6 游戏：莎木3,6,ardea1347,2020-01-06T17:26:16+00:00,https://tieba.baidu.com/p/6423273786
2020-01-07,1.7 游戏：莎木3,7,ardea1347,2020-01-08T18:13:04+00:00,https://tieba.baidu.com/p/6423273786
2020-01-08,1.8 游戏：莎木3,8,ardea1347,2020-01-08T18:13:31+00:00,https://tieba.baidu.com/p/6423273786
2020-01-09,1.9 游戏：脑锻炼Switch,9,ardea1347,2020-01-09T16:47:54+00:00,https://tieba.baidu.com/p/6423273786
2020-01-10,1.10 游戏：生锈小湖：白门/ Rusty Lake:The White Door,10,ardea1347,2020-01-10T17:44:44+00:00,https://tieba.baidu.com/p/6423273786
2020-01-11,1.11 游戏：时光之帽/A Hat in Time,11,ardea1347,2020-01-11T15:09:16+00:00,https://tieba.baidu.com/p/6423273786
2020-01-12,1.12 心灵砒霜,12,ardea1347,2020-01-12T16:38:06+00:00,https://tieba.baidu.com/p/6423273786
2020-01-13,1.13 唱歌,13,ardea1347,2020-01-14T17:39:58+00:00,https://tieba.baidu.com/p/6423273786
2020-01-14,1.14 游戏：手模拟器:生存/ HandSimulator:Survival,14,ardea1347,2020-01-14T17:43:10+00:00,https://tieba.baidu.com/p/6423273786
2020-01-16,1.16 游戏：时光之帽/A Hat in Time,15,ardea1347,2020-01-18T18:16:40+00:00,https://tieba.baidu.com/p/6423273786
2020-01-17,1.17 游戏：疑案追声-黑面观音/ Unheard DLC,16,ardea1347,2020-01-18T18:19:37+00:00,https://tieba.baidu.com/p/6423273786
2020-01-18,1.18 游戏：疑案追声-黑面观音/ Unheard DLC,17,ardea1347,2020-01-18T18:25:06+00:00,https://tieba.baidu.com/p/6423273786
2020-01-17,补发 1.17 游戏：阴阳师:百闻牌,18,ardea1347,2020-01-18T18:37:41+00:00,https://tieba.baidu.com/p/6423273786
2020-01-19,1.19 心灵砒霜,19,ardea1347,2020-01-20T17:24:40+00:00,https://tieba.baidu.com/p/6423273786
2020-01-21,1.21 回家：宁城吃对夹唱K,20,ardea1347,2020-01-21T18:44:18+00:00,https://tieba.baidu.com/p/6423273786
2020-01-24,1.24 除夕直播,21,ardea1347,2020-02-02T19:04:07+00:00,https://tieba.baidu.com/p/6423273786
2020-02-04,2.4 游戏：符文工房4,22,ardea1347,2020-02-04T20:39:31+00:00,https://tieba.baidu.com/p/6423273786
2020-02-05,2.5 游戏：符文工房4,23,ardea1347,2020-02-05T15:58:55+00:00,https://tieba.baidu.com/p/6423273786
2020-02-06,2.6 游戏：符文工房4,24,ardea1347,2020-02-07T19:27:16+00:00,https://tieba.baidu.com/p/6423273786
2020-02-07,2.7 游戏：符文工房4,25,ardea1347,2020-02-07T19:27:37+00:00,https://tieba.baidu.com/p/6423273786
2020-02-08,2.8 游戏：符文工房4,26,ardea1347,2020-02-08T17:08:49+00:00,https://tieba.baidu.com/p/6423273786
2020-02-09,2.9 游戏：符文工房4,27,ardea1347,2020-02-09T16:53:25+00:00,https://tieba.baidu.com/p/6423273786
2020-02-10,2.10 游戏：符文工房4,28,ardea1347,2020-02-10T17:53:02+00:00,https://tieba.baidu.com/p/6423273786
2020-02-11,2.11 游戏：符文工房4,29,ardea1347,2020-02-11T17:15:53+00:00,https://tieba.baidu.com/p/6423273786
2020-02-13,2.13 游戏：符文工房4,31,ardea1347,2020-02-13T18:07:11+00:00,https://tieba.baidu.com/p/6423273786
2020-02-14,2.14 游戏：雀魂,32,ardea1347,2020-02-14T16:43:33+00:00,https://tieba.baidu.com/p/6423273786
2020-02-15,2.15 游戏：符文工房4,33,ardea1347,2020-02-15T17:48:03+00:00,https://tieba.baidu.com/p/6423273786
2020-02-16,2.16 游戏：符文工房4,34,ardea1347,2020-02-17T17:31:05+00:00,https://tieba.baidu.com/p/6423273786
2020-02-17,2.17 游戏：符文工房4,35,ardea1347,2020-02-17T17:31:26+00:00,https://tieba.baidu.com/p/6423273786
2020-02-18,2.18 聊天,36,ardea1347,2020-02-18T17:01:02+00:00,https://tieba.baidu.com/p/6423273786
2020-02-19,2.19 游戏：符文工房4,37,ardea1347,2020-02-19T16:50:27+00:00,https://tieba.baidu.com/p/6423273786
2020-02-20,2.20 游戏：符文工房4,38,ardea1347,2020-02-20T16:45:14+00:00,https://tieba.baidu.com/p/6423273786
2020-02-21,2.21 游戏：符文工房4,39,ardea1347,2020-02-22T17:48:48+00:00,https://tieba.baidu.com/p/6423273786
2020-02-22,2.22 游戏：符文工房4,40,ardea1347,2020-02-22T17:49:09+00:00,https://tieba.baidu.com/p/6423273786
2020-02-24,2.24 防疫知识问答,42,ardea1347,2020-02-24T16:48:24+00:00,https://tieba.baidu.com/p/6423273786
2020-02-25,2.25 聊天,43,ardea1347,2020-02-26T14:32:23+00:00,https://tieba.baidu.com/p/6423273786
2020-02-28,2.28 游戏：雀魂,44,ardea1347,2020-02-29T15:34:25+00:00,https://tieba.baidu.com/p/6423273786
2020-02-29,2.29 游戏：雀魂,45,ardea1347,2020-02-29T15:34:47+00:00,https://tieba.baidu.com/p/6423273786
2020-03-01,3.1 游戏：陶艺大师,46,ardea1347,2020-03-02T16:39:41+00:00,https://tieba.baidu.com/p/6423273786
2020-03-02,3.2 游戏：陶艺大师,47,ardea1347,2020-03-02T16:40:05+00:00,https://tieba.baidu.com/p/6423273786
,求问3月4日玩的游戏叫什么？,48,llaanngg1234,2020-03-04T14:33:16+00:00,https://tieba.baidu.com/p/6423273786
2020-03-04,3.4 游戏：月影之塔/ Luna-The Shadow Dust游戏：迷失岛3:宇宙的尘埃,49,ardea1347,2020-03-04T17:30:43+00:00,https://tieba.baidu.com/p/6423273786
2020-03-05,3.5 聊天,50,ardea1347,2020-03-05T16:35:39+00:00,https://tieba.baidu.com/p/6423273786
2020-03-06,3.6 游戏：吟诵者好几年过去了，忽然想起这游戏了,51,ardea1347,2020-03-07T07:36:40+00:00,https://tieba.baidu.com/p/6423273786
,想问一下，二月份的时候女流玩的一款恋爱游戏，男的弹吉他女的看的太入迷摔倒了是什么游戏？,52,潇枭晓小骁逍川,2020-03-07T12:23:12+00:00,https://tieba.baidu.com/p/6423273786
2020-03-07,3.7 游戏：吟诵者,53,ardea1347,2020-03-07T17:03:06+00:00,https://tieba.baidu.com/p/6423273786
2020-03-09,3.9 游戏：剧本杀,54,ardea1347,2020-03-09T17:52:29+00:00,https://tieba.baidu.com/p/6423273786
2020-03-10,3.10 游戏：吟诵者,55,ardea1347,2020-03-10T17:59:46+00:00,https://tieba.baidu.com/p/6423273786
2020-03-11,3.11 游戏：奥日与黑暗森林2,56,ardea1347,2020-03-14T05:51:34+00:00,https://tieba.baidu.com/p/6423273786
2020-03-12,3.12 游戏：奥日与黑暗森林2,57,ardea1347,2020-03-14T05:52:31+00:00,https://tieba.baidu.com/p/6423273786
2020-03-13,3.13 游戏：奥日与黑暗森林2游戏：仁王2,59,ardea1347,2020-03-14T05:54:57+00:00,https://tieba.baidu.com/p/6423273786
2020-03-14,3.14 游戏：仁王2,60,ardea1347,2020-03-14T18:17:01+00:00,https://tieba.baidu.com/p/6423273786
,哦哦哦哦哦哦哦哦,61,jiangdeyang227,2020-03-16T00:52:44+00:00,https://tieba.baidu.com/p/6423273786
2020-03-15,3.15 游戏：仁王2,62,ardea1347,2020-03-17T17:41:20+00:00,https://tieba.baidu.com/p/6423273786
2020-03-16,3.16 游戏：仁王2,63,ardea1347,2020-03-17T18:09:58+00:00,https://tieba.baidu.com/p/6423273786
2020-03-17,3.17 游戏：仁王2,64,ardea1347,2020-03-18T16:38:53+00:00,https://tieba.baidu.com/p/6423273786
2020-03-18,3.18 游戏：仁王2,65,ardea1347,2020-03-21T04:40:17+00:00,https://tieba.baidu.com/p/6423273786
2020-03-19,3.19 游戏：仁王2,66,ardea1347,2020-03-21T04:43:46+00:00,https://tieba.baidu.com/p/6423273786
2020-03-20,3.20 游戏：仁王2,67,ardea1347,2020-03-21T04:45:23+00:00,https://tieba.baidu.com/p/6423273786
2020-03-21,3.21 游戏：仁王2游戏：集合啦！动物森友会,68,ardea1347,2020-03-22T17:31:42+00:00,https://tieba.baidu.com/p/6423273786
2020-03-22,3.22 游戏：集合啦！动物森友会,69,ardea1347,2020-03-22T17:33:20+00:00,https://tieba.baidu.com/p/6423273786
2020-03-23,3.23 游戏：集合啦！动物森友会,70,ardea1347,2020-03-24T16:55:40+00:00,https://tieba.baidu.com/p/6423273786
2020-03-24,3.24 游戏：集合啦！动物森友会,71,ardea1347,2020-03-24T16:57:11+00:00,https://tieba.baidu.com/p/6423273786
2020-03-25,3.25 游戏：集合啦！动物森友会,72,ardea1347,2020-03-25T17:02:38+00:00,https://tieba.baidu.com/p/6423273786
2020-03-26,3.26 游戏：集合啦！动物森友会,73,ardea1347,2020-03-27T14:50:26+00:00,https://tieba.baidu.com/p/6423273786
2020-03-27,3.27 游戏：只只大冒险/ Biped,74,ardea1347,2020-03-27T14:51:44+00:00,https://tieba.baidu.com/p/6423273786
2020-03-29,3.29 游戏：踩高跷/ Stilt Fella,75,ardea1347,2020-03-31T17:48:02+00:00,https://tieba.baidu.com/p/6423273786
2020-03-30,3.30 游戏：踩高跷/ Stilt Fella,76,ardea1347,2020-03-31T17:48:44+00:00,https://tieba.baidu.com/p/6423273786
2020-03-31,3.31 游戏：踩高跷/ Stilt Fella,77,ardea1347,2020-03-31T17:49:17+00:00,https://tieba.baidu.com/p/6423273786
2020-04-01,4.1 游戏：踩高跷/ Stilt Fella,78,ardea1347,2020-04-02T17:42:07+00:00,https://tieba.baidu.com/p/6423273786
2020-04-02,4.2 游戏：集合啦！动物森友会游戏：大家一起察言观色,79,ardea1347,2020-04-02T17:51:11+00:00,https://tieba.baidu.com/p/6423273786
2020-04-03,4.3 游戏：用心组装/ Assemble with Care,80,ardea1347,2020-04-06T13:50:08+00:00,https://tieba.baidu.com/p/6423273786
2020-04-07,4.7 游戏：半衰期:爱莉克斯/ Half-Life: Alyx,81,ardea1347,2020-04-08T16:47:26+00:00,https://tieba.baidu.com/p/6423273786
2020-04-08,4.8 游戏：逆转裁判2,82,ardea1347,2020-04-08T16:48:41+00:00,https://tieba.baidu.com/p/6423273786
2020-04-09,4.9 游戏：逆转裁判2,84,ardea1347,2020-04-11T11:06:32+00:00,https://tieba.baidu.com/p/6423273786
2020-04-10,4.10 游戏：逆转裁判2,85,ardea1347,2020-04-11T11:08:05+00:00,https://tieba.baidu.com/p/6423273786
2020-04-11,4.11 游戏：逆转裁判2,86,ardea1347,2020-04-12T15:44:11+00:00,https://tieba.baidu.com/p/6423273786
2020-04-12,4.12 游戏：逆转裁判3,87,ardea1347,2020-04-12T15:44:40+00:00,https://tieba.baidu.com/p/6423273786
2020-04-14,4.14 游戏：逆转裁判3,88,ardea1347,2020-04-15T16:53:03+00:00,https://tieba.baidu.com/p/6423273786
2020-04-15,4.15 唱歌,89,ardea1347,2020-04-15T16:54:31+00:00,https://tieba.baidu.com/p/6423273786
2020-04-16,4.16 游戏：逆转裁判3,90,ardea1347,2020-04-16T18:27:10+00:00,https://tieba.baidu.com/p/6423273786
2020-04-17,4.17 游戏：逆转裁判3,91,ardea1347,2020-04-17T17:13:49+00:00,https://tieba.baidu.com/p/6423273786
2020-04-18,4.18 游戏：逆转裁判3,92,ardea1347,2020-04-18T16:32:00+00:00,https://tieba.baidu.com/p/6423273786
2020-04-19,4.19 游戏：逆转裁判3 完,93,ardea1347,2020-04-19T14:54:47+00:00,https://tieba.baidu.com/p/6423273786
2020-04-27,4.27 游戏：桌游模拟器：宝石商人/ Tabletop Simulator：Splendor,94,ardea1347,2020-04-29T17:39:00+00:00,https://tieba.baidu.com/p/6423273786
2020-04-28,4.28 聊天,95,ardea1347,2020-04-29T17:40:13+00:00,https://tieba.baidu.com/p/6423273786
2020-04-29,4.29 游戏：胡闹搬家/ Moving Out,96,ardea1347,2020-04-29T17:41:11+00:00,https://tieba.baidu.com/p/6423273786
2020-04-30,4.30 游戏：生锈小湖：轮回的房间/ Rusty Lake：Samsara Room,97,ardea1347,2020-04-30T14:57:33+00:00,https://tieba.baidu.com/p/6423273786
2020-05-01,5.1 游戏：捣蛋大作战 /Rascal Fight,98,ardea1347,2020-05-02T17:22:50+00:00,https://tieba.baidu.com/p/6423273786
2020-05-01,5.1 游戏：滴答滴答:双人故事/ Tick Tock:A Tale for Two,99,ardea1347,2020-05-03T09:24:11+00:00,https://tieba.baidu.com/p/6423273786
2020-05-03,5.3 聊天,100,ardea1347,2020-05-03T16:36:22+00:00,https://tieba.baidu.com/p/6423273786
2020-05-04,5.4 游戏：恶果之地/ Juicy Realm,101,ardea1347,2020-05-04T16:50:52+00:00,https://tieba.baidu.com/p/6423273786
2020-05-05,5.5 游戏：转变/ Change,102,ardea1347,2020-05-07T17:11:19+00:00,https://tieba.baidu.com/p/6423273786
2020-05-06,5.6 游戏：冰与火之舞/ A Dance of FireandIce,103,ardea1347,2020-05-07T17:13:07+00:00,https://tieba.baidu.com/p/6423273786
2020-05-07,5.7 唱歌,104,ardea1347,2020-05-07T17:14:08+00:00,https://tieba.baidu.com/p/6423273786
2020-05-08,5.8 聊天,106,ardea1347,2020-05-08T17:26:00+00:00,https://tieba.baidu.com/p/6423273786
2020-05-09,5.9 游戏：冒险公社/Journey of Greed,107,ardea1347,2020-05-11T17:33:36+00:00,https://tieba.baidu.com/p/6423273786
2020-05-09,5.9 游戏：冬日计划/ Project Winter,108,ardea1347,2020-05-11T17:34:05+00:00,https://tieba.baidu.com/p/6423273786
2020-05-10,5.10 游戏：冰与火之舞/ A Dance of FireandIce,109,ardea1347,2020-05-13T17:47:37+00:00,https://tieba.baidu.com/p/6423273786
2020-05-11,5.11 游戏：冰与火之舞/ A Dance of FireandIce,110,ardea1347,2020-05-13T17:48:16+00:00,https://tieba.baidu.com/p/6423273786
2020-05-11,5.11 游戏：冬日计划/ Project Winter,112,ardea1347,2020-05-13T17:51:07+00:00,https://tieba.baidu.com/p/6423273786
2020-05-12,5.12 聊天,113,ardea1347,2020-05-13T17:51:44+00:00,https://tieba.baidu.com/p/6423273786
2020-05-13,5.13 游戏：冰与火之舞/ A Dance of FireandIce战歌竞技场,114,ardea1347,2020-05-13T17:53:30+00:00,https://tieba.baidu.com/p/6423273786
2020-05-15,5.15 游戏：采矿/ Hydroneer,115,ardea1347,2020-05-16T17:31:13+00:00,https://tieba.baidu.com/p/6423273786
2020-05-16,5.16 游戏：采矿/ Hydroneer,116,ardea1347,2020-05-16T17:31:46+00:00,https://tieba.baidu.com/p/6423273786
2020-05-19,5.19 游戏：云城朋克/ Cloudpunk,117,ardea1347,2020-05-21T16:53:19+00:00,https://tieba.baidu.com/p/6423273786
2020-05-20,5.20 游戏：云城朋克/ Cloudpunk,118,ardea1347,2020-05-21T16:55:21+00:00,https://tieba.baidu.com/p/6423273786
2020-05-21,5.21 聊天,119,ardea1347,2020-05-21T16:55:57+00:00,https://tieba.baidu.com/p/6423273786
2020-05-22,5.22 游戏：公主齐奥克/ Tsioque,120,ardea1347,2020-05-24T16:39:33+00:00,https://tieba.baidu.com/p/6423273786
2020-05-23,5.23 游戏：步行者/ The Pedestrian,121,ardea1347,2020-05-24T16:41:50+00:00,https://tieba.baidu.com/p/6423273786
2020-05-24,5.24 心灵砒霜,122,ardea1347,2020-05-24T16:42:24+00:00,https://tieba.baidu.com/p/6423273786
2020-05-28,5.28 游戏：节奏快打/ RhythmFighter,123,ardea1347,2020-05-29T15:33:16+00:00,https://tieba.baidu.com/p/6423273786
2020-05-30,5.30 游戏：桥梁建造师 2/ Poly Bridge 2,124,ardea1347,2020-05-31T16:46:10+00:00,https://tieba.baidu.com/p/6423273786
2020-05-31,5.31 心灵砒霜,125,ardea1347,2020-05-31T16:48:13+00:00,https://tieba.baidu.com/p/6423273786
2020-06-01,6.1 游戏：桥梁建造师 2/ Poly Bridge 2,126,ardea1347,2020-06-03T14:00:41+00:00,https://tieba.baidu.com/p/6423273786
2020-06-02,6.2 游戏：桥梁建造师 2/ Poly Bridge 2游戏：硬核机甲,127,ardea1347,2020-06-03T14:07:39+00:00,https://tieba.baidu.com/p/6423273786
2020-06-03,6.3 游戏：桥梁建造师 2/ Poly Bridge 2,128,ardea1347,2020-06-03T14:09:58+00:00,https://tieba.baidu.com/p/6423273786
2020-06-05,6.5 游戏：桥梁建造师 2/ Poly Bridge 2游戏：怒之铁拳4/ Streets of Rage 4,129,ardea1347,2020-06-06T08:31:10+00:00,https://tieba.baidu.com/p/6423273786
2020-06-06,6.6 活动,130,ardea1347,2020-06-06T19:39:00+00:00,https://tieba.baidu.com/p/6423273786
2020-06-07,6.7 心灵砒霜,131,ardea1347,2020-06-07T17:43:57+00:00,https://tieba.baidu.com/p/6423273786
2020-06-08,6.8 游戏：怒之铁拳4/ Streets of Rage 4,132,ardea1347,2020-06-08T16:30:01+00:00,https://tieba.baidu.com/p/6423273786
2020-06-09,6.9 看视频聊天,133,ardea1347,2020-06-10T13:28:25+00:00,https://tieba.baidu.com/p/6423273786
2020-06-12,6.12 游戏：世界游戏大全51款游戏：荒野乱斗,134,ardea1347,2020-06-14T15:19:29+00:00,https://tieba.baidu.com/p/6423273786
2020-06-13,6.13 游戏：世界游戏大全51款游戏：幻西游三维版家园模式,135,ardea1347,2020-06-14T15:22:27+00:00,https://tieba.baidu.com/p/6423273786
2020-06-14,6.14 心灵砒霜,136,ardea1347,2020-06-14T15:23:55+00:00,https://tieba.baidu.com/p/6423273786
2020-06-16,6.16 唱歌,137,ardea1347,2020-06-17T12:49:46+00:00,https://tieba.baidu.com/p/6423273786
2020-06-19,6.19 最后生还者：第二部/ The Last of Us: Part II,138,ardea1347,2020-06-20T10:56:10+00:00,https://tieba.baidu.com/p/6423273786
2020-06-20,6.20 最后生还者：第二部/ The Last of Us: Part II,139,ardea1347,2020-06-21T03:57:08+00:00,https://tieba.baidu.com/p/6423273786
2020-06-21,6.21 最后生还者：第二部/ The Last of Us: Part II,140,ardea1347,2020-06-22T14:46:15+00:00,https://tieba.baidu.com/p/6423273786
2020-06-23,6.23 游戏：时间线/Timelie游戏：最强蜗牛,141,ardea1347,2020-06-27T16:54:52+00:00,https://tieba.baidu.com/p/6423273786
2020-06-24,6.24 游戏：树林之中/ Among Trees,142,ardea1347,2020-06-27T16:55:29+00:00,https://tieba.baidu.com/p/6423273786
2020-06-26,6.26 游戏：盗贼之海/ Sea of Thieves,143,ardea1347,2020-06-27T16:56:10+00:00,https://tieba.baidu.com/p/6423273786
2020-06-27,6.27 游戏：盗贼之海/ Sea of Thieves,144,ardea1347,2020-06-27T16:56:39+00:00,https://tieba.baidu.com/p/6423273786
2020-06-28,6.28 心灵砒霜,145,ardea1347,2020-07-08T17:17:32+00:00,https://tieba.baidu.com/p/6423273786
2020-07-01,7.1 游戏：盗贼之海/ Sea of Thieves,146,ardea1347,2020-07-08T17:20:54+00:00,https://tieba.baidu.com/p/6423273786
2020-07-02,7.2 游戏：盗贼之海/ Sea of Thieves,147,ardea1347,2020-07-08T17:21:18+00:00,https://tieba.baidu.com/p/6423273786
2020-07-03,7.3 游戏：螺旋风暴/ Spiral Strom,148,ardea1347,2020-07-08T17:22:06+00:00,https://tieba.baidu.com/p/6423273786
2020-07-04,7.4 世界游戏大全51款江南百景图,149,ardea1347,2020-07-08T17:23:00+00:00,https://tieba.baidu.com/p/6423273786
2020-07-07,7.7 游戏：世界游戏大全51款,150,ardea1347,2020-07-08T17:26:27+00:00,https://tieba.baidu.com/p/6423273786
2020-07-08,7.8 游戏：世界游戏大全51款,151,ardea1347,2020-07-08T17:27:53+00:00,https://tieba.baidu.com/p/6423273786
2020-07-09,7.9 游戏：反恐精英：全球攻势/CS:GO世界游戏大全51款,152,ardea1347,2020-07-11T08:55:46+00:00,https://tieba.baidu.com/p/6423273786
2020-07-10,7.10 游戏：世界游戏大全51款,153,ardea1347,2020-07-11T08:56:27+00:00,https://tieba.baidu.com/p/6423273786
2020-07-14,7.14 游戏：世界游戏大全51款,154,ardea1347,2020-07-18T04:28:44+00:00,https://tieba.baidu.com/p/6423273786
2020-07-15,7.15 游戏：世界游戏大全51款,155,ardea1347,2020-07-18T04:29:27+00:00,https://tieba.baidu.com/p/6423273786
2020-07-16,7.16 唱歌,156,ardea1347,2020-07-18T04:29:39+00:00,https://tieba.baidu.com/p/6423273786
2020-07-17,7.17 对马岛之魂/ Ghost of Tsushima,157,ardea1347,2020-07-18T04:30:17+00:00,https://tieba.baidu.com/p/6423273786
2020-07-18,7.18 对马岛之魂/ Ghost of Tsushima,158,ardea1347,2020-07-21T17:09:44+00:00,https://tieba.baidu.com/p/6423273786
2020-07-19,7.19 对马岛之魂/ Ghost of Tsushima,159,ardea1347,2020-07-21T17:10:14+00:00,https://tieba.baidu.com/p/6423273786
2020-07-20,7.20 对马岛之魂/ Ghost of Tsushima,160,ardea1347,2020-07-21T17:10:50+00:00,https://tieba.baidu.com/p/6423273786
2020-07-21,7.21 对马岛之魂/ Ghost of Tsushima,161,ardea1347,2020-07-21T17:11:12+00:00,https://tieba.baidu.com/p/6423273786
2020-07-22,7.22 对马岛之魂/ Ghost of Tsushima,162,ardea1347,2020-07-24T15:47:33+00:00,https://tieba.baidu.com/p/6423273786
2020-07-24,7.24 对马岛之魂/ Ghost of Tsushima,163,ardea1347,2020-07-24T15:47:53+00:00,https://tieba.baidu.com/p/6423273786
2020-07-25,7.25 游戏： 超光速/ Superliminal梦幻西游ONLINE,164,ardea1347,2020-07-26T14:02:05+00:00,https://tieba.baidu.com/p/6423273786
2020-07-26,7.26 剧本杀,165,ardea1347,2020-07-27T14:47:15+00:00,https://tieba.baidu.com/p/6423273786
2020-07-27,7.27 游戏：纸片马里奥：折纸国王,166,ardea1347,2020-07-27T14:47:51+00:00,https://tieba.baidu.com/p/6423273786
2020-07-28,7.28 游戏：纸片马里奥：折纸国王龙之谷2,167,ardea1347,2020-07-28T14:07:12+00:00,https://tieba.baidu.com/p/6423273786
2020-08-01,8.1 游戏：纸片马里奥：折纸国王,168,ardea1347,2020-08-03T17:50:13+00:00,https://tieba.baidu.com/p/6423273786
2020-08-02,8.2 北京户外,169,ardea1347,2020-08-03T17:51:28+00:00,https://tieba.baidu.com/p/6423273786
2020-08-03,8.3 游戏：纸片马里奥：折纸国王,170,ardea1347,2020-08-03T17:58:16+00:00,https://tieba.baidu.com/p/6423273786
2020-08-04,8.4 游戏：纸片马里奥：折纸国王,171,ardea1347,2020-08-08T06:20:04+00:00,https://tieba.baidu.com/p/6423273786
2020-08-05,8.5 游戏：纸片马里奥：折纸国王,172,ardea1347,2020-08-08T06:29:34+00:00,https://tieba.baidu.com/p/6423273786
2020-08-06,8.6 聊天,173,ardea1347,2020-08-08T06:35:25+00:00,https://tieba.baidu.com/p/6423273786
2020-08-07,8.7 游戏：纸片马里奥：折纸国王,174,ardea1347,2020-08-08T06:37:45+00:00,https://tieba.baidu.com/p/6423273786
2020-08-08,8.8 游戏：纸片马里奥：折纸国王,175,ardea1347,2020-08-09T17:35:29+00:00,https://tieba.baidu.com/p/6423273786
2020-08-09,8.9 心灵砒霜,176,ardea1347,2020-08-09T17:36:08+00:00,https://tieba.baidu.com/p/6423273786
2020-08-11,8.11 游戏：纸片马里奥：折纸国王糖豆人：终极淘汰赛/ Fall Guys: Ultimate Knockout,177,ardea1347,2020-08-11T17:21:47+00:00,https://tieba.baidu.com/p/6423273786
2020-08-11,8.11 糖豆人：终极淘汰赛/ Fall Guys: Ultimate Knockout禁闭求生/ Grounded,178,ardea1347,2020-08-11T17:25:44+00:00,https://tieba.baidu.com/p/6423273786
2020-08-12,8.12 糖豆人：终极淘汰赛/ Fall Guys: Ultimate Knockout,179,ardea1347,2020-08-16T17:27:13+00:00,https://tieba.baidu.com/p/6423273786
2020-08-15,8.15 游戏：漫威复仇者/ Marvel's Avengers,180,ardea1347,2020-08-16T17:28:31+00:00,https://tieba.baidu.com/p/6423273786
2020-08-16,8.16 心灵砒霜,181,ardea1347,2020-08-16T17:28:46+00:00,https://tieba.baidu.com/p/6423273786
2020-08-18,8.18 唱歌,182,ardea1347,2020-08-19T15:56:18+00:00,https://tieba.baidu.com/p/6423273786
2020-08-19,8.19 游戏：这里没有游戏:错误维度/ There Is No Game:Wrong Dimension,183,ardea1347,2020-08-19T15:57:19+00:00,https://tieba.baidu.com/p/6423273786
2020-08-20,8.20 游戏：逝者摆渡人/ Spiritfarer,184,ardea1347,2020-08-23T07:20:33+00:00,https://tieba.baidu.com/p/6423273786
2020-08-21,8.21 游戏：逝者摆渡人/ Spiritfarer,185,ardea1347,2020-08-23T07:21:24+00:00,https://tieba.baidu.com/p/6423273786
2020-08-22,8.22 游戏：逝者摆渡人/ Spiritfarer,186,ardea1347,2020-08-23T07:22:16+00:00,https://tieba.baidu.com/p/6423273786
2020-08-23,8.23 心灵砒霜,187,ardea1347,2020-08-23T07:22:53+00:00,https://tieba.baidu.com/p/6423273786
2020-08-24,8.24 游戏：逝者摆渡人/ Spiritfarer,188,ardea1347,2020-08-27T12:45:32+00:00,https://tieba.baidu.com/p/6423273786
2020-08-25,8.25 游戏：逝者摆渡人/ Spiritfarer,189,ardea1347,2020-08-27T12:47:13+00:00,https://tieba.baidu.com/p/6423273786
2020-08-26,8.26 游戏：逝者摆渡人/ Spiritfarer,190,ardea1347,2020-08-27T12:48:47+00:00,https://tieba.baidu.com/p/6423273786
2020-08-27,8.27 唱歌,191,ardea1347,2020-08-27T12:49:38+00:00,https://tieba.baidu.com/p/6423273786
2020-08-29,8.29 游戏：极渊/ INMOST,192,ardea1347,2020-08-31T14:22:53+00:00,https://tieba.baidu.com/p/6423273786
2020-08-30,8.30 心灵砒霜,193,ardea1347,2020-08-31T14:23:12+00:00,https://tieba.baidu.com/p/6423273786
2020-08-31,8.31 游戏：高殿战记/ Gordian Quest游戏：糖豆人：终极淘汰赛/ Fall Guys: Ultimate Knockout,194,ardea1347,2020-09-02T16:49:44+00:00,https://tieba.baidu.com/p/6423273786
2020-09-02,9.2 游戏：火柴人亨利合集/ The Henry Stickmin Collection游戏：魂斗罗,195,ardea1347,2020-09-02T16:51:31+00:00,https://tieba.baidu.com/p/6423273786
2020-09-04,9.4 直播修电脑,196,ardea1347,2020-09-06T03:48:06+00:00,https://tieba.baidu.com/p/6423273786
2020-09-05,9.5 游戏：糖豆人：终极淘汰赛/ Fall Guys: Ultimate Knockout,198,ardea1347,2020-09-13T17:21:02+00:00,https://tieba.baidu.com/p/6423273786
2020-09-06,9.6 游戏：人类:一败涂地/ Human: Fall Flat,199,ardea1347,2020-09-13T17:22:17+00:00,https://tieba.baidu.com/p/6423273786
2020-09-06,9.6 心灵砒霜,200,ardea1347,2020-09-13T17:23:09+00:00,https://tieba.baidu.com/p/6423273786
2020-09-07,9.7 游戏：创世理想乡/ Craftopia,201,ardea1347,2020-09-13T17:24:41+00:00,https://tieba.baidu.com/p/6423273786
2020-09-08,9.8 游戏：创世理想乡/ Craftopia,202,ardea1347,2020-09-13T17:25:55+00:00,https://tieba.baidu.com/p/6423273786
2020-09-09,9.9 游戏：创世理想乡/ Craftopia游戏：魂斗罗,203,ardea1347,2020-09-13T17:31:18+00:00,https://tieba.baidu.com/p/6423273786
2020-09-11,9.11 直播化妆,204,ardea1347,2020-09-13T17:32:25+00:00,https://tieba.baidu.com/p/6423273786
2020-09-12,9.12 游戏：火烧蜘蛛/ Kill It With Fire,206,ardea1347,2020-09-13T17:33:55+00:00,https://tieba.baidu.com/p/6423273786
2020-09-13,9.13 心灵砒霜,207,ardea1347,2020-09-13T17:34:30+00:00,https://tieba.baidu.com/p/6423273786
2020-09-14,9.14 游戏：职业体操运动员/ Pro Gymnast,208,ardea1347,2020-09-16T18:04:49+00:00,https://tieba.baidu.com/p/6423273786
2020-09-15,9.15 游戏：职业体操运动员/ Pro Gymnast,209,ardea1347,2020-09-16T18:05:09+00:00,https://tieba.baidu.com/p/6423273786
2020-09-18,9.18 游戏：职业体操运动员/ Pro Gymnast,210,ardea1347,2020-09-28T14:02:11+00:00,https://tieba.baidu.com/p/6423273786
2020-09-18,9.18 游戏：糖豆人：终极淘汰赛/ Fall Guys: Ultimate Knockout,211,ardea1347,2020-09-28T14:04:24+00:00,https://tieba.baidu.com/p/6423273786
2020-09-19,9.19 游戏：糖豆人：终极淘汰赛/ Fall Guys: Ultimate Knockout,212,ardea1347,2020-09-28T14:05:13+00:00,https://tieba.baidu.com/p/6423273786
2020-09-20,9.20 剪头发,213,ardea1347,2020-09-28T14:05:27+00:00,https://tieba.baidu.com/p/6423273786
2020-09-21,9.21 唱歌,214,ardea1347,2020-09-28T14:05:42+00:00,https://tieba.baidu.com/p/6423273786
2020-09-22,9.22 游戏：矿坑之下/ UnderMine,215,ardea1347,2020-09-28T14:06:10+00:00,https://tieba.baidu.com/p/6423273786
2020-09-23,9.23 游戏：矿坑之下/ UnderMine,216,ardea1347,2020-09-28T14:06:38+00:00,https://tieba.baidu.com/p/6423273786
2020-09-23,9.23 游戏：矿坑之下/ UnderMine,217,ardea1347,2020-09-28T14:07:08+00:00,https://tieba.baidu.com/p/6423273786
2020-09-25,9.25 游戏：矿坑之下/ UnderMine,218,ardea1347,2020-09-28T14:07:50+00:00,https://tieba.baidu.com/p/6423273786
2020-09-26,9.26 游戏：矿坑之下/ UnderMine游戏：万国觉醒/ Rise of Kingdoms,219,ardea1347,2020-09-28T14:08:35+00:00,https://tieba.baidu.com/p/6423273786
2020-09-27,9.27 心灵砒霜,220,ardea1347,2020-09-28T14:08:54+00:00,https://tieba.baidu.com/p/6423273786
2020-09-28,9.28 游戏：往室/ When the Past was Around,221,ardea1347,2020-09-28T17:18:25+00:00,https://tieba.baidu.com/p/6423273786
2020-09-30,9.30 游戏：恐鬼症 / Phasmophobia,222,ardea1347,2020-10-03T06:04:54+00:00,https://tieba.baidu.com/p/6423273786
2020-10-02,10.2 游戏：恐鬼症 / Phasmophobia,223,ardea1347,2020-10-03T06:05:17+00:00,https://tieba.baidu.com/p/6423273786
2020-10-03,10.3 生日查房,224,ardea1347,2020-10-05T08:05:38+00:00,https://tieba.baidu.com/p/6423273786
2020-10-04,10.4 心灵砒霜,225,ardea1347,2020-10-05T08:05:47+00:00,https://tieba.baidu.com/p/6423273786
2020-10-05,10.5 游戏：动物派对/ Party Animals,226,ardea1347,2020-10-06T01:03:30+00:00,https://tieba.baidu.com/p/6423273786
2020-10-06,10.6 游戏：拉力赛艺术/ Art of Rally糖豆人：终极淘汰赛/ Fall Guys: Ultimate KnockoutF1 2020,227,ardea1347,2020-10-06T15:21:47+00:00,https://tieba.baidu.com/p/6423273786
2020-10-12,10.12 游戏：中世纪王朝/ Medieval Dynasty,228,ardea1347,2020-10-14T16:33:05+00:00,https://tieba.baidu.com/p/6423273786
2020-10-13,10.13 游戏：中世纪王朝/ Medieval Dynasty游戏：动物派对/ Party Animals,229,ardea1347,2020-10-14T16:34:34+00:00,https://tieba.baidu.com/p/6423273786
2020-10-14,10.14 游戏：中世纪王朝/ Medieval Dynasty,230,ardea1347,2020-10-14T16:35:01+00:00,https://tieba.baidu.com/p/6423273786
2020-10-15,10.15 游戏：舞蹈迷藏/ Hide & Dance糖豆人：终极淘汰赛/ Fall Guys: Ultimate Knockout,231,ardea1347,2020-10-27T14:43:49+00:00,https://tieba.baidu.com/p/6423273786
2020-10-16,10.16 游戏：不思议的皇冠/ Crown Trick,232,ardea1347,2020-10-27T14:44:28+00:00,https://tieba.baidu.com/p/6423273786
2020-10-17,10.17 游戏：不思议的皇冠/ Crown Trick,233,ardea1347,2020-10-27T14:44:55+00:00,https://tieba.baidu.com/p/6423273786
2020-10-18,10.18 心灵砒霜,234,ardea1347,2020-10-27T14:45:14+00:00,https://tieba.baidu.com/p/6423273786
2020-10-19,10.19 游戏：小象露露历险记/ Rolo to the Rescue,235,ardea1347,2020-10-27T14:45:57+00:00,https://tieba.baidu.com/p/6423273786
2020-10-20,10.20 游戏：小象露露历险记/ Rolo to the Rescue马戏团,236,ardea1347,2020-10-27T14:46:49+00:00,https://tieba.baidu.com/p/6423273786
2020-10-23,10.23 游戏：三目童子/ Mitsume Ga Tooru高桥名人之冒险岛/ Adventure Island兔宝宝历险记2/ Tiny Toon Adventures 2爱的小屋洛克人超级马里奥兄弟/ Super Mario BrosFC原人鸟人战队恶魔城/ Castlevania松鼠大作战,237,ardea1347,2020-10-27T14:51:03+00:00,https://tieba.baidu.com/p/6423273786
2020-10-24,10.24 歧管花园/ ManifoldGarden,238,ardea1347,2020-10-27T14:51:39+00:00,https://tieba.baidu.com/p/6423273786
2020-10-25,10.25 心灵砒霜,239,ardea1347,2020-10-27T14:52:00+00:00,https://tieba.baidu.com/p/6423273786
2020-10-26,10.26 游戏：歧管花园/ ManifoldGarden,240,ardea1347,2020-10-27T14:52:29+00:00,https://tieba.baidu.com/p/6423273786
2020-10-28,10.28 唱歌,241,ardea1347,2020-11-01T15:54:11+00:00,https://tieba.baidu.com/p/6423273786
2020-10-29,10.29 游戏：轩辕剑7,242,ardea1347,2020-11-01T15:54:53+00:00,https://tieba.baidu.com/p/6423273786
2020-10-30,10.30 游戏：轩辕剑7,243,ardea1347,2020-11-01T15:55:22+00:00,https://tieba.baidu.com/p/6423273786
2020-10-31,10.31 游戏：轩辕剑7,244,ardea1347,2020-11-01T15:55:46+00:00,https://tieba.baidu.com/p/6423273786
2020-11-01,11.1 心灵砒霜,245,ardea1347,2020-11-01T15:55:59+00:00,https://tieba.baidu.com/p/6423273786
2020-11-02,11.2 游戏：世界游戏大全51款,246,ardea1347,2020-11-09T14:31:55+00:00,https://tieba.baidu.com/p/6423273786
2020-11-02,11.2 游戏：皮克敏3,247,ardea1347,2020-11-09T14:34:56+00:00,https://tieba.baidu.com/p/6423273786
2020-11-03,11.3 游戏：皮克敏3,248,ardea1347,2020-11-09T14:39:55+00:00,https://tieba.baidu.com/p/6423273786
2020-11-04,11.4 游戏：皮克敏3,249,ardea1347,2020-11-09T14:40:16+00:00,https://tieba.baidu.com/p/6423273786
2020-11-06,11.6 游戏：只狼资料片,250,ardea1347,2020-11-09T14:40:56+00:00,https://tieba.baidu.com/p/6423273786
2020-11-07,11.7 转播腾讯科学周WE大会,251,ardea1347,2020-11-09T14:41:38+00:00,https://tieba.baidu.com/p/6423273786
2020-11-08,11.8 心灵砒霜,252,ardea1347,2020-11-09T14:41:53+00:00,https://tieba.baidu.com/p/6423273786
2020-11-09,11.9 游戏：拆迁/ Teardown,253,ardea1347,2020-11-15T03:47:40+00:00,https://tieba.baidu.com/p/6423273786
2020-11-10,11.10 游戏：拆迁/ Teardown,254,ardea1347,2020-11-15T03:48:14+00:00,https://tieba.baidu.com/p/6423273786
2020-11-11,11.11 游戏：天穗之咲稻姬/ Sakuna Of Rice and Ruin,255,ardea1347,2020-11-15T03:50:29+00:00,https://tieba.baidu.com/p/6423273786
2020-11-12,11.12 游戏：天穗之咲稻姬/ Sakuna Of Rice and Ruin,256,ardea1347,2020-11-15T03:50:55+00:00,https://tieba.baidu.com/p/6423273786
2020-11-13,11.13 PS5游戏演示 游戏：宇宙机器人/ Astro Bot:Rescue Mission麻布仔大冒险/ Sackboy A Big Adventure天穗之咲稻姬/ Sakuna Of Rice and Ruin,257,ardea1347,2020-11-15T03:52:35+00:00,https://tieba.baidu.com/p/6423273786
2020-11-14,11.14 游戏：天穗之咲稻姬/ Sakuna Of Rice and Ruin,258,ardea1347,2020-11-15T15:21:13+00:00,https://tieba.baidu.com/p/6423273786
2020-11-15,11.15 心灵砒霜,259,ardea1347,2020-11-15T15:21:31+00:00,https://tieba.baidu.com/p/6423273786
2020-11-16,11.16 游戏：天穗之咲稻姬/ Sakuna Of Rice and Ruin,260,ardea1347,2020-11-17T18:03:41+00:00,https://tieba.baidu.com/p/6423273786
2020-11-17,11.17 游戏：天穗之咲稻姬/ Sakuna Of Rice and Ruin,261,ardea1347,2020-11-17T18:18:30+00:00,https://tieba.baidu.com/p/6423273786
2020-11-18,11.18 游戏：天穗之咲稻姬/ Sakuna Of Rice and Ruin,262,ardea1347,2020-11-22T04:02:14+00:00,https://tieba.baidu.com/p/6423273786
2020-11-19,11.19 游戏：天穗之咲稻姬/ Sakuna Of Rice and Ruin,263,ardea1347,2020-11-22T04:02:49+00:00,https://tieba.baidu.com/p/6423273786
2020-11-20,11.20 游戏：恶魔之魂重置版/ Demon Souls Remakes,264,ardea1347,2020-11-22T04:03:44+00:00,https://tieba.baidu.com/p/6423273786
2020-11-21,11.21 游戏：恶魔之魂重置版/ Demon Souls Remakes,265,ardea1347,2020-11-22T04:04:19+00:00,https://tieba.baidu.com/p/6423273786
2020-11-22,11.22 心灵砒霜,266,ardea1347,2020-11-22T15:58:37+00:00,https://tieba.baidu.com/p/6423273786
2020-11-23,11.23 游戏：恶魔之魂重置版/ Demon Souls Remakes,267,ardea1347,2020-12-01T12:50:53+00:00,https://tieba.baidu.com/p/6423273786
2020-11-24,11.24 游戏：恶魔之魂重置版/ Demon Souls Remakes,268,ardea1347,2020-12-01T12:51:18+00:00,https://tieba.baidu.com/p/6423273786
2020-11-25,11.25 游戏：恶魔之魂重置版/ Demon Souls Remakes,269,ardea1347,2020-12-01T12:51:50+00:00,https://tieba.baidu.com/p/6423273786
2020-11-27,11.27 游戏：恶魔之魂重置版/ Demon Souls Remakes魔兽世界新版本暗影国度,270,ardea1347,2020-12-01T12:59:36+00:00,https://tieba.baidu.com/p/6423273786
2020-11-28,11.28 游戏：恶魔之魂重置版/ Demon Souls Remakes,271,ardea1347,2020-12-01T13:02:13+00:00,https://tieba.baidu.com/p/6423273786
2020-11-29,11.29 心灵砒霜,272,ardea1347,2020-12-01T13:20:53+00:00,https://tieba.baidu.com/p/6423273786
2020-11-30,11.30 跨月唱歌,273,ardea1347,2020-12-01T13:22:54+00:00,https://tieba.baidu.com/p/6423273786
2020-12-01,12.1 游戏：恶魔之魂重置版/ Demon Souls Remakes,274,ardea1347,2020-12-06T14:52:05+00:00,https://tieba.baidu.com/p/6423273786
2020-12-02,12.2 游戏：恶魔之魂重置版/ Demon Souls Remakes,275,ardea1347,2020-12-06T14:52:34+00:00,https://tieba.baidu.com/p/6423273786
2020-12-03,12.3 游戏：恶魔之魂重置版/ Demon Souls Remakes,276,ardea1347,2020-12-06T14:53:00+00:00,https://tieba.baidu.com/p/6423273786
2020-12-06,12.6 心灵砒霜,277,ardea1347,2020-12-06T14:55:05+00:00,https://tieba.baidu.com/p/6423273786
2020-12-08,12.8 游戏：谁是内鬼/ Among US,278,ardea1347,2020-12-19T08:01:32+00:00,https://tieba.baidu.com/p/6423273786
2020-12-09,12.9 游戏：赛博朋克2077/ Cyberpunk 2077,279,ardea1347,2020-12-19T08:02:23+00:00,https://tieba.baidu.com/p/6423273786
2020-12-10,12.10 游戏：赛博朋克2077/ Cyberpunk 2077,280,ardea1347,2020-12-19T08:02:52+00:00,https://tieba.baidu.com/p/6423273786
2020-12-11,12.11 游戏：赛博朋克2077/ Cyberpunk 2077,281,ardea1347,2020-12-19T08:03:36+00:00,https://tieba.baidu.com/p/6423273786
2020-12-12,12.12 游戏：赛博朋克2077/ Cyberpunk 2077,282,ardea1347,2020-12-19T08:04:13+00:00,https://tieba.baidu.com/p/6423273786
2020-12-13,12.13 心灵砒霜,283,ardea1347,2020-12-19T08:57:04+00:00,https://tieba.baidu.com/p/6423273786
2020-12-15,12.15 游戏：赛博朋克2077/ Cyberpunk 2077,284,ardea1347,2020-12-19T08:57:58+00:00,https://tieba.baidu.com/p/6423273786
2020-12-16,12.16 游戏：赛博朋克2077/ Cyberpunk 2077,285,ardea1347,2020-12-19T08:58:32+00:00,https://tieba.baidu.com/p/6423273786
2020-12-17,12.17 游戏：赛博朋克2077/ Cyberpunk 2077,286,ardea1347,2020-12-19T08:58:56+00:00,https://tieba.baidu.com/p/6423273786
2020-12-18,12.18 游戏：赛博朋克2077/ Cyberpunk 2077,287,ardea1347,2020-12-19T08:59:20+00:00,https://tieba.baidu.com/p/6423273786
2020-12-19,12.19 游戏：赛博朋克2077/ Cyberpunk 2077,288,ardea1347,2021-01-01T09:46:35+00:00,https://tieba.baidu.com/p/6423273786
2020-11-20,11.20 心灵砒霜,289,ardea1347,2021-01-01T09:47:02+00:00,https://tieba.baidu.com/p/6423273786
2020-12-21,12.21 游戏：赛博朋克2077/ Cyberpunk 2077,290,ardea1347,2021-01-01T09:49:27+00:00,https://tieba.baidu.com/p/6423273786
2020-12-22,12.22 游戏：糖豆人：终极淘汰赛/ Fall Guys: Ultimate Knockout,291,ardea1347,2021-01-01T09:50:42+00:00,https://tieba.baidu.com/p/6423273786
2020-12-23,12.23 唱歌,292,ardea1347,2021-01-01T09:50:56+00:00,https://tieba.baidu.com/p/6423273786
2020-12-25,12.25 游戏：英雄联盟/ LOL,293,ardea1347,2021-01-01T09:52:32+00:00,https://tieba.baidu.com/p/6423273786
2020-12-26,12.26 游戏：游聚平台-经典红白机游戏 拳皇97雪人兄弟松鼠大作战三国战纪2012,294,ardea1347,2021-01-01T10:21:24+00:00,https://tieba.baidu.com/p/6423273786
2020-12-27,12.27 心灵砒霜,295,ardea1347,2021-01-01T10:26:52+00:00,https://tieba.baidu.com/p/6423273786
2020-12-28,12.28 游戏：星露谷物语/ Stardew Valleyy 联机模式,296,ardea1347,2021-01-01T10:29:10+00:00,https://tieba.baidu.com/p/6423273786
2020-12-29,12.29 游戏：星露谷物语/ Stardew Valleyy 联机模式,297,ardea1347,2021-01-01T10:30:02+00:00,https://tieba.baidu.com/p/6423273786
2020-12-30,12.30 游戏：星露谷物语/ Stardew Valleyy 联机模式,298,ardea1347,2021-01-01T10:31:07+00:00,https://tieba.baidu.com/p/6423273786
2020-12-31,12.31 跨年歌会,299,ardea1347,2021-01-01T10:36:18+00:00,https://tieba.baidu.com/p/6423273786
