vid,upload_cst,duration,title,status,archive_entry,note
XNTE1NDc4NDU4NA==,2021-05-15 13:40,06:07,【女流】绿林侠盗：你们就是羡慕有我这么好的姐姐,精剪短片·非完整录像,,30 分钟以下剪辑；母场本轮未逐条对应
XNTE1NDM3NDcyOA==,2021-05-14 16:34,07:38,【女流】生化危机：来自生化危机最大势力之主的夸奖,精剪短片·非完整录像,,30 分钟以下剪辑；母场本轮未逐条对应
XNTE1MzQ2Mjg2OA==,2021-05-13 11:11,06:05,【女流】看我无敌剪刀脚！,精剪短片·非完整录像,,30 分钟以下剪辑；母场本轮未逐条对应
XNTE1MTk3MzMzNg==,2021-05-10 19:06,06:58,【女流】马里奥派对：与菠菠同为基金人的默契,精剪短片·非完整录像,,30 分钟以下剪辑；母场本轮未逐条对应
XNTE1MDk4MzU0MA==,2021-05-08 20:36,09:43,【女流】生化危机8初体验,精剪短片·非完整录像,,30 分钟以下剪辑；母场本轮未逐条对应
XNTE1MDQyNTQwOA==,2021-05-07 20:26,07:18,【女流】上课了，同学们要认真听讲哦！,精剪短片·非完整录像,,30 分钟以下剪辑；母场本轮未逐条对应
XNTE0OTg2MzkwOA==,2021-05-06 19:53,08:18,【女流】菠萝赛东：休怪我手下不留情啊66,精剪短片·非完整录像,,30 分钟以下剪辑；母场本轮未逐条对应
XNTE0NzQ4MzIyNA==,2021-05-01 14:37,05:50,【女流】八球天后拿捏石大壮,精剪短片·非完整录像,,30 分钟以下剪辑；母场本轮未逐条对应
XNTE0NjA1MjAzMg==,2021-04-28 18:33,27:35,【女流】心灵砒霜：这就是天文人含蓄的浪漫,精剪短片·非完整录像,,30 分钟以下剪辑；母场本轮未逐条对应
XNTE0NTU1Mjk2NA==,2021-04-27 20:02,05:27,【女流】永劫无间：阿凡达小分队出击！,精剪短片·非完整录像,,30 分钟以下剪辑；母场本轮未逐条对应
XNTE0NDQyNzg5Ng==,2021-04-25 18:02,12:44,【女流】Monster Boy：完结撒花,精剪短片·非完整录像,,30 分钟以下剪辑；母场本轮未逐条对应
XNTE0MjkwMTcyOA==,2021-04-22 19:45,25:27,【女流】心灵砒霜：女性的爱是无微不至的关怀,精剪短片·非完整录像,,30 分钟以下剪辑；母场本轮未逐条对应
XNTE0MDQ0NDE5Ng==,2021-04-18 13:53,08:42,"【女流】鬼谷八荒：本命""BUFF""助我化神",精剪短片·非完整录像,,30 分钟以下剪辑；母场本轮未逐条对应
XNTEzOTYwODg4MA==,2021-04-16 19:52,07:17,【女流】鬼谷八荒：修真路上千万小心“女魔头”,精剪短片·非完整录像,,30 分钟以下剪辑；母场本轮未逐条对应
XNTEzODM3MDYxNg==,2021-04-14 19:00,05:12,【女流】都是基于现实的合理改编,精剪短片·非完整录像,,30 分钟以下剪辑；母场本轮未逐条对应
XNTEzNzc2MDI3Mg==,2021-04-13 18:48,23:07,【女流】心灵砒霜：网聊需谨慎,精剪短片·非完整录像,,30 分钟以下剪辑；母场本轮未逐条对应
XNTEzNjA2NjA0OA==,2021-04-10 17:59,08:13,【女流】怪物猎人：佣人回家了，关门放“大哥“,精剪短片·非完整录像,,30 分钟以下剪辑；母场本轮未逐条对应
XNTEzNTUxNDk1Ng==,2021-04-09 18:31,08:16,【女流】怪物猎人：猎人的基本素质是百折不挠,精剪短片·非完整录像,,30 分钟以下剪辑；母场本轮未逐条对应
XNTEzNDMxNDkyMA==,2021-04-07 17:51,06:16,【女流】怪物猎人：穷寇要追啊,精剪短片·非完整录像,,30 分钟以下剪辑；母场本轮未逐条对应
XNTEzMzc2OTM0NA==,2021-04-06 18:35,05:11,【女流】察言观色的世界，这是情商和礼貌。,精剪短片·非完整录像,,30 分钟以下剪辑；母场本轮未逐条对应
XNTEyOTQ5NjI2OA==,2021-03-29 17:57,06:56,【女流】怪物猎人：“六岁就打猎”出生,精剪短片·非完整录像,,30 分钟以下剪辑；母场本轮未逐条对应
XNTEyODQyNzEwNA==,2021-03-27 18:11,05:37,【女流】绝地求生：吃鸡就是如此的轻松,精剪短片·非完整录像,,30 分钟以下剪辑；母场本轮未逐条对应
XNTEyNzI3NDE4NA==,2021-03-25 17:51,06:19,【女流】绝地求生：熊熊会保护你的哦,精剪短片·非完整录像,,30 分钟以下剪辑；母场本轮未逐条对应
XNTEyNjczMjM2MA==,2021-03-24 19:19,26:05,【女流】心灵砒霜：男孩子在外边也要保护好自己,精剪短片·非完整录像,,30 分钟以下剪辑；母场本轮未逐条对应
XNTEyNTU1ODA2NA==,2021-03-22 18:31,09:21,【女流】Hades：进攻才是最好的防守,精剪短片·非完整录像,,30 分钟以下剪辑；母场本轮未逐条对应
XNTEyNDk5OTQ3Mg==,2021-03-21 18:04,06:10,【女流】Hades：自此宣布我“无敌”了,精剪短片·非完整录像,,30 分钟以下剪辑；母场本轮未逐条对应
XNTEyMzk1NzYyOA==,2021-03-19 17:12,20:59,【女流】心灵砒霜：恋爱小剧场也是需要剧本的,精剪短片·非完整录像,,30 分钟以下剪辑；母场本轮未逐条对应
XNTEyMzQxMjkyOA==,2021-03-18 18:16,19:11,【女流】心灵砒霜：沟通的艺术在于适当的肯定对方,精剪短片·非完整录像,,30 分钟以下剪辑；母场本轮未逐条对应
XNTEyMjc3OTIyMA==,2021-03-17 17:35,07:01,【女流】CSGO躲猫猫: 原来你也是大佬啊,精剪短片·非完整录像,,30 分钟以下剪辑；母场本轮未逐条对应
XNTEyMjE4NTk5Mg==,2021-03-16 17:19,06:29,【女流】CSGO躲猫猫：这地图不是谁玩谁无敌吗！,精剪短片·非完整录像,,30 分钟以下剪辑；母场本轮未逐条对应
XNTEyMTU1MzI2MA==,2021-03-15 17:09,04:58,【女流】大富翁10：运气的对决！到底谁能笑到最后？,精剪短片·非完整录像,,30 分钟以下剪辑；母场本轮未逐条对应
XNTExOTkyMDQxMg==,2021-03-12 16:58,25:38,【女流】心灵砒霜：无知是盲目自信的根源,精剪短片·非完整录像,,30 分钟以下剪辑；母场本轮未逐条对应
XNTExOTM0MzA0NA==,2021-03-11 17:36,08:42,【女流】ALTF4：一个骑士背鸡的故事,精剪短片·非完整录像,,30 分钟以下剪辑；母场本轮未逐条对应
XNTExNTY1NTgwMA==,2021-03-06 18:00,28:50,【女流】心灵砒霜：64亿公里处的最后一次回眸,精剪短片·非完整录像,,30 分钟以下剪辑；母场本轮未逐条对应
XNTExNTM1Njk3Mg==,2021-03-05 11:26,04:59,【女流】开启戴森球计划的目的就是为了炖羊肉,精剪短片·非完整录像,,30 分钟以下剪辑；母场本轮未逐条对应
XNTExNDE2OTQ0MA==,2021-03-03 18:00,06:05,【女流】节奏医生：什么叫音游大师啊！,精剪短片·非完整录像,,30 分钟以下剪辑；母场本轮未逐条对应
XNTEwOTE4MzI4NA==,2021-02-23 18:14,09:48,【女流】马里奥3D世界：人多力量大不大呢,精剪短片·非完整录像,,30 分钟以下剪辑；母场本轮未逐条对应
XNTEwNjUxMzEyOA==,2021-02-19 18:10,10:53,【女流】绝地求生英语四级考试 Clear！,精剪短片·非完整录像,,30 分钟以下剪辑；母场本轮未逐条对应
XNTEwNTgxNDc2OA==,2021-02-18 16:47,08:11,【女流】女巫来了：给你一年的时间，你也找不到我,精剪短片·非完整录像,,30 分钟以下剪辑；母场本轮未逐条对应
XNTA5ODk2NDA2MA==,2021-02-10 18:00,27:02,【女流】心灵砒霜：蔗学入门,精剪短片·非完整录像,,30 分钟以下剪辑；母场本轮未逐条对应
XNTA5ODg5MjcyOA==,2021-02-08 18:10,35:50,【女流】心灵砒霜：明天永不来,精剪短片·非完整录像,,心灵砒霜精选，非完整录像
XNTA5ODkzMDE3Mg==,2021-02-06 18:00,28:36,【女流】心灵砒霜：和“马大爷”的沟通技巧,精剪短片·非完整录像,,30 分钟以下剪辑；母场本轮未逐条对应
XNTA5NzA0MDY1Mg==,2021-02-04 10:01,20:18,【女流】心灵砒霜：明天永不会来,精剪短片·非完整录像,,30 分钟以下剪辑；母场本轮未逐条对应
XNTA5MDU1NTk4MA==,2021-01-29 18:36,06:40,【女流】2020年独立游戏精选，带大家重温当时的投入和快乐,精剪短片·非完整录像,,30 分钟以下剪辑；母场本轮未逐条对应
XNTA4OTAyNjExMg==,2021-01-28 17:10,07:02,【女流】星露谷物语全收集达成，一分耕耘一份收获,精剪短片·非完整录像,,30 分钟以下剪辑；母场本轮未逐条对应
XNTA4NDY5NjMzNg==,2021-01-26 18:00,05:36,【女流】星露谷物语：维多利亚的秘密后台,精剪短片·非完整录像,,30 分钟以下剪辑；母场本轮未逐条对应
XNTA3OTkxNDM0OA==,2021-01-23 16:04,21:16,【女流】转眼已六年，满满的回忆和爱,精剪短片·非完整录像,,30 分钟以下剪辑；母场本轮未逐条对应
XNTA3NjE3MTExNg==,2021-01-21 18:29,05:57,【女流】星露谷物语：存档拯救计划,精剪短片·非完整录像,,30 分钟以下剪辑；母场本轮未逐条对应
XNTA3NDAzODczMg==,2021-01-20 17:39,05:39,【女流】星露谷物语：这游戏叫做东北人在海南,精剪短片·非完整录像,,30 分钟以下剪辑；母场本轮未逐条对应
XNTA2NjM5NDYwOA==,2021-01-16 17:50,22:58,【女流】心灵砒霜：你在内蒙的冬天吃过冰棍吗,精剪短片·非完整录像,,30 分钟以下剪辑；母场本轮未逐条对应
XNTA2MTY5MTYwNA==,2021-01-14 17:27,07:24,【女流】星露谷物语：门口放炸弹？！大甜瓜，危！,精剪短片·非完整录像,,30 分钟以下剪辑；母场本轮未逐条对应
XNTA1NzYxMDAxMg==,2021-01-12 17:15,11:46,【女流】星露谷不够肝，希望作者未来做个白天上班晚上种地的游戏,精剪短片·非完整录像,,30 分钟以下剪辑；母场本轮未逐条对应
XNTA1MDYyNDI0MA==,2021-01-08 18:54,08:17,【女流】星露谷物语：来了来了，他带着KPI走来了,精剪短片·非完整录像,,30 分钟以下剪辑；母场本轮未逐条对应
XNTA0ODY1NjkxNg==,2021-01-07 18:38,10:07,【女流】星露谷物语：不吃饭不睡觉，打起精神赚钞票,精剪短片·非完整录像,,30 分钟以下剪辑；母场本轮未逐条对应
XNTA0NjY4NjYxMg==,2021-01-06 17:29,08:13,【女流】星露谷物语：人生能有几回搏，此时不搏何时搏！,精剪短片·非完整录像,,30 分钟以下剪辑；母场本轮未逐条对应
XNTA0NDgxNTUwMA==,2021-01-05 17:36,11:02,【女流】心灵砒霜：「THE WORLD」砸瓦鲁多！,精剪短片·非完整录像,,30 分钟以下剪辑；母场本轮未逐条对应
XNTAzNjY0Nzg5Mg==,2021-01-01 15:05,08:11,【女流】松鼠大作战是如何演变成姐弟大作战的,精剪短片·非完整录像,,30 分钟以下剪辑；母场本轮未逐条对应
XNTAzNjQxNTUwMA==,2020-12-31 17:14,14:37,【女流】心灵砒霜：想起曾经被别人家的孩子支配的恐惧,精剪短片·非完整录像,,30 分钟以下剪辑；母场本轮未逐条对应
XNTAzMjkzMTkyMA==,2020-12-29 19:03,12:51,【女流】没有驾照玩不了努努？玩炸弹人照样carry！,精剪短片·非完整录像,,30 分钟以下剪辑；母场本轮未逐条对应
XNTAyNDE3MDI3Mg==,2020-12-24 18:08,04:37,【女流】是无名小卒，还是名扬天下？赛博朋克2077完结篇,精剪短片·非完整录像,,30 分钟以下剪辑；母场本轮未逐条对应
XNTAyMDY3MDMxMg==,2020-12-22 20:11,22:03,【女流】心灵砒霜：如果表白就不用还钱的话，那人人都不用还花呗了,精剪短片·非完整录像,,30 分钟以下剪辑；母场本轮未逐条对应
XNTAxODMyOTY2MA==,2020-12-21 12:40,04:56,【女流】我要是配音，我肯定要配这游戏里最没人性的女人,精剪短片·非完整录像,,30 分钟以下剪辑；母场本轮未逐条对应
XNTAxNDMyMzUyNA==,2020-12-18 18:26,21:34,【女流】心灵砒霜：托福听力满分教你四级听力小技巧,精剪短片·非完整录像,,30 分钟以下剪辑；母场本轮未逐条对应
XNTAxMDkxOTIyMA==,2020-12-16 19:37,09:00,【女流】赛博朋克2077：我，一代车神，赛车冠军！,精剪短片·非完整录像,,30 分钟以下剪辑；母场本轮未逐条对应
XNTAwODk4MjY1Ng==,2020-12-15 19:32,06:43,太空狼人杀，谁是内鬼？不用想，是壮壮！,精剪短片·非完整录像,,30 分钟以下剪辑；母场本轮未逐条对应
XNTAwNDg3MDM0NA==,2020-12-12 18:06,05:59,恶魔之魂白金达成！完结撒花！,精剪短片·非完整录像,,30 分钟以下剪辑；母场本轮未逐条对应
XNTAwMTk1MjE5Mg==,2020-12-10 19:01,09:34,赛博朋克2077：都2077年了，车还不能自己开自己吗？,精剪短片·非完整录像,,30 分钟以下剪辑；母场本轮未逐条对应
XNTAwMDQ0NTg5Mg==,2020-12-09 18:23,23:09,【女流】心灵砒霜：毛利兰还跑来投稿？叉出去！,精剪短片·非完整录像,,30 分钟以下剪辑；母场本轮未逐条对应
XNDk5ODUyMTg4NA==,2020-12-08 12:48,06:42,【女流】想让我老老实实地刷200次？做梦！,精剪短片·非完整录像,,30 分钟以下剪辑；母场本轮未逐条对应
XNDk5NzA5NjcyMA==,2020-12-07 11:26,09:30,没想到有生之年还能跟古王玩玩躲猫猫的游戏！,精剪短片·非完整录像,,30 分钟以下剪辑；母场本轮未逐条对应
XNDk5NTA4MzIwMA==,2020-12-05 16:23,07:02,没什么事情是一束火焰风暴解决不了的，如果有，就两束,精剪短片·非完整录像,,30 分钟以下剪辑；母场本轮未逐条对应
XNDk5MzUyNjc2NA==,2020-12-04 19:00,18:45,【女流】心灵砒霜：辅导壮壮学习那些事儿,精剪短片·非完整录像,,30 分钟以下剪辑；母场本轮未逐条对应
XNDk4OTE5OTY1Ng==,2020-12-02 12:00,06:18,【女流】蒙眼过关！恶魔之魂最恶心BOSS，慎入！,精剪短片·非完整录像,,30 分钟以下剪辑；母场本轮未逐条对应
XNDk4NzM1OTI3Mg==,2020-11-30 20:05,06:25,这个游戏是摔不死吗？恶魔之魂重制版,精剪短片·非完整录像,,30 分钟以下剪辑；母场本轮未逐条对应
XNDk4Mjc0MjA2NA==,2020-11-28 12:00,05:08,恶魔之魂的刮痧之路，转角遇到爱,精剪短片·非完整录像,,30 分钟以下剪辑；母场本轮未逐条对应
XNDk4MTQ2MTg0OA==,2020-11-26 18:57,20:59,【女流】心灵砒霜：只要自己不尴尬，就get不到其他人的尴尬,精剪短片·非完整录像,,30 分钟以下剪辑；母场本轮未逐条对应
XNDk3ODQ3MzY0NA==,2020-11-24 20:03,07:25,恶魔之魂重制版，这个游戏是没有死亡吗？,精剪短片·非完整录像,,30 分钟以下剪辑；母场本轮未逐条对应
XNDk3MzY3NTkwMA==,2020-11-21 12:59,08:37,谁能想到，游戏里还要再考一遍科目二,精剪短片·非完整录像,,30 分钟以下剪辑；母场本轮未逐条对应
XNDk3MTQxOTY3Mg==,2020-11-19 20:58,05:34,PS5开箱实况！指甲拧螺丝的技巧还是师从于索尼员工,精剪短片·非完整录像,,30 分钟以下剪辑；母场本轮未逐条对应
XNDk2OTEwNDAxMg==,2020-11-18 14:11,13:48,心灵砒霜与公益行动，你的心中还有一座未来教室吗？,精剪短片·非完整录像,,30 分钟以下剪辑；母场本轮未逐条对应
XNDk2NzQ4MTEzMg==,2020-11-17 14:05,04:41,女流：聊聊天，种种田，我被游戏设计师夸奖的那些年,精剪短片·非完整录像,,30 分钟以下剪辑；母场本轮未逐条对应
XNDkxMTc3MzcxMg==,2020-10-18 17:54,03:38,女流：此弟不宜久留,精剪短片·非完整录像,,30 分钟以下剪辑；母场本轮未逐条对应
XNDkwMDEzNjY0NA==,2020-10-11 18:02,01:57,【女流】有比微信红包更贴心的礼物吗？,精剪短片·非完整录像,,30 分钟以下剪辑；母场本轮未逐条对应
XNDg4OTY2NDk3Ng==,2020-10-04 19:22,04:32,女流：生日送一首《鱼米》给大家,精剪短片·非完整录像,,30 分钟以下剪辑；母场本轮未逐条对应
XNDg4NjIwOTU5Mg==,2020-10-01 17:42,04:35,女流：太难了，做一个体操选手太难了,精剪短片·非完整录像,,30 分钟以下剪辑；母场本轮未逐条对应
XNDYxNDAxODAyMA==,2020-04-01 10:00,04:20,女流：有的时候，钓鱼，就是命运的安排,精剪短片·非完整录像,,30 分钟以下剪辑；母场本轮未逐条对应
XNDYxMTA1MDIzNg==,2020-03-30 10:00,08:53,女流：仁王2两个受尽苦头的boss战，夜刀神加野猪终于通关了,精剪短片·非完整录像,,30 分钟以下剪辑；母场本轮未逐条对应
XNDYwNTI1OTgyNA==,2020-03-26 10:00,03:14,女流：职业法师必备道具：金嗓子喉宝,精剪短片·非完整录像,,30 分钟以下剪辑；母场本轮未逐条对应
XNDU2OTUyMTc5Ng==,2020-03-02 15:00,05:27,女流2019年独立游戏精选，大家在家无聊可以杀时间！,精剪短片·非完整录像,,30 分钟以下剪辑；母场本轮未逐条对应
XNDQ5NjY5ODAyOA==,2020-01-06 18:55,06:37,女流：当爸爸学会网购是什么体验？我可太难了！,精剪短片·非完整录像,,30 分钟以下剪辑；母场本轮未逐条对应
XNDQ5MTk5ODAwNA==,2020-01-02 17:56,04:34,女流：姐弟回忆儿时玩耍情景，解开了多年的心结！,精剪短片·非完整录像,,30 分钟以下剪辑；母场本轮未逐条对应
XNDQ4MTIxNjM0NA==,2019-12-24 17:52,05:13,女流：是什么让姐弟形同陌路，多年之后的回忆让人哗然,精剪短片·非完整录像,,30 分钟以下剪辑；母场本轮未逐条对应
XNDQ3NjcxNjk0OA==,2019-12-20 18:45,10:17,女流：情深深雨蒙蒙之《雪姨结局》，系列完结,精剪短片·非完整录像,,30 分钟以下剪辑；母场本轮未逐条对应
XNDQ3NTUyODgzMg==,2019-12-19 20:02,11:16,女流：《雪姨的前世今生》，这是不是你了解的王雪琴？,精剪短片·非完整录像,,30 分钟以下剪辑；母场本轮未逐条对应
XNDQzNjEwNDExNg==,2019-11-14 16:44,03:56,女流：这游戏天花板这么高？当你的人生巅峰遇到了别人的人生巅峰,精剪短片·非完整录像,,30 分钟以下剪辑；母场本轮未逐条对应
XNDQzMTc5NDI4MA==,2019-11-10 20:20,03:14,女流：跨栏这个项目，我可太稳了，壮壮难顶了！,精剪短片·非完整录像,,30 分钟以下剪辑；母场本轮未逐条对应
XNDQxMzAzMjM3Ng==,2019-10-25 18:51,05:12,这就是被抢断货的《健身环大冒险》，我真是捡到宝了,精剪短片·非完整录像,,30 分钟以下剪辑；母场本轮未逐条对应
XNDQwMTkyODA3Ng==,2019-10-17 16:54,13:48,女流实力吐槽上海堡垒，观众觉得说的比电影还精彩,精剪短片·非完整录像,,30 分钟以下剪辑；母场本轮未逐条对应
XNDM4MDg2OTM3Ng==,2019-09-29 19:51,03:13,心灵砒霜：女流居然也被购物洗脑？渣哥竟是收快递工具人,精剪短片·非完整录像,,30 分钟以下剪辑；母场本轮未逐条对应
XNDMyMjc0MDkwOA==,2019-08-20 17:41,06:07,女流：魔鬼弟弟给亲姐安利游戏，途中就遭到难以抵挡的诱惑,精剪短片·非完整录像,,30 分钟以下剪辑；母场本轮未逐条对应
XNDMyMTQxOTg2OA==,2019-08-19 20:45,03:00,女流VLOG01：女流打篮球的姿势像极了。。。运球操作把麦迪秀傻了,精剪短片·非完整录像,,30 分钟以下剪辑；母场本轮未逐条对应
XNDI5NTI2Mjk1Ng==,2019-07-31 20:41,26:57,《女流会客室》游戏的叙事性,精剪短片·非完整录像,,30 分钟以下剪辑；母场本轮未逐条对应
XNDIwMjY0NzA2OA==,2019-05-30 14:52,03:45,女流与弟弟在船上居然互相吐了对方一脸？壮壮：你把蛆塞我嘴里能不吐吗！,精剪短片·非完整录像,,30 分钟以下剪辑；母场本轮未逐条对应
XNDIwMDM1ODU3Mg==,2019-05-28 21:32,06:08,欧皇女流也改变不了的非酋命运？原因竟是因为壮壮不够从一而终！,精剪短片·非完整录像,,30 分钟以下剪辑；母场本轮未逐条对应
XNDE5NTEyNzkyMA==,2019-05-24 20:58,03:55,学霸的聊天记录曝光！神秘代码直指某个网站，原来别人家的孩子也遭父母嫌弃,精剪短片·非完整录像,,30 分钟以下剪辑；母场本轮未逐条对应
XNDE4OTU0NDgzNg==,2019-05-20 20:57,03:52,聪明反被聪明误？女流和弟弟竟然看皮卡丘跳了十五分钟的PPAP？,精剪短片·非完整录像,,30 分钟以下剪辑；母场本轮未逐条对应
XNDE4NTYzODQwNA==,2019-05-17 21:00,03:52,【女流】女流偶遇九华山世外高人？却因囊中羞涩错过大富大贵的机会！,精剪短片·非完整录像,,30 分钟以下剪辑；母场本轮未逐条对应
XNDE4MDA5MDgwNA==,2019-05-13 16:48,02:48,女流：亲姐弟的默契度高达惊人的16%？女流一失足成壮壮三秒恨,精剪短片·非完整录像,,30 分钟以下剪辑；母场本轮未逐条对应
XNDE3NjY0Mjc0MA==,2019-05-10 21:34,03:48,节食减肥失败的原因竟是因为委屈？女学霸带你走进科学！,精剪短片·非完整录像,,30 分钟以下剪辑；母场本轮未逐条对应
XNDE3MzE1ODM2MA==,2019-05-08 15:39,02:33,清华学霸的单身原因，原来是因为隐身于家人眼中的弟弟,精剪短片·非完整录像,,30 分钟以下剪辑；母场本轮未逐条对应
XNDE0MjI2OTA2MA==,2019-04-18 14:26,02:44,心灵砒霜：是什么情况居然让女流道出心酸历史，服务行业内幕究竟有多坑？,精剪短片·非完整录像,,30 分钟以下剪辑；母场本轮未逐条对应
XNDEyMTEzNDI0MA==,2019-04-01 14:09,05:01,猫里奥有这么难？被坑到怀疑人生！,精剪短片·非完整录像,,30 分钟以下剪辑；母场本轮未逐条对应
XNDExNjQzNzcyNA==,2019-03-29 14:03,07:03,只狼boss击杀 - 无首狮子猿,精剪短片·非完整录像,,30 分钟以下剪辑；母场本轮未逐条对应
XNDExNjQ0NTA1Ng==,2019-03-29 13:59,04:01,只狼boss击杀 - 苇名弦一郎,精剪短片·非完整录像,,30 分钟以下剪辑；母场本轮未逐条对应
XNDExNjQzNDkzNg==,2019-03-29 13:54,07:17,只狼boss击杀 - 狮子猿,精剪短片·非完整录像,,30 分钟以下剪辑；母场本轮未逐条对应
XNDExNjQzMTAwMA==,2019-03-29 13:54,06:50,只狼boss击杀 - 幻影之蝶,精剪短片·非完整录像,,30 分钟以下剪辑；母场本轮未逐条对应
XNDExNjQxODQxMg==,2019-03-29 13:49,03:36,只狼boss击杀 - 鬼刑部,精剪短片·非完整录像,,30 分钟以下剪辑；母场本轮未逐条对应
XNDEwNjk5MjE5Mg==,2019-03-22 18:05,02:47,女流：多人本地竞速，骑摩托真的可以增进感情,精剪短片·非完整录像,,30 分钟以下剪辑；母场本轮未逐条对应
XNDEwNDM3NjA0OA==,2019-03-20 18:22,03:19,女流：北京饺子一百种死法，女流都驾驭不住的赛车游戏？,精剪短片·非完整录像,,30 分钟以下剪辑；母场本轮未逐条对应
XNDA5NDg1NTY1Ng==,2019-03-12 19:14,04:55,女流VLOG：东京《只狼》+《鬼泣》制作人采访之旅,精剪短片·非完整录像,,30 分钟以下剪辑；母场本轮未逐条对应
XNDA4ODcyMzAwMA==,2019-03-07 14:42,05:45,【女流】心灵砒霜：粉丝大胆表白女流？却回忆起大学往事！,精剪短片·非完整录像,,30 分钟以下剪辑；母场本轮未逐条对应
XMzY2Mzg3OTIwMA==,2018-06-14 14:20,10:29,女流带你体验《刀锋之怒》 媲美端游的爽快感,精剪短片·非完整录像,,30 分钟以下剪辑；母场本轮未逐条对应
XMzY2MzY2MjA0OA==,2018-06-14 10:47,03:31,女流带你看E3 玩家盛典空降天使之城,精剪短片·非完整录像,,30 分钟以下剪辑；母场本轮未逐条对应
XMzY2MDc4MDM1Ng==,2018-06-12 21:27,02:28,E3 2018索尼发布会 创意十足干货满满,精剪短片·非完整录像,,30 分钟以下剪辑；母场本轮未逐条对应
XMzU4NDEwMjEyMA==,2018-05-04 20:48,01:41,【女流】任天堂Labo玩具钢琴试弹，配合电钢和弦，弹一首我很喜欢的歌,精剪短片·非完整录像,,30 分钟以下剪辑；母场本轮未逐条对应
XMzU2MDAxODAxNg==,2018-04-23 23:14,06:01,【女流】爱笑的女生，运气不会太差,精剪短片·非完整录像,,30 分钟以下剪辑；母场本轮未逐条对应
XMzU0MDQ3MDEzNg==,2018-04-15 21:15,05:26,【女流】姐弟情深，配合默契；对弟弟下重手？不存在的,精剪短片·非完整录像,,30 分钟以下剪辑；母场本轮未逐条对应
XMzUzNzg5ODIyOA==,2018-04-14 14:02,03:37,【女流】空手接白刃，看我行不行,精剪短片·非完整录像,,30 分钟以下剪辑；母场本轮未逐条对应
XMzUyNjEzNjAyNA==,2018-04-09 20:03,05:31,【女流】 妈妈不让我打游戏怎么办？结尾升华了,精剪短片·非完整录像,,30 分钟以下剪辑；母场本轮未逐条对应
XMzUwNDA3OTAwNA==,2018-03-31 13:50,09:50,【女流】姐弟配合拆弹可太刺激了，给我这个专家打个分吧,精剪短片·非完整录像,,30 分钟以下剪辑；母场本轮未逐条对应
XMzQ5OTg1Mjk3Mg==,2018-03-29 16:47,03:36,【女流】变态游戏，毁我青春，C面我不会玩的，告辞,精剪短片·非完整录像,,30 分钟以下剪辑；母场本轮未逐条对应
XMzQ5Mjc1OTk2NA==,2018-03-26 21:30,06:48,【女流】从姐弟情深，到大义灭亲，只需要一个疯兔子游戏,精剪短片·非完整录像,,30 分钟以下剪辑；母场本轮未逐条对应
XMzQ4NjM5MzY2MA==,2018-03-23 22:11,02:32,【女流】旺达与巨像（仿电影预告）,精剪短片·非完整录像,,30 分钟以下剪辑；母场本轮未逐条对应
XMzQ4MDA5NzM4OA==,2018-03-21 13:06,05:11,【女流】《Celeste》看起来行云流水，鬼知道我死了多少次,精剪短片·非完整录像,,30 分钟以下剪辑；母场本轮未逐条对应
XMzQ3OTk4NDk4OA==,2018-03-21 11:38,04:51,【女流】《Sky光·遇》国服来啦，你想和我拉手手吗？,精剪短片·非完整录像,,30 分钟以下剪辑；母场本轮未逐条对应
XMzQwMDY4MDU3Ng==,2018-02-13 16:04,05:08,【女流】《心灵砒霜》23期，忘不掉初中女友怎么办,精剪短片·非完整录像,,30 分钟以下剪辑；母场本轮未逐条对应
XMzQwMDYyMTQwMA==,2018-02-13 15:32,08:20,【女流】《Hobo: Tough Life》这游戏有毒，第二天壮壮就去见大夫了,精剪短片·非完整录像,,30 分钟以下剪辑；母场本轮未逐条对应
XMzQwMDYxNDI3Ng==,2018-02-13 15:28,06:48,【女流】《人类一败涂地》这个游戏教会我怎么做一个独立自强的女人,精剪短片·非完整录像,,30 分钟以下剪辑；母场本轮未逐条对应
XMzMyMjk4OTkzNg==,2018-01-16 13:42,05:15,【女流】2017女流直播回顾——30款独立游戏精选,精剪短片·非完整录像,,30 分钟以下剪辑；母场本轮未逐条对应
XMzIxNTcyODA0MA==,2017-12-08 21:37,10:41,【吃鸡佳缘】第一期：我，女流，大腿,精剪短片·非完整录像,,30 分钟以下剪辑；母场本轮未逐条对应
XMzE5MzYyMzU2NA==,2017-11-29 21:16,09:20,让人落命都会上瘾的游戏——仁王！,精剪短片·非完整录像,,30 分钟以下剪辑；母场本轮未逐条对应
XMTg4MzQ0NjU2MA==,2017-10-31 17:14,195:27,女流【心灵砒霜】大家圣诞快乐呀！,可补来源·既有条目,2016-12-25-live-02,圣诞砒霜，本片 195:27 与档案 196 分一致；优酷迟至 2017-10-31 才上传
XMzA0MjE3ODYzNg==,2017-09-23 23:12,04:57,【女流】心灵砒霜（直播集锦-9.17）,精剪短片·非完整录像,,30 分钟以下剪辑；母场本轮未逐条对应
XMzAyOTMzMzA1Ng==,2017-09-17 22:58,04:33,【女流】心灵砒霜（直播集锦-9.10）,精剪短片·非完整录像,,30 分钟以下剪辑；母场本轮未逐条对应
XMjk3MjgxNTg2OA==,2017-08-16 05:00,50:34,【女流】我的世界《大周建国史》全流程第10天Part2,可补来源·既有条目,2017-08-08-live-02,大周建国史第10天；档案标题「大周MC第十天」天数一致
XMjk3MjgxNjk1Ng==,2017-08-16 04:59,52:04,【女流】我的世界《大周建国史》全流程第11天Part1,疑为直播录像·直播日未定,2017-08-12-live-01 / 2017-08-14-live-01 / 未收场次（待核）,大周建国史第11天；第10天=8/8 之后、08-16 凌晨上传之前。候选：8/12「竞选武状元」、8/14「大周好声音」（贴吧均记 MC 1.12），以及贴吧与档案都没有的 8/10、8/15；时长不吻合，需音频核对
XMjk3MjgyODcyOA==,2017-08-16 04:48,76:21,【女流】我的世界《大周建国史》全流程第12天Part2,疑为直播录像·直播日未定,2017-08-12-live-01 / 2017-08-14-live-01 / 未收场次（待核）,大周建国史第12天；第10天=8/8 之后、08-16 凌晨上传之前。候选：8/12「竞选武状元」、8/14「大周好声音」（贴吧均记 MC 1.12），以及贴吧与档案都没有的 8/10、8/15；时长不吻合，需音频核对
XMjk3MjgzMDc3Mg==,2017-08-16 04:46,76:22,【女流】我的世界《大周建国史》全流程第12天Part3,疑为直播录像·直播日未定,2017-08-12-live-01 / 2017-08-14-live-01 / 未收场次（待核）,大周建国史第12天；第10天=8/8 之后、08-16 凌晨上传之前。候选：8/12「竞选武状元」、8/14「大周好声音」（贴吧均记 MC 1.12），以及贴吧与档案都没有的 8/10、8/15；时长不吻合，需音频核对
XMjk3MjgyNzM4OA==,2017-08-16 04:42,76:21,【女流】我的世界《大周建国史》全流程第12天Part1,疑为直播录像·直播日未定,2017-08-12-live-01 / 2017-08-14-live-01 / 未收场次（待核）,大周建国史第12天；第10天=8/8 之后、08-16 凌晨上传之前。候选：8/12「竞选武状元」、8/14「大周好声音」（贴吧均记 MC 1.12），以及贴吧与档案都没有的 8/10、8/15；时长不吻合，需音频核对
XMjk3MjgzMTI1Ng==,2017-08-16 04:18,77:57,【女流】我的世界《大周建国史》全流程第13天Part1,疑为直播录像·直播日未定,2017-08-12-live-01 / 2017-08-14-live-01 / 未收场次（待核）,大周建国史第13天；第10天=8/8 之后、08-16 凌晨上传之前。候选：8/12「竞选武状元」、8/14「大周好声音」（贴吧均记 MC 1.12），以及贴吧与档案都没有的 8/10、8/15；时长不吻合，需音频核对
XMjk3MjgzMjI1Mg==,2017-08-16 04:08,77:58,【女流】我的世界《大周建国史》全流程第13天Part2,疑为直播录像·直播日未定,2017-08-12-live-01 / 2017-08-14-live-01 / 未收场次（待核）,大周建国史第13天；第10天=8/8 之后、08-16 凌晨上传之前。候选：8/12「竞选武状元」、8/14「大周好声音」（贴吧均记 MC 1.12），以及贴吧与档案都没有的 8/10、8/15；时长不吻合，需音频核对
XMjk3MjgxOTM4MA==,2017-08-16 04:01,62:05,【女流】我的世界《大周建国史》全流程第11天Part2,疑为直播录像·直播日未定,2017-08-12-live-01 / 2017-08-14-live-01 / 未收场次（待核）,大周建国史第11天；第10天=8/8 之后、08-16 凌晨上传之前。候选：8/12「竞选武状元」、8/14「大周好声音」（贴吧均记 MC 1.12），以及贴吧与档案都没有的 8/10、8/15；时长不吻合，需音频核对
XMjk3MjgxNTEyMA==,2017-08-16 03:56,86:13,【女流】我的世界《大周建国史》全流程第10天Part1,可补来源·既有条目,2017-08-08-live-02,大周建国史第10天；档案标题「大周MC第十天」天数一致
XMjk1NDI1MTE4OA==,2017-08-09 06:09,99:38,【女流】我的世界《大周建国史》全流程第09天Part2,可补来源·既有条目,2017-08-07-live-01,大周建国史第9天；档案标题「大周MC第九天」天数一致
XMjk1NDI1MTE0NA==,2017-08-09 06:05,99:39,【女流】我的世界《大周建国史》全流程第09天Part1,可补来源·既有条目,2017-08-07-live-01,大周建国史第9天；档案标题「大周MC第九天」天数一致
XMjk1MDYwMTY2OA==,2017-08-07 16:49,64:26,【女流】我的世界《大周建国史》全流程第08天Part2,可补来源·既有条目,2017-08-04-live-01,大周建国史第8天；档案标题「大周MC第八天」天数一致
XMjk1MDU1NjA0OA==,2017-08-07 16:47,69:10,【女流】我的世界《大周建国史》全流程第07天Part2,可补来源·既有条目,2017-08-02-live-01,大周建国史第7天；档案 08-02「我的世界」；贴吧 8/2 记 MC 1.12；按 1.12 服 MC 场次顺序推定（7/18 起第 1 天，第 6 天=8/1 已由档案标题锚定），分 P 未做音频核对
XMjk1MDYwOTY0MA==,2017-08-07 16:46,64:25,【女流】我的世界《大周建国史》全流程第08天Part3,可补来源·既有条目,2017-08-04-live-01,大周建国史第8天；档案标题「大周MC第八天」天数一致
XMjk1MDU1NzAzMg==,2017-08-07 16:44,69:11,【女流】我的世界《大周建国史》全流程第07天Part3,可补来源·既有条目,2017-08-02-live-01,大周建国史第7天；档案 08-02「我的世界」；贴吧 8/2 记 MC 1.12；按 1.12 服 MC 场次顺序推定（7/18 起第 1 天，第 6 天=8/1 已由档案标题锚定），分 P 未做音频核对
XMjk1MDU0OTE4NA==,2017-08-07 16:32,69:10,【女流】我的世界《大周建国史》全流程第07天Part1,可补来源·既有条目,2017-08-02-live-01,大周建国史第7天；档案 08-02「我的世界」；贴吧 8/2 记 MC 1.12；按 1.12 服 MC 场次顺序推定（7/18 起第 1 天，第 6 天=8/1 已由档案标题锚定），分 P 未做音频核对
XMjk1MDU1ODQ0NA==,2017-08-07 16:30,64:26,【女流】我的世界《大周建国史》全流程第08天Part1,可补来源·既有条目,2017-08-04-live-01,大周建国史第8天；档案标题「大周MC第八天」天数一致
XMjkzOTIyODU2OA==,2017-08-02 15:23,91:55,【女流】我的世界《大周建国史》全流程第06天Part2,可补来源·既有条目,2017-08-01-live-01,大周建国史第6天；档案标题「大周MC第六天」天数一致
XMjkzOTIyNzg1Ng==,2017-08-02 15:20,91:54,【女流】我的世界《大周建国史》全流程第06天Part1,可补来源·既有条目,2017-08-01-live-01,大周建国史第6天；档案标题「大周MC第六天」天数一致
XMjkzMTc0NTEyNA==,2017-07-29 23:30,04:36,【女流】心灵砒霜（直播集锦-7.23）,精剪短片·非完整录像,,30 分钟以下剪辑；母场本轮未逐条对应
XMjkyNTc2MzM1Ng==,2017-07-28 03:20,111:14,【女流】我的世界《大周建国史》全流程第04天Part1,可补来源·既有条目,2017-07-22-live-01,大周建国史第4天；档案 07-22「我的世界」；贴吧 7/22 记 MC；按 1.12 服 MC 场次顺序推定（7/18 起第 1 天，第 6 天=8/1 已由档案标题锚定），分 P 未做音频核对
XMjkyNTc2NTMxNg==,2017-07-28 03:16,111:14,【女流】我的世界《大周建国史》全流程第04天Part2,可补来源·既有条目,2017-07-22-live-01,大周建国史第4天；档案 07-22「我的世界」；贴吧 7/22 记 MC；按 1.12 服 MC 场次顺序推定（7/18 起第 1 天，第 6 天=8/1 已由档案标题锚定），分 P 未做音频核对
XMjkyNDg0MDI0MA==,2017-07-28 03:12,100:36,【女流】我的世界《大周建国史》全流程第02天Part1,可补来源·既有条目,2017-07-19-live-01,大周建国史第2天；档案 07-19「我的世界」；贴吧 7/19 记 MC；按 1.12 服 MC 场次顺序推定（7/18 起第 1 天，第 6 天=8/1 已由档案标题锚定），分 P 未做音频核对
XMjkyNTcyOTk2MA==,2017-07-28 03:02,100:37,【女流】我的世界《大周建国史》全流程第02天Part2,可补来源·既有条目,2017-07-19-live-01,大周建国史第2天；档案 07-19「我的世界」；贴吧 7/19 记 MC；按 1.12 服 MC 场次顺序推定（7/18 起第 1 天，第 6 天=8/1 已由档案标题锚定），分 P 未做音频核对
XMjkyNTcxNjE0MA==,2017-07-28 02:54,57:20,【女流】我的世界《大周建国史》全流程第01天Part3,可补来源·既有条目,2017-07-18-live-01,大周建国史第1天；档案 07-18「我的世界」；贴吧 7/18 记 MC；按 1.12 服 MC 场次顺序推定（7/18 起第 1 天，第 6 天=8/1 已由档案标题锚定），分 P 未做音频核对
XMjkyNTcwNzM2OA==,2017-07-28 02:36,50:35,【女流】我的世界《大周建国史》全流程第01天Part1,可补来源·既有条目,2017-07-18-live-01,大周建国史第1天；档案 07-18「我的世界」；贴吧 7/18 记 MC；按 1.12 服 MC 场次顺序推定（7/18 起第 1 天，第 6 天=8/1 已由档案标题锚定），分 P 未做音频核对
XMjkyNTcxMDE1Ng==,2017-07-28 02:36,49:06,【女流】我的世界《大周建国史》全流程第01天Part2,可补来源·既有条目,2017-07-18-live-01,大周建国史第1天；档案 07-18「我的世界」；贴吧 7/18 记 MC；按 1.12 服 MC 场次顺序推定（7/18 起第 1 天，第 6 天=8/1 已由档案标题锚定），分 P 未做音频核对
XMjkyNTc0MjQyNA==,2017-07-28 02:34,76:10,【女流】我的世界《大周建国史》全流程第03天Part2,可补来源·既有条目,2017-07-21-live-01,大周建国史第3天；档案 07-21「我的世界」；贴吧 7/21 记 MC；按 1.12 服 MC 场次顺序推定（7/18 起第 1 天，第 6 天=8/1 已由档案标题锚定），分 P 未做音频核对
XMjkyNTczMzE0NA==,2017-07-28 02:24,76:09,【女流】我的世界《大周建国史》全流程第03天Part1,可补来源·既有条目,2017-07-21-live-01,大周建国史第3天；档案 07-21「我的世界」；贴吧 7/21 记 MC；按 1.12 服 MC 场次顺序推定（7/18 起第 1 天，第 6 天=8/1 已由档案标题锚定），分 P 未做音频核对
XMjkyNTc2NzQ1Ng==,2017-07-28 02:20,67:11,【女流】我的世界《大周建国史》全流程第05天Part1,已在档案,2017-07-25-live-01,大周建国史第5天；2026-09-23 据贴吧 7/25 记录与场次顺序建条目并挂为来源
XMjkyNTc0Mzc4NA==,2017-07-28 02:17,76:09,【女流】我的世界《大周建国史》全流程第03天Part3,可补来源·既有条目,2017-07-21-live-01,大周建国史第3天；档案 07-21「我的世界」；贴吧 7/21 记 MC；按 1.12 服 MC 场次顺序推定（7/18 起第 1 天，第 6 天=8/1 已由档案标题锚定），分 P 未做音频核对
XMjkyNTc2ODc4OA==,2017-07-28 01:24,67:09,【女流】我的世界《大周建国史》全流程第05天Part2,已在档案,2017-07-25-live-01,大周建国史第5天；2026-09-23 据贴吧 7/25 记录与场次顺序建条目并挂为来源
XMjkxMjE2MzY0NA==,2017-07-22 21:07,04:32,【女流】心灵砒霜（直播集锦-7.17）,精剪短片·非完整录像,,30 分钟以下剪辑；母场本轮未逐条对应
XMjg5NTY5MDQ0MA==,2017-07-17 20:23,05:16,【女流】心灵砒霜（直播集锦-7.9）,精剪短片·非完整录像,,30 分钟以下剪辑；母场本轮未逐条对应
XMjg0NjkzOTg2MA==,2017-06-24 20:22,11:46,女流专访吉田修平：会看游戏直播的全球总裁,精剪短片·非完整录像,,30 分钟以下剪辑；母场本轮未逐条对应
XMjgzMzUwODE3Mg==,2017-06-18 13:27,03:24,《女流带你逛E3》各大展台回顾,精剪短片·非完整录像,,30 分钟以下剪辑；母场本轮未逐条对应
XMjgyNTA1MDA3Ng==,2017-06-15 01:35,03:12,《女流带你看E3》索尼展前发布会回顾,精剪短片·非完整录像,,30 分钟以下剪辑；母场本轮未逐条对应
XMjgyMDA3MjMyMA==,2017-06-12 16:39,09:47,《星露谷物语》人人都是欧皇,精剪短片·非完整录像,,30 分钟以下剪辑；母场本轮未逐条对应
XMjgwMjM1NDg1Mg==,2017-06-04 11:30,109:50,【女流】The Final Station全流程+DLC（P3 of 3）,疑为直播录像·分P对应未定,2017-05-13-live-01 / 2017-05-15-live-01 / 2017-05-16-live-01,Final Station 全流程+DLC 三段；档案与贴吧均记 5/13、5/15、5/16 三天。三段 489 分 vs 档案 597 分，分 P 与场次不一一对应，需音频核对
XMjgwMjU1Mjg5Ng==,2017-06-04 11:15,180:04,【女流】The Final Station全流程+DLC（P2 of 3）,疑为直播录像·分P对应未定,2017-05-13-live-01 / 2017-05-15-live-01 / 2017-05-16-live-01,Final Station 全流程+DLC 三段；档案与贴吧均记 5/13、5/15、5/16 三天。三段 489 分 vs 档案 597 分，分 P 与场次不一一对应，需音频核对
XMjgwMjUxMjUyNA==,2017-06-04 11:00,198:43,【女流】The Final Station全流程+DLC（P1 of 3）,疑为直播录像·分P对应未定,2017-05-13-live-01 / 2017-05-15-live-01 / 2017-05-16-live-01,Final Station 全流程+DLC 三段；档案与贴吧均记 5/13、5/15、5/16 三天。三段 489 分 vs 档案 597 分，分 P 与场次不一一对应，需音频核对
XMjc3Nzk0NDg0NA==,2017-05-21 23:42,07:22,《星露谷物语》不为人知的“邻里关系”,精剪短片·非完整录像,,30 分钟以下剪辑；母场本轮未逐条对应
XMjc2ODE5MzM5Mg==,2017-05-16 22:13,150:42,【女流】艾迪芬奇的记忆,可补来源·既有条目,2017-05-12-live-02,档案与贴吧（5/12）均只有这一场艾迪芬奇；本片 151 分，档案 186 分
XMjc1MTY2NDc5Mg==,2017-05-08 14:24,75:27,【女流】小小噩梦全流程P3,可补来源·既有条目,2017-05-06-live-01,小小噩梦三段合计 213 分；档案与贴吧（5/6）均只有这一场，档案 247 分
XMjc1MTY2NDMwMA==,2017-05-08 14:23,69:00,【女流】小小噩梦全流程P1,可补来源·既有条目,2017-05-06-live-01,小小噩梦三段合计 213 分；档案与贴吧（5/6）均只有这一场，档案 247 分
XMjc1MTY2NDU2OA==,2017-05-08 14:16,68:34,【女流】小小噩梦全流程P2,可补来源·既有条目,2017-05-06-live-01,小小噩梦三段合计 213 分；档案与贴吧（5/6）均只有这一场，档案 247 分
XMjczMjQyMzU2OA==,2017-04-27 21:08,21:13,《影之刃2》左殇登场！全新大漠剧情初探,精剪短片·非完整录像,,30 分钟以下剪辑；母场本轮未逐条对应
XMjcxNTg2MjA0NA==,2017-04-19 01:05,156:11,【女流】盛世天下之女帝篇part3of3,可补来源·既有条目,2017-04-15-live-01 / 2017-04-16-live-02,女帝篇三段合计 463 分 ≈ 档案 4/15（365）+4/16 live-02（95）=460；贴吧 4/15、4/16 记「盛世天下 女帝篇」，4/14 记「盛世天下DLC 狄仁杰篇」。分 P 边界未核，暂不写入。另见冲突：档案 2017-04-14-live-01 题为「女帝篇」
XMjcxNTg2MjAxMg==,2017-04-19 01:05,157:38,【女流】盛世天下之女帝篇part2of3,可补来源·既有条目,2017-04-15-live-01 / 2017-04-16-live-02,女帝篇三段合计 463 分 ≈ 档案 4/15（365）+4/16 live-02（95）=460；贴吧 4/15、4/16 记「盛世天下 女帝篇」，4/14 记「盛世天下DLC 狄仁杰篇」。分 P 边界未核，暂不写入。另见冲突：档案 2017-04-14-live-01 题为「女帝篇」
XMjcxNTg2MTgwOA==,2017-04-19 01:02,149:10,【女流】盛世天下之女帝篇part1of3,可补来源·既有条目,2017-04-15-live-01 / 2017-04-16-live-02,女帝篇三段合计 463 分 ≈ 档案 4/15（365）+4/16 live-02（95）=460；贴吧 4/15、4/16 记「盛世天下 女帝篇」，4/14 记「盛世天下DLC 狄仁杰篇」。分 P 边界未核，暂不写入。另见冲突：档案 2017-04-14-live-01 题为「女帝篇」
XMjY1MDEwMTkxNg==,2017-03-20 01:30,92:41,【女流】伊森卡特的消失Part3of3,疑为直播录像·分P对应未定,2017-02-18-live-01 / 2017-03-01-live-01,伊森卡特的消失三段合计 285 分；档案 2/18「Kalimba 和 The Vanishing…」（246）与 3/1（60，贴吧同记）。分 P 对应需音频核对
XMjY0MDg4MTIxNg==,2017-03-15 18:58,107:47,【女流】伊森卡特的消失Part2of3,疑为直播录像·分P对应未定,2017-02-18-live-01 / 2017-03-01-live-01,伊森卡特的消失三段合计 285 分；档案 2/18「Kalimba 和 The Vanishing…」（246）与 3/1（60，贴吧同记）。分 P 对应需音频核对
XMjY0MDg2MjI4OA==,2017-03-15 18:27,85:05,【女流】伊森卡特的消失Part1of3,疑为直播录像·分P对应未定,2017-02-18-live-01 / 2017-03-01-live-01,伊森卡特的消失三段合计 285 分；档案 2/18「Kalimba 和 The Vanishing…」（246）与 3/1（60，贴吧同记）。分 P 对应需音频核对
XMjUyMTY5MzQwOA==,2017-02-20 14:30,04:39,【几何冲刺】女流Clutterfunk关过关视频,精剪短片·非完整录像,,30 分钟以下剪辑；母场本轮未逐条对应
XMjUwMDk2MjUzMg==,2017-02-07 23:20,13:44,【女流】粉丝制作：66直播两周年快乐,精剪短片·非完整录像,,30 分钟以下剪辑；母场本轮未逐条对应
XMjQ4MjgyNDExNg==,2017-01-23 16:14,221:13,【女流】心灵砒霜玄学砒霜,未决·日期与档案冲突,2017-01-15-live-01 / 2017-01-22-live-01,同题「玄学砒霜」在档案为 1/15（151 分），但本片 221 分、1/23 上传，更贴近 1/22 周日砒霜（档案 77 分）。两者之一，需音频核对
XMjQ4MjgyNDQ5Mg==,2017-01-23 14:37,157:05,【女流】女流教你怎么尬聊,疑为直播录像·直播日未定,,157 分，2017-01-23 上传；贴吧与档案 1/20～1/22 无同题场次，直播日未定
XMTg4OTQ2NDc0NA==,2016-12-29 17:56,06:02,【女流】心灵砒霜精选毒舌6,剪辑片段,,心灵砒霜精选毒舌6
XMTg3NDk3NzM2MA==,2016-12-21 14:46,173:27,【女流】Event[0]游戏通关解说,可补来源·既有条目,2016-12-12-live-02,Event[0] 通关解说 173 分；档案 12-12 零号事件 237 分
XMTg3NDk5NTM5Mg==,2016-12-21 12:37,194:20,女流【心灵砒霜】得病之后的砒霜额外毒,可补来源·既有条目,2016-12-19-live-01,上传 12-21，时长 194 与档案 195 一致
XMTg2MDQ3OTk2MA==,2016-12-12 09:06,183:54,女流【心灵砒霜】家谱附录曝光：事已至此,可补来源·既有条目,2016-12-11-live-01,上传 12-12，时长 184 与档案 184 一致
XMTg0OTY4NDE4NA==,2016-12-05 08:56,201:13,女流【心灵砒霜】石家家谱更新至5.0,可补来源·既有条目,2016-12-04-live-01,同题「石家家谱更新至5.0」，本片 201:13 与档案 201 分一致，12-05 上传
XMTgzODYxOTgwMA==,2016-11-28 08:40,205:37,女流【心灵砒霜】与壮壮的疯狂暴击,可补来源·既有条目,2016-11-27-live-01,同题；本片 206 分，档案 136 分
XMTgzMDkzODkyOA==,2016-11-23 00:50,06:01,女流-咱爸被封了！-by 黑粉ACD玄武,粉丝剪辑,,by 黑粉ACD玄武
XMTgyNzc5MTI3Ng==,2016-11-21 04:23,147:39,女流【心灵砒霜】大壮远程鹤顶红支援,可补来源·既有条目,2016-11-20-live-01,同题
XMTgxOTk4MjAzMg==,2016-11-15 16:59,125:35,女流【心灵砒霜】情书Q歪了？,疑为直播录像·直播日未定,2016-11-13-live-01（待核）,心灵砒霜「情书Q歪了」，上传 11-15
XMTgxMDAzNDYzNg==,2016-11-08 09:17,164:31,女流【心灵砒霜】66深情演唱一代女王六则天,疑为直播录像·直播日未定,2016-11-06-live-01（待核）,心灵砒霜「六则天」，上传 11-08；11-06 为周日
XMTc4MzY5MTgyMA==,2016-11-02 04:29,152:10,女流【心灵砒霜】10月30日姐弟版,可补来源·既有条目,2016-10-30-live-01,标题 10月30日；档案该条为 74 分音频，本片 152 分
XMTc4MzY5ODgzMg==,2016-11-02 00:52,10:55,【女流】 overcook 连姐弟关系都能破坏的游戏,剪辑片段,,overcooked 姐弟 10:55 精选
XMTc4MTExNzY2MA==,2016-10-31 18:20,237:54,【女流】橙光游戏 后宫三千人part1,疑为直播录像·直播日未定,2016-10-24/27/28 之一,后宫三千人 part1；贴吧 2016 专贴正好记三天（10/24、10/27、10/28），与档案三条一致。三段 238/204/181 分 vs 档案 256/227/146 分，按顺序对应最自然但未核
XMTc4MTExNzQ4OA==,2016-10-31 14:46,204:29,【女流】橙光游戏 后宫三千人part2,疑为直播录像·直播日未定,2016-10-24/27/28 之一,后宫三千人 part2；贴吧 2016 专贴正好记三天（10/24、10/27、10/28），与档案三条一致。三段 238/204/181 分 vs 档案 256/227/146 分，按顺序对应最自然但未核
XMTc4MTExNzM0MA==,2016-10-31 12:27,181:15,【女流】橙光游戏 后宫三千人part3,疑为直播录像·直播日未定,2016-10-24/27/28 之一,后宫三千人 part3；贴吧 2016 专贴正好记三天（10/24、10/27、10/28），与档案三条一致。三段 238/204/181 分 vs 档案 256/227/146 分，按顺序对应最自然但未核
XMTc3MjYyMzQyOA==,2016-10-24 21:17,149:36,女流【心灵砒霜】10月23日,可补来源·既有条目,2016-10-23-live-01,标题 10月23日；档案该条为音频
XMTc2NTM5ODQ0MA==,2016-10-19 04:34,163:53,女流【心灵砒霜】10月16日双人心灵核弹,可补来源·既有条目,2016-10-16-live-01,标题 10月16日；档案该条为音频
XMTc1NDg1ODIyMA==,2016-10-10 19:03,203:54,女流【心灵砒霜】10月9日,可补来源·既有条目,2016-10-09-live-01,标题 10月9日；档案该条为音频
XMTczOTAyODY0MA==,2016-09-26 20:51,108:54,女流【心灵砒霜】9月25日读邮件,可补来源·既有条目,2016-09-25-live-01,标题 9月25日；档案该条为音频
XMTczMjA5NzE0OA==,2016-09-20 22:25,63:06,女流【心灵砒霜】9月19日读邮件,未决·日期与档案冲突,2016-09-19-live-01,标题 9月19日砒霜 63 分，但档案 09-19 是《百战天虫》；9-18 为周日，需核
XMTcyMzI0OTkyMA==,2016-09-13 01:45,164:50,女流【心灵砒霜】9月11日读邮件,可补来源·既有条目,2016-09-11-live-01,标题 9月11日
XMTcwNDgzNDkwNA==,2016-08-29 22:02,149:55,女流【心灵砒霜】8月28日读邮件,可补来源·既有条目,2016-08-28-live-01,标题 8月28日；档案该条为音频
XMTY5NjU2Mzk4OA==,2016-08-23 21:32,177:01,【心灵砒霜】女流8月22日读邮件,可补来源·既有条目,2016-08-22-live-01,标题 8月22日
XMTY3NzcwMDkzMg==,2016-08-09 20:42,179:36,【心灵砒霜】女流8月7日读邮件,可补来源·既有条目,2016-08-07-live-01,标题 8月7日；档案该条为音频＋A站影像
XMTY1OTUyMjMzMg==,2016-07-27 02:31,195:35,【心灵砒霜】女流7月24日读邮件,可补来源·既有条目,2016-07-24-live-01,标题 7月24日
XMTY1NzcxMjU2OA==,2016-07-25 22:15,141:00,《Starbound》女流&炸鱼联机实况Day1,可补来源·既有条目,2016-07-23-live-01,Starbound 联机 Day1（档案 07-23 为 day1），需核时长 141 vs 172
XMTYzNTM4MjkwOA==,2016-07-07 23:20,52:32,【女流】Inside全收集通关解说★全成就解锁隐藏结局★Part 3,未决·直播还是视频,,Inside P3
XMTYzMjA0NjkyMA==,2016-07-05 11:10,52:53,【女流】Inside全收集通关解说★全成就解锁隐藏结局★Part2,未决·直播还是视频,,Inside P2
XMTYzMDUzNDM2MA==,2016-07-04 02:39,42:25,【女流】Inside全收集通关解说★全成就解锁隐藏结局★Part1,未决·直播还是视频,,Inside 全收集通关解说 P1；贴吧 2016 专贴无 Inside 记录，疑为录制视频
XMTYyNjg3NTIzMg==,2016-07-01 00:01,85:03,【女流】幽灵诡计直播实况Part 10（真相大白）,疑为直播录像·直播日未定,2016-06-24/25/27/28（幽灵诡计 day1–4）,幽灵诡计直播实况 10 段，分属四天，需按时长/音频对应；贴吧 2016 专贴记 6/24、6/25、6/27、6/28 四天，与档案一致
XMTYyNDkzMTUyOA==,2016-06-29 14:02,88:51,【女流】幽灵诡计直播实况Part 9（潜艇危机）,疑为直播录像·直播日未定,2016-06-24/25/27/28（幽灵诡计 day1–4）,幽灵诡计直播实况 10 段，分属四天，需按时长/音频对应；贴吧 2016 专贴记 6/24、6/25、6/27、6/28 四天，与档案一致
XMTYyMzYzNjE5Ng==,2016-06-28 12:30,65:36,【女流】幽灵诡计直播实况Part 8（究竟谁是我）,疑为直播录像·直播日未定,2016-06-24/25/27/28（幽灵诡计 day1–4）,幽灵诡计直播实况 10 段，分属四天，需按时长/音频对应；贴吧 2016 专贴记 6/24、6/25、6/27、6/28 四天，与档案一致
XMTYyMzQ1Njg2MA==,2016-06-28 09:29,54:51,【女流】幽灵诡计直播实况Part 7（人狗合一）,疑为直播录像·直播日未定,2016-06-24/25/27/28（幽灵诡计 day1–4）,幽灵诡计直播实况 10 段，分属四天，需按时长/音频对应；贴吧 2016 专贴记 6/24、6/25、6/27、6/28 四天，与档案一致
XMTYyMzQxMTEyMA==,2016-06-28 08:26,81:53,【女流】幽灵诡计直播实况Part 6（解决家庭纠纷）,疑为直播录像·直播日未定,2016-06-24/25/27/28（幽灵诡计 day1–4）,幽灵诡计直播实况 10 段，分属四天，需按时长/音频对应；贴吧 2016 专贴记 6/24、6/25、6/27、6/28 四天，与档案一致
XMTYyMjQ5NjU0MA==,2016-06-27 14:42,83:40,【心灵砒霜】女流6月26日读邮件,可补来源·既有条目,2016-06-26-live-01,标题 6月26日
XMTYyMTcyMDkwMA==,2016-06-26 21:38,102:37,【女流】幽灵诡计直播实况Part 5（机智越狱）,疑为直播录像·直播日未定,2016-06-24/25/27/28（幽灵诡计 day1–4）,幽灵诡计直播实况 10 段，分属四天，需按时长/音频对应；贴吧 2016 专贴记 6/24、6/25、6/27、6/28 四天，与档案一致
XMTYyMTMwMjM4MA==,2016-06-26 14:00,73:48,【女流】幽灵诡计直播实况Part 4（餐厅惊魂）,疑为直播录像·直播日未定,2016-06-24/25/27/28（幽灵诡计 day1–4）,幽灵诡计直播实况 10 段，分属四天，需按时长/音频对应；贴吧 2016 专贴记 6/24、6/25、6/27、6/28 四天，与档案一致
XMTYyMTIwNDcxNg==,2016-06-26 12:27,82:02,【女流】幽灵诡计直播实况Part 3（杀人犯乔多）,疑为直播录像·直播日未定,2016-06-24/25/27/28（幽灵诡计 day1–4）,幽灵诡计直播实况 10 段，分属四天，需按时长/音频对应；贴吧 2016 专贴记 6/24、6/25、6/27、6/28 四天，与档案一致
XMTYyMDcxNTA0OA==,2016-06-25 23:06,78:33,【女流】幽灵诡计直播实况Part 2（导弹汪的救赎）,疑为直播录像·直播日未定,2016-06-24/25/27/28（幽灵诡计 day1–4）,幽灵诡计直播实况 10 段，分属四天，需按时长/音频对应；贴吧 2016 专贴记 6/24、6/25、6/27、6/28 四天，与档案一致
XMTYyMDI5MTAyOA==,2016-06-25 20:43,90:55,【女流】幽灵诡计直播实况Part 1（幽灵与狗）,疑为直播录像·直播日未定,2016-06-24/25/27/28（幽灵诡计 day1–4）,幽灵诡计直播实况 10 段，分属四天，需按时长/音频对应；贴吧 2016 专贴记 6/24、6/25、6/27、6/28 四天，与档案一致
XMTYxMDg4MjYxNg==,2016-06-17 03:54,02:32,女流E3微软之行：快评xbox展前发布会,新历史视频·档案未收,,E3 微软之行短片，2016-06-17
XMTYxMDg3ODEyMA==,2016-06-17 03:39,02:51,女流E3微软之行：win10全新体验 跨平台联机服务,新历史视频·档案未收,,E3 微软之行短片，2016-06-17
XMTU5ODQwOTE0MA==,2016-06-06 13:29,78:55,【心灵砒霜】6月5日直播生放送,可补来源·既有条目,2016-06-05-live-01,标题 6月5日
XMTU4MTAzMTk2MA==,2016-05-23 18:16,120:39,【心灵砒霜】5月22日直播生放送,可补来源·既有条目,2016-05-22-live-01,标题 5月22日
XMTU4MDA1MjQ2MA==,2016-05-23 00:57,104:37,【心灵砒霜】5月8日“片段1”直播生放送,可补来源·既有条目,2016-05-08-live-01,标题 5月8日 片段1
XMTU3OTg5MTMzMg==,2016-05-22 18:36,48:21,【心灵砒霜】5月8日片段2直播生放送,可补来源·既有条目,2016-05-08-live-01,标题 5月8日 片段2
XMTU0Nzc5NTc5Ng==,2016-04-25 20:42,150:13,【心灵砒霜】4月24日直播生放送,可补来源·既有条目,2016-04-24-live-01,标题 4月24日
XMTUzOTg1MDI2MA==,2016-04-19 03:31,143:32,【心灵砒霜】4月17日直播生放送,可补来源·既有条目,2016-04-17-live-01,标题 4月17日
XMTUzMjM0MTg2OA==,2016-04-12 20:19,156:01,【心灵砒霜】4月10日直播生放送,可补来源·既有条目,2016-04-10-live-01,标题 4月10日
XMTUwNjk5NDc3Mg==,2016-03-21 13:06,10:57,【女流变身剑客】台湾独立游戏《说剑》初体验,新历史视频·档案未收,,《说剑》初体验，2016-03-21
XMTUwNTAwNjI1Ng==,2016-03-19 17:56,139:00,【女流直播生放送】逆袭,疑为直播录像·直播日未定,2016-02-24-live-01 / 2016-03-02 / 2016-03-09（待核）,逆袭 139 分，2016-03-19 上传；贴吧记逆袭之星途闪耀 2/24、3/2（3月1号更新章）、3/9。档案 2/24 为无录像条目，3/2 缺日，3/9 档案为星露谷（与贴吧冲突）。需看录像里是哪一章
XMTQ5ODE1MjIxNg==,2016-03-19 16:25,48:28,女流【心灵砒霜】3月6号直播生放送,可补来源·既有条目,2016-03-06-live-01,标题 3月6号
XMTQzOTQwMTQ4NA==,2016-01-08 19:54,70:40,【女流直播生放送】萌猫萌狗大混战《星之契约》,疑为直播录像·直播日未定,2016-01-05-live-01（待核）,星之契约 70:40，2016-01-08 上传；贴吧 2016 专贴只在 1/5 记「谁是你爸爸 & 星之契约」（档案 2016-01-05-live-01 为无公开录像条目）。贴吧属同期转述，需录像内容自证日期后再挂
XMTQwNzczOTk2MA==,2015-12-09 02:05,84:41,【直播生放送】《节奏天国》治好多年颈椎病,疑为直播录像·直播日未定,,《节奏天国》直播生放送 84:41，上传 2015-12-09 02:05；候选 12-03（快照「3ds节奏天国」）或 12-08；可与 A站 ac2376661 精选比对
XMTM3OTE0NTQ0NA==,2015-11-06 16:42,24:01,【女流实况】国王密使King's Quest第一章P1,已在档案,2015-11-06-video-01,
XMTM3NjY1MDc3Mg==,2015-11-03 19:49,179:32,女流【心灵砒霜】10.30直播录像,已在档案,2015-10-30-live-01,
XMjQxODQxMjEwNA==,2015-11-02 21:14,62:36,【女流直播生放送】传说之下Undertale高评分游戏P5,重复投稿,,Undertale P5 同名同长（62:36）重复一支
XMTM3NjA5Njk0NA==,2015-11-02 20:59,62:36,【女流直播生放送】传说之下Undertale高评分游戏P5,疑为直播录像·直播日未定,同上,Undertale P5
XMTM3NTgzNjk3Mg==,2015-11-02 17:50,130:02,【女流直播生放送】传说之下Undertale高评分游戏P4,疑为直播录像·直播日未定,同上,Undertale P4
XMTM3MzM5NzgyMA==,2015-10-30 17:24,106:09,【女流直播生放送】传说之下Undertale高评分游戏P3,疑为直播录像·直播日未定,同上,Undertale P3
XMTM3MzE3MjI2MA==,2015-10-30 11:16,12:33,【女流实况】千万不能看！,已在档案,2015-10-30-video-01,
XMTM3MjYxOTQ5Mg==,2015-10-29 18:49,68:15,【女流直播生放送】传说之下Undertale高评分游戏P2,疑为直播录像·直播日未定,同上,Undertale P2
XMTM3MjQ4MTA1Ng==,2015-10-29 16:34,150:45,【女流直播生放送】传说之下Undertale高评分游戏P1,疑为直播录像·直播日未定,2015-10-23/26/27/28 之一,Undertale 直播生放送 P1，对应哪场需音频比对
XMTM3MTg0NjY1Ng==,2015-10-29 13:36,194:00,女流【心灵砒霜】10.25直播录像,已在档案,2015-10-25-live-01,
XMTM2NjkxMTE2OA==,2015-10-23 09:46,61:54,【女流实况】逆转裁判：复苏的逆转第二章P2,可补来源·既有条目,2015-10-23-video-01,同题
XMTM2NTYxODQ2MA==,2015-10-21 23:45,205:46,【mc六则天】第五届女流杯建筑大赛,已知线索·直播日未定（见 task-038/039）,,第五届女流杯建筑大赛 206 分
XMTM2MTU4Mzg4NA==,2015-10-17 01:21,71:56,【女流实况】逆转裁判：复苏的逆转第二章P1,新历史视频·档案未收,,逆转裁判 复苏的逆转 第二章 P1，2015-10-17（P2 已在档）
XMTM2MDQzMzcyMA==,2015-10-15 19:41,192:54,女流【心灵砒霜】10.11直播录像,已在档案,2015-10-11-live-01,
XMTM1ODE3NDk5Mg==,2015-10-12 20:37,233:53,【你之恋与真实之恋】后面真的是神展开2015-10-12女流直播录像,已在档案,2015-10-12-live-01,
XMTM1NTc0OTY0NA==,2015-10-09 19:27,44:40,【女流实况】逆转裁判：复苏的逆转第一章,已在档案,2015-10-09-video-01,
XMTMzNDcwNTYzNg==,2015-09-13 17:40,101:09,【女流】HER STORY终极剪辑版 ★她的故事★时间顺序排列无配音,新历史视频·档案未收,,HER STORY 终极剪辑版（按时间顺序重排、无配音），2015-09-13
XMTMzMjA5ODE5Ng==,2015-09-10 14:47,43:25,【直播生放送】★我的老师是只熊★女流解说,已在档案,2015-09-11-video-01,
XMTMyOTg0NjgxNg==,2015-09-07 20:50,29:40,【女流】HER STORY ★她的故事★全剧情流程赏析Part 4（完结）,已在档案,2015-09-07-video-01,
XMTMyODE4OTg2OA==,2015-09-05 20:53,117:19,【mc六则天】第四届女流杯建筑大赛,已在档案,2015-09-04-live-01,
XMTMyNzA5NTE3Mg==,2015-09-04 14:21,30:33,【女流】HER STORY ★她的故事★全剧情流程赏析Part 3,已在档案,2015-09-04-video-01,
XMTMxOTAxMzM4OA==,2015-08-25 20:43,167:12,【mc六则天】第三届女流杯建筑大赛,已知线索·直播日未定（见 task-038/039）,,第三届女流杯建筑大赛 167 分（task-040 推测 2015-08-21）
XMTMxMjc1NDcwNA==,2015-08-18 14:18,25:21,【女流】HER STORY ★她的故事★全剧情流程赏析Part 2,已在档案,2015-08-18-video-01,
XMTMwODkzMTMzNg==,2015-08-13 21:43,26:01,【女流】HER STORY ★她的故事★全剧情流程赏析Part 1,已在档案,2015-08-13-video-01,
XMTMwMjk2MTgxNg==,2015-08-06 23:31,202:48,【mc六则天】第二届女流杯建筑大赛,已知线索·直播日未定（见 task-038/039）,,第二届女流杯建筑大赛 203 分
XMTI5NzY4MjU4NA==,2015-07-31 11:47,187:06,【mc六则天】第一届女流杯建筑大赛,已知线索·直播日未定（见 task-038/039）,,第一届女流杯建筑大赛 187 分
XMTI5MzAzMjY1Ng==,2015-07-25 13:51,110:33,【风之旅人】PS4最新版★女流★试玩直播录像完整版,已在档案,2015-07-22-live-01,
XMTI5MTM5MDc4OA==,2015-07-23 10:54,10:26,★球球大作战★~女流手游试玩：一个在手机上全球撕的游戏~,可补来源·既有条目,2015-07-23-video-01,同题同日
XMTI4NDc4OTIyOA==,2015-07-14 20:36,19:16,【武则天MC】女流斗鱼直播录像精剪01,已知线索·直播日未定（见 task-038/039）,,【武则天MC】精剪01
XMTI3MTI1MTQ4OA==,2015-06-26 20:59,06:02,【女流】关掉游戏我就瞎了：雷曼传奇音乐关卡一命通关,可补来源·既有条目,2015-06-26-video-01,同题同日
XMTI2OTQzOTUyNA==,2015-06-24 13:05,05:40,女流爱讲道理的自由之战脱口秀：第四期潘多拉,新历史视频·档案未收,,同上第四期，2015-06-24
XMTI2OTQzNjIyNA==,2015-06-24 12:56,03:24,女流爱讲道理的自由之战脱口秀：第三期查尔斯,新历史视频·档案未收,,同上第三期，2015-06-24
XMTI2NjQxNTkyNA==,2015-06-20 09:39,09:33,【女流】辐射：避难所解说 ，熊孩子也是要生的,未决·疑与既有条目同片异题,2015-06-20-video-01,同日 B站同题材标题不同（「变异巨型大蟑螂乱入」vs「熊孩子也是要生的」），时长 9:33 vs 10 分，需比对是否同一支
XMTI2MDYzODU0MA==,2015-06-12 10:53,04:00,女流爱讲道理的自由之战脱口秀：第二期托尔,新历史视频·档案未收,,同上第二期，2015-06-12
XMTI2MDYzNTg4MA==,2015-06-12 10:49,03:51,女流爱讲道理的自由之战脱口秀：第一期剑圣,新历史视频·档案未收,,《自由之战》脱口秀第一期（赞助系列），2015-06-12
XOTYyMDU5MjA0,2015-05-23 10:24,07:30,【女流】这是一个全球撕的游戏,新历史视频·档案未收,,「全球撕的游戏」，2015-05-23
XOTU2NjUyMDgw,2015-05-15 23:56,21:19,[梦的解析]Until you wake up 【直至醒来】试玩解说,新历史视频·档案未收,,Until you wake up 试玩，2015-05-15
XOTQxODUxMDU2,2015-04-25 22:17,06:37,【女流解说】中国足球新希望,新历史视频·档案未收,,2015-04-25
XOTE3NDg5NDYw,2015-03-22 15:08,07:13,【女流】来给大家推荐一个有爱的手游,新历史视频·档案未收,,手游推荐，2015-03-22
XOTE1NjU0NzMy,2015-03-14 23:12,19:50,【女流】冰雪女王的传奇故事“永不孤单”,新历史视频·档案未收,,《永不孤单》Never Alone 解说，2015-03-14
XOTA2Mjc3NjQw,2015-03-06 21:06,20:27,[不玩也爱看]Life is Strange[生活真奇怪]试玩解说,新历史视频·档案未收,,《不玩也爱看》Life is Strange 试玩，2015-03-06
XOTAyODE0ODcy,2015-03-02 02:55,21:55,女流直播做饭[2015.2.28],可补来源·既有条目,2015-02-28-live-01,标题自带 2015.2.28
XODkxMTU3ODcy,2015-02-08 10:57,13:26,【女流】超级玛丽真的很“简单”,新历史视频·档案未收,,视频 2015-02-08
XODgzMTE3NDAw,2015-01-30 23:52,68:42,[无剪辑]独立游戏I'm scared实况录像,已在档案,2015-01-30-video-01,
XODg0MzE0NzIw,2015-01-30 23:34,10:38,【女流】那些年我们一起捏的“星之卡比”,新历史视频·档案未收,,视频，按上传日即 2015-01-30
XODgyNDgwNDQ0,2015-01-30 01:16,19:36,"[1.29直播录像]重温变态人生的大冒险,卒",可补来源·既有条目,2015-01-29-live-01,标题自带「1.29直播录像」
XODc4ODk2NTY4,2015-01-24 23:44,34:25,[1.21直播录像]重启之后还是一条好汉,已在档案,2015-01-21-live-01,
XODc4ODM0NDY4,2015-01-23 18:07,12:17,【女流】大金刚热带雨林勇斗马达加斯加企鹅,已在档案,2015-01-23-video-01,
XODc3MTM3Nzc2,2015-01-18 00:45,16:18,【女流】小小大星球3探索之旅,已在档案,2015-01-18-video-01,
XODcyMzM3MDA0,2015-01-15 14:21,13:05,【女流】巩固我FPS女王的地位,已在档案,2015-01-15-video-01,
XODcxODczNjI4,2015-01-09 13:01,23:41,【女流】小小大星球试玩解说,已在档案,2015-01-09-video-01,
XODY1MzI3MjA0,2015-01-05 22:17,10:40,【女流】90秒作画大挑战,已在档案,2015-01-05-video-01,
XODU2Mzg1NDE2,2014-12-25 13:13,62:14,【女流】光之子全剧情流程解说大结局,已在档案,2014-12-25-video-01,
XODU1ODQ2MTky,2014-12-24 17:55,09:57,【女流】圣诞斗元首,已在档案,2014-12-24-video-01,
XODUwMDAwODcy,2014-12-16 16:40,27:46,【女流】光之子全剧情流程解说Part6,已在档案,2014-12-16-video-01,
XODQ5NzYyMjMy,2014-12-16 11:03,31:55,【女流】黑客是怎样炼成的[Mu Complex]解说,已在档案,2014-12-16-video-02,
XODQ4NDkzNTQ4,2014-12-14 14:53,36:40,权力斗争下的童话世界---光之子全流程Part5,已在档案,2014-12-14-video-01,
XODQ1Nzc5NjA4,2014-12-10 19:11,38:58,【女流】光之子全剧情流程Part 3,已在档案,2014-12-10-video-01,
XODQ0MTA5OTQ4,2014-12-08 11:53,19:41,【萨曼莎赢了】那些根本走不出的伤痛,已在档案,2014-12-08-video-01,
XODQyNzY5NzQ4,2014-12-06 13:27,33:06,【女流】光之子全剧情解说Part4,已在档案,2014-12-06-video-01,
XODM5MTgyNjM2,2014-12-01 13:21,06:41,【女流】谋杀篡位之后的安稳生活,已在档案,2014-12-01-video-01,
XODM1Mjg4MTA4,2014-11-26 11:40,39:09,《不玩也爱看》第14期：女流解说光之子全剧情流程Part2,已在档案,2014-11-26-video-01,
XODM1MTMyMTM2,2014-11-26 01:30,27:07,【女流】Perdition*灭亡*试玩解说,已在档案,2014-11-26-video-02,
XODMxODY5ODEy,2014-11-21 23:50,33:31,【优质电玩】*光之子*全剧情流程解说Part1,已在档案,2014-11-21-video-01,
XODI2Njg3MzIw,2014-11-14 22:09,43:08,【女流】不玩也爱看第10期：忍者神龟大挑战 年代记Part 2,已在档案,2014-11-14-video-01,
XODIyNTU3MzU2,2014-11-08 22:40,28:20,[不玩也爱看]还原魂斗罗剧情 年代记实况part1,已在档案,2014-11-08-video-01,
XODE2OTgzMTI4,2014-11-02 11:54,19:57,【不玩也爱看】女流给这个游戏跪了,已在档案,2014-11-02-video-01,
XODEwMzQyNDYw,2014-10-24 14:15,13:14,[女流]我的世界漂流记-不玩也爱看,已在档案,2014-10-24-video-01,
XODA1MTQyMDE2,2014-10-17 10:29,15:00,【不玩也爱看】女流：愤怒的小鸟背后感人至深的秘密,已在档案,2014-10-17-video-01,
XODAwMDQwMTg4,2014-10-09 20:53,11:33,【女流】不玩也爱看：挑战RAP植物大战僵尸,已在档案,2014-10-09-video-01,
XNzg1ODQ4ODIw,2014-09-19 10:42,38:47,[游戏新作]奇幻大陆的勇士Phoenitopia试玩Part1,已在档案,2014-09-19-video-01,
XNzgwNDUzMDYw,2014-09-12 17:58,18:23,【女流】升职加薪也是分分钟的事儿[Corporate Climber]解说,已在档案,2014-09-12-video-01,
XNzc4NTY1ODM2,2014-09-10 13:41,27:47,【女流】安琪拉之歌全剧情流程Part5,已在档案,2014-09-10-video-01,
XNzQ3MDE3OTcy,2014-07-27 21:16,09:15,【女流】CSonline机甲斗兽模式试玩解说,已在档案,2014-07-27-video-01,
XNjc3Njk1NTE2,2014-02-25 18:25,10:13,【女流】被玩坏了的FLAPPY BIRD,已在档案,2014-02-25-video-01,
XNjY1MTkwOTAw,2014-01-23 11:15,23:50,【女流】世界名画知多少？Famous Painting Parodies 2 解说,已在档案,2014-01-23-video-01,
XNjU4MzM5MTM2,2014-01-06 23:32,10:33,【女流】玩了这个整个人都不好了The Impossible Quiz 2,已在档案,2014-01-06-video-01,
XNjUwNDcyMTQw,2013-12-19 23:39,11:04,【女流】圣诞夜跑酷SANTA RUN 2试玩解说,已在档案,2013-12-19-video-01,
XNjQ3NjI5MjYw,2013-12-13 14:21,14:30,【女流】关于救赎Persist【坚持】解说,已在档案,2013-12-13-video-01,
XNjQ1OTY2MTI0,2013-12-09 19:57,18:14,【女流】下海做贼难自弃-the very organized thief解说,已在档案,2013-12-09-video-01,
XNjQxNzMxNzMy,2013-11-30 13:21,20:45,【女流】遇上话痨就要开外挂【危险的蝎子】The Scorpion Box解说,已在档案,2013-11-30-video-01,
XNjM4Mjc3ODg4,2013-11-22 19:39,32:18,【女流】又送小羊回家Home Sheep Home 2,已在档案,2013-11-22-video-01,
XNjM2NDM4NDY0,2013-11-18 18:39,17:03,【女流】被这款游戏彻底打败了,已在档案,2013-11-18-video-01,
XNjMyMzc3Nzg0,2013-11-09 01:57,45:12,【女流】不可信的肉眼：Naya's Quest试玩解说,已在档案,2013-11-09-video-01,
XNjI5Mjk1NDgw,2013-11-02 02:11,24:18,【女流】Enough Plumbers 2很多马里奥试玩解说,已在档案,2013-11-02-video-01,
XNjIzNzgwNzUy,2013-10-20 10:56,20:19,【女流】小游戏实况：小红球闯关RedBall4,已在档案,2013-10-20-video-01,
XNjIzMTYxMTY0,2013-10-18 19:42,13:18,【女流】自从玩了小游戏，妈妈再也不用担心我的厨艺（误）！,已在档案,2013-10-18-video-01,
XNjE1Mzg2OTMy,2013-09-30 09:34,31:57,【女流】Journey 风之旅人全流程赏析Part 3大结局,已在档案,2013-09-30-video-01,
XNjEzMjI2ODI0,2013-09-25 01:06,28:10,【女流】Journey 风之旅人全流程赏析Part 2,已在档案,2013-09-25-video-01,
XNjA4NDc0Mzg0,2013-09-13 10:24,29:26,【女流】Journey 风之旅人全流程赏析Part 1,已在档案,2013-09-13-video-01,
XNjAyNTgwODU2,2013-08-29 19:48,10:37,【女流】拆！系列拆键盘攻略解说,已在档案,2013-08-29-video-01,
XNTgzNzcxNTcy,2013-07-16 20:52,14:13,【女流】大叔的末日骑行,已在档案,2013-07-16-video-01,
XNDQzNTY0MDky,2012-08-26 22:01,23:42,【女流】唤醒盒子4试玩解说,已在档案,2012-08-26-video-01,
XNDA1NzE4OTA0,2012-05-31 23:35,20:25,【女流】儿童节送小羊回家,已在档案,2012-05-31-video-01,
XNDAxNzU1MzE2,2012-05-24 23:27,17:41,【hyun310＆女流】安琪拉之歌全剧情流程解说4（3宝物）,已在档案,2012-05-24-video-01,
XMzk5NjE3NjI0,2012-05-20 19:27,24:02,【女流】我来小填个坑儿【安琪拉之歌】全剧情流程3（Boss4）,已在档案,2012-05-20-video-01,
XMjI2NzA4Njc2,2010-12-02 08:56,12:12,【特别剪辑】纪念那些没能跟大家见面的小游戏录像,已在档案,2010-12-02-video-01,
XMjExOTQ1NDY4,2010-10-05 01:42,14:02,【女流】不择手段【唤醒盒子2】试玩,已在档案,2010-10-05-video-01,
XMjA3NjU0NDE2,2010-09-19 16:30,30:35,【女流】爱丽丝之死全系列解说,已在档案,2010-09-19-video-01,
XMjA0OTMwOTk2,2010-09-09 03:53,12:27,萝卜白菜，各有所爱,已在档案,2010-09-09-video-01,
XMTk0ODI1MDEy,2010-08-03 04:00,13:05,【女流】魔术师之梦（The Illusionist's Dream）解说,已在档案,2010-08-03-video-01,
XMTkzNTk2OTM2,2010-07-29 15:44,11:31,【女流】真伪笑容大判断,已在档案,2010-07-29-video-01,
XMTkyMTkyNDE2,2010-07-24 04:19,07:24,女流小游戏视频录制教学,已在档案,2010-07-24-video-01,
XMTkxNjU0NDMy,2010-07-22 01:19,17:46,【经典回顾】小婴儿逃脱系列2解说,已在档案,2010-07-22-video-01,
XMTg5OTYwNTE2,2010-07-15 19:12,17:15,【女流】心灵故事【灵魂魔术师】（又名独自为伴） 解说,已在档案,2010-07-15-video-01,
XMTg4ODQxMzcy,2010-07-11 15:34,15:55,GBA晚期神作之一【节奏天国A版】试玩解说,已在档案,2010-07-11-video-01,
XMTg4MzczNDAw,2010-07-09 20:11,09:07,是时候发泄怨念了,已在档案,2010-07-09-video-01,
XMTg3NzIzNTc2,2010-07-07 14:19,09:52,【女流】国内多人在线小游戏----我画你猜,已在档案,2010-07-07-video-01,
XMTg2NjU5NzEy,2010-07-03 15:55,05:45,【女流】想知道他的长相吗？来输入名字吧！,已在档案,2010-07-03-video-01,
XMTg1ODIxMjM2,2010-06-30 14:59,09:20,【女流】变态人生大冒险,已在档案,2010-06-30-video-01,
XMTg1MzkwMzc2,2010-06-29 00:12,07:23,【女流】囧死人的破游戏---向无数以分享乐趣为动力的小游戏制作者致敬,已在档案,2010-06-29-video-01,
XMTg1MTAwMjI0,2010-06-27 21:50,18:47,欢乐呀欢乐！欧洲超人气在线合作小游戏试玩解说,已在档案,2010-06-27-video-01,
XMTg0OTYwMzYw,2010-06-27 13:23,08:55,应景世界杯----足球小游戏三部曲,已在档案,2010-06-27-video-02,
XMTgzMzQ5MTcy,2010-06-21 12:24,01:58,女流忠告！心脏不好的千万别看。。。。,已在档案,2010-06-21-video-01,
XMTgyMDcxMzU2,2010-06-16 17:08,20:50,《安琪拉之歌》全剧情流程解说Part 2（Boss2Boss3）,已在档案,2010-06-16-video-01,
XMTgxMjgyODcy,2010-06-13 19:23,03:59,群星璀璨，怒骂怒骂,已在档案,2010-06-13-video-01,
XMTgwMjA1Nzg0,2010-06-09 21:19,25:10,《安琪拉之歌》全剧情流程解说Part 1,已在档案,2010-06-09-video-01,
XMTc5MDY3MzI4,2010-06-05 23:26,08:53,【女流】超级玛丽在小游戏界的各种遭遇,已在档案,2010-06-05-video-01,
XMTc3ODY4OTAw,2010-06-01 20:36,10:19,认认真真解说小游戏【测试类日本篇】,已在档案,2010-06-01-video-01,
XMTc2Nzk5NzQ4,2010-05-29 03:56,02:07,【女流】有只鸡，叫舞优,已在档案,2010-05-29-video-01,
XMTc0MDYwMjY4,2010-05-18 16:57,20:36,【女流】十大雷人小游戏排行榜,已在档案,2010-05-18-video-01,
XMTczMzM2NTYw,2010-05-16 00:14,06:43,【女流】动作类游戏女流也可以通关，奇迹,已在档案,2010-05-16-video-01,
XMTcyODY3MDQw,2010-05-14 13:38,10:53,【女流】还是只有这一关，This is the only level too 攻略,已在档案,2010-05-14-video-01,
XMTcyNjc3NTEy,2010-05-13 18:13,08:11,【女流】只有一关的过关游戏，This is The Only Level 攻略,已在档案,2010-05-13-video-02,
XMTcyNjIxNDMy,2010-05-13 14:41,05:22,【女流】Music in Motion ，音乐害死人呀。。,已在档案,2010-05-13-video-01,
XMTcyNDYzMzY4,2010-05-12 21:11,09:01,解谜类【Full Pipe】又名管道冒险通关攻略视频Part4,已在档案,2010-05-12-video-06,
XMTcyNDQ2ODE2,2010-05-12 20:17,12:54,解密类【Full Pipe】又名管道冒险通关攻略Part 3,已在档案,2010-05-12-video-05,
XMTcyNDEyNzky,2010-05-12 18:09,13:09,解谜类【Full Pipe】（又名管道冒险）通关攻略讲解Part2,已在档案,2010-05-12-video-04,
XMTcyMzgyODk2,2010-05-12 16:12,11:28,解谜类【Full Pipe】又名管道冒险通关攻略讲解Part 1,已在档案,2010-05-12-video-03,
XMTcyMzIzNDQ0,2010-05-12 12:43,09:38,【星探】系列4攻略视频,已在档案,2010-05-12-video-02,
XMTcyMzA2NTY4,2010-05-12 11:01,11:17,【星探】系列3攻略视频,已在档案,2010-05-12-video-01,
XMTcyMTY2MTky,2010-05-11 19:27,08:53,【星探】系列5攻略视频,已在档案,2010-05-11-video-03,
XMTcyMTU5NzYw,2010-05-11 19:13,13:38,【星探】系列2攻略视频,已在档案,2010-05-11-video-02,
XMTcyMTI2MDU2,2010-05-11 15:36,13:59,【星探】系列1攻略视频,已在档案,2010-05-11-video-01,
XMTcxOTM5NzEy,2010-05-10 20:33,12:53,【女流】小游戏也可以很暴力。。。第二弹,已在档案,2010-05-10-video-02,
XMTcxNjU2Mzk2,2010-05-09 17:25,16:16,【女流】迷你单机游戏之 阿扎达经典系列第二部,已在档案,2010-05-09-video-01,
XMTcxMzcyMjAw,2010-05-08 17:55,13:14,【女流】小型单机游戏之迷画之塔,已在档案,2010-05-08-video-01,
